handle,category_slug
"fuel-pump-assembly-for-tvs-pep-plus-bs6-zest-110-bs6-jupiter-110-bs6-ntorq-125-bs6-socket-4-pin-k6140720","fuel-pump-assembly"
"eauto-fuel-pump-assembly-for-honda-cb-shine-dio-livo-cd-110-dream-unicorn-bs6-hornet-160r-bs6","fuel-pump-assembly"
"eauto-fuel-pump-assembly-for-hero-pleasure-plus-bs6-destini-125-bs6","fuel-pump-assembly"
"eauto-fuel-pump-assembly-for-hero-xtreme-160r-bs6-stealth-4v","fuel-pump-assembly"
"eauto-fuel-pump-assembly-for-tvs-apache-rtr-310","fuel-pump-assembly"
"eauto-fuel-pump-assembly-for-tvs-apache-rr-310","fuel-pump-assembly"
"fuel-pump-assembly-for-yamaha-fz-s-v3-bs4-2022-present","fuel-pump-assembly"
"fuel-pump-assembly-for-yamaha-fz-v3","fuel-pump-assembly"
"2-inch-carxneo-black-phantom-ultra-100w-3-colour-projector-fog-lamp","head-light"
"carxneo-black-phantom-ultra-110w-3-colour-tri-color-led-fog-lamp-projector","head-light"
"carxneo-black-phantom-ultra-150w-3-colour-dual-laser-fog-lamp-projector","head-light"
"carxneo-black-phantom-110w-dual-laser-fog-lamp-projector-thar-creta-nexon","head-light"
"carxneo-black-phantom-70w-tri-color-led-projector-fog-lamp-creta-nexon-thar-swift","head-light"
"carxneo-90w-led-fog-lamp-projector-creta-nexon-thar","head-light"
"clutch-plate-for-honda-dream-yuga-paper-type","clutch-plate"
"clutch-plate-for-ktm-duke-200-rc-200-set-of-6","clutch-plate"
"eauto-bike-carburetor-for-honda-hornet-160-bs3-bs4-unicorn-160-bs3-bs4","carburetor"
"bikexneo-power-beam-pro-48w-motorcycle-led-headlight-bulb-high-performance-plug-play-universal-fit-1-year-warranty","led-bulb"
"bikexneo-power-beam-36w-motorcycle-led-headlight-bulb-ultra-bright-plug-play-h4-universal-fit-1-year-warranty","led-bulb"
"carxneo-pantherbeam-se-130-watt-powerful-car-led-bulb-set-of-2-h7-6000k-2-years-warranty","led-bulb"
"carxneo-pantherbeam-se-130-watt-powerful-car-led-bulb-set-of-2-h27-6000k-2-years-warranty","led-bulb"
"carxneo-pantherbeam-se-130-watt-powerful-car-led-bulb-set-of-2-9006-6000k-2-years-warranty","led-bulb"
"carxneo-pantherbeam-se-130-watt-powerful-car-led-bulb-set-of-2-9005-6000k-2-years-warranty","led-bulb"
"carxneo-pantherbeam-se-130-watt-powerful-car-led-bulb-set-of-2-h8-6000k-2-years-warranty","led-bulb"
"carxneo-pantherbeam-se-130-watt-powerful-car-led-bulb-set-of-2-h19-6000k-2-years-warranty","led-bulb"
"carxneo-pantherbeam-gold-260-watt-powerful-car-led-bulb-set-of-2-9012-6000k-2-years-warranty","led-bulb"
"carxneo-pantherbeam-gold-260-watt-powerful-car-led-bulb-set-of-2-h8-6000k-2-years-warranty","led-bulb"
"carxneo-pantherbeam-gold-260-watt-powerful-car-led-bulb-set-of-2-9006-6000k-2-years-warranty","led-bulb"
"carxneo-pantherbeam-gold-260-watt-powerful-car-led-bulb-set-of-2-9005-6000k-2-years-warranty","led-bulb"
"carxneo-pantherbeam-gold-260-watt-powerful-car-led-bulb-set-of-2-h7-6000k-2-years-warranty","led-bulb"
"carxneo-pantherbeam-gold-260-watt-powerful-car-led-bulb-set-of-2-h19-6000k-2-years-warranty","led-bulb"
"carxneo-pantherbeam-se-130-watt-powerful-car-led-bulb-set-of-2-h1-6000k-2-years-warranty","led-bulb"
"carxneo-pantherbeam-gold-260-watt-powerful-car-led-bulb-set-of-2-h1-6000k-2-years-warranty","led-bulb"
"carxneo-pantherbeam-200-watt-powerful-car-led-bulb-set-of-2-h27-4300k-2-years-warranty","led-bulb"
"carxneo-pantherbeam-200-watt-powerful-car-led-bulb-set-of-2-9012-4300k-2-years-warranty","led-bulb"
"carxneo-pantherbeam-200-watt-powerful-car-led-bulb-set-of-2-9006-4300k-2-years-warranty","led-bulb"
"carxneo-pantherbeam-200-watt-powerful-car-led-bulb-set-of-2-9005-4300k-2-years-warranty","led-bulb"
"carxneo-pantherbeam-200-watt-powerful-car-led-bulb-set-of-2-h8-4300k-2-years-warranty","led-bulb"
"carxneo-pantherbeam-200-watt-powerful-car-led-bulb-set-of-2-h4-h19-4300k-2-years-warranty","led-bulb"
"carxneo-pantherbeam-200-watt-powerful-car-led-bulb-set-of-2-h7-4300k-2-years-warranty","led-bulb"
"carxneo-pantherbeam-200-watt-powerful-car-led-bulb-set-of-2-h1-4300k-2-years-warranty","led-bulb"
"carxneo-pantherbeam-200-watt-powerful-car-led-bulb-set-of-2-9012-2-years-warranty","led-bulb"
"carxneo-pantherbeam-200-watt-powerful-car-led-bulb-set-of-2-h27-2-years-warranty-copy","led-bulb"
"carxneo-pantherbeam-200-watt-powerful-car-led-bulb-set-of-2-9006-2-years-warranty","led-bulb"
"carxneo-pantherbeam-200-watt-powerful-car-led-bulb-set-of-2-9005-2-years-warranty","led-bulb"
"carxneo-pantherbeam-200-watt-powerful-car-led-bulb-set-of-2-h8-2-years-warranty-copy","led-bulb"
"carxneo-pantherbeam-200-watt-powerful-car-led-bulb-set-of-2-h7-2-years-warranty-copy-copy-copy","led-bulb"
"carxneo-pantherbeam-200-watt-powerful-car-led-bulb-set-of-2-h1-2-years-warranty","led-bulb"
"carxneo-pantherbeam-200-watt-powerful-car-led-bulb-set-of-2-h4-2-years-warranty","led-bulb"
"carxneo-pantherbeam-200-watts-car-led-bulb-set-of-2-h4-h19","led-bulb"
"handle-bar-switch-for-royal-enfield-bullet-left-hand","handle-bar-switch"
"pricol-analog-speedometer-for-hero-splendor-plus-grey-white-dial","speedometer"
"tank-cover-for-yamaha-fz-fz16-fz-s-v1-deep-red-set-of-3","petrol-tank"
"pricol-analog-speedometer-for-hero-cbz-xtreme-old-model","speedometer"
"eauto-cdi-for-yamaha-rx-100-6v-3-2pin","cdi"
"eauto-cdi-for-yamaha-crux-libero-yd-110-smal-size-biack-coupler-colour","cdi"
"eauto-cdi-for-tvs-victor-gl-victorgx-6-2-2-1-pin-with-flasher-colour","cdi"
"eauto-cdi-for-tvs-victor-6-2-1-pin-part-no-n2060080","cdi"
"eauto-cdi-for-tvs-star-110-4-2-1-pin-part-no-n530","cdi"
"eauto-cdi-for-tvs-centra-7-2-1-pin","cdi"
"eauto-cdi-for-suzuki-gixxer-part-no-32900-34j00","cdi"
"eauto-cdi-for-suzuki-hayate-part-no-32900-23j00-000","cdi"
"eauto-cdi-for-tvs-scooty-pep-plus-bs4-3-6-2-2-1-yellow-colour","cdi"
"eauto-cdi-for-royal-enfield-thunderbird-350-2-4-2-pin-part-no-tcci-enfd-5707-green-colour","cdi"
"eauto-cdi-for-royal-enfield-bullet-350-2-4-2-pin-part-no-tcci-enfd-5938-blue-colour","cdi"
"eauto-cdi-for-royal-enfield-bullet-350-3-phase-2-4-2-pin-part-no-tcci-enfd-1467-black-colour","cdi"
"eauto-cdi-for-royal-enfield-bullet-350-single-phase-2-4-pin-part-no-tcci-enfd-1499","cdi"
"eauto-cdi-for-honda-activa-5g-feb-2019-model-7-pin-part-no-30410-kwph11","cdi"
"eauto-cdi-for-honda-activa-3g-4-3-pin-part-no-kwph","cdi"
"eauto-cdi-for-hero-maestro-activa-110-4-2-4-pin","cdi"
"eauto-cdi-for-hero-splendor-ismart-old-splendor-i3s-4-2-pin-part-no-aad1","cdi"
"eauto-cdi-for-bajaj-discover-125-bs4-4-2-pin-part-no-jz351214-sky-blue-colour","cdi"
"eauto-cdi-for-bajaj-ct-100-es-2018-model-6-pin-part-no-pf351224-grey-colour","cdi"
"eauto-cdi-for-hero-karizma-8-pin-part-no-30410-kry-900-38770-ktr-942","cdi"
"eauto-cdi-for-hero-cbz-4-2-pin","cdi"
"side-panel-for-hero-glamour-type-2-type7-sticker-silver-colour","side-panel"
"side-panel-for-hero-glamour-type-2-type7-sticker-sports-red-colour","side-panel"
"side-panel-for-hero-glamour-type-2-type7-sticker-black-silver-colour","side-panel"
"side-panel-for-hero-glamour-type-2-type7-sticker-black-red-colour","side-panel"
"side-panel-for-hero-glamour-type-2-type7-sticker-black-blue-colour","side-panel"
"side-panel-for-hero-glamour-type1-asfs-l-blue-colour","side-panel"
"side-panel-for-hero-glamour-type1-asfs-sports-red-colour","side-panel"
"side-panel-for-hero-glamour-type1-asfs-black-red-colour","side-panel"
"side-panel-for-hero-glamour-type1-new-model-silver-black-colour","side-panel"
"side-panel-for-hero-glamour-new-model-type1-forest-blue-colour","side-panel"
"side-panel-for-hero-glamour-new-model-type1-sports-red-colour","side-panel"
"side-panel-for-hero-glamour-type1-new-model-black-silver-colour","side-panel"
"side-panel-for-hero-glamour-new-model-type1-black-red-colour","side-panel"
"side-panel-for-hero-glamour-new-model-type1-black-blue-colour","side-panel"
"side-panel-for-hero-cd-100-deluxe-hf-100-deluxe-bs6-model-t-blue-colour","side-panel"
"side-panel-for-hero-cd-100-deluxe-hf-100-deluxe-bs6-model-h-grey-colour","side-panel"
"side-panel-for-hero-cd-100-deluxe-hf-100-deluxe-bs6-model-black-silver-colour","side-panel"
"side-panel-for-hero-cd-100-deluxe-hf-100-deluxe-bs6-model-black-red-colour","side-panel"
"side-panel-for-hero-cd-100-deluxe-hf-100-deluxe-bs6-model-black-blue-colour","side-panel"
"side-panel-for-hero-cd-100-deluxe-hf-100-deluxe-2019-model-type2-red-colour","side-panel"
"side-panel-for-hero-cd-100-deluxe-hf-100-deluxe-2019-model-type2-h-grey-colour","side-panel"
"side-panel-for-hero-cd-100-deluxe-hf-100-deluxe-2019-model-type2-black-silver-colour","side-panel"
"side-panel-for-hero-cd-100-deluxe-hf-100-deluxe-2019-model-type2-black-red-colour","side-panel"
"side-panel-for-hero-cd-100-deluxe-hf-100-deluxe-2019-model-type2-black-blue-colour","side-panel"
"side-panel-for-hero-cd-100-deluxe-hf-100-deluxe-2016-model-type1-eco-green-colour","side-panel"
"side-panel-for-hero-cd-100-deluxe-hf-100-deluxe-2016-model-type1-wine-red-colour","side-panel"
"side-panel-for-hero-cd-100-deluxe-hf-100-deluxe-2016-model-type1-red-colour","side-panel"
"side-panel-for-hero-cd-100-deluxe-hf-100-deluxe-2016-model-type1-silver-red-colour","side-panel"
"side-panel-for-hero-cd-100-deluxe-hf-100-deluxe-2016-model-type1-black-purple-colour","side-panel"
"side-panel-for-hero-cd-100-deluxe-hf-100-deluxe-2016-model-type1-black-red-colour","side-panel"
"side-panel-for-hero-cd-100-deluxe-hf-100-deluxe-2016-model-type1-black-blue-colour","side-panel"
"side-panel-for-hero-cd-100-deluxe-2012-model-type4-sticker-eco-leaf-green-colour","side-panel"
"side-panel-for-hero-cd-100-deluxe-2012-model-type4-sticker-red-colour","side-panel"
"side-panel-for-hero-cd-100-deluxe-2012-model-type4-sticker-wine-red-colour","side-panel"
"side-panel-for-hero-cd-100-deluxe-2012-model-type4-sticker-silver-red-colour","side-panel"
"side-panel-for-hero-cd-100-deluxe-2012-model-type4-sticker-black-red-colour","side-panel"
"side-panel-for-hero-cd-100-deluxe-2012-model-type4-sticker-black-blue-colour","side-panel"
"side-panel-for-hero-cd-100-deluxe-2010-model-type3-sticker-red-colour","side-panel"
"side-panel-for-hero-cd-100-deluxe-2010-model-type3-sticker-silver-red-colour","side-panel"
"side-panel-for-hero-cd-100-deluxe-2010-model-type3-sticker-black-red-colour","side-panel"
"side-panel-for-hero-cd-100-deluxe-2010-model-type3-sticker-black-blue-colour","side-panel"
"side-panel-for-hero-cd-100-deluxe-2008-model-type2-sticker-wine-red-colour","side-panel"
"side-panel-for-hero-cd-100-deluxe-2008-model-type2-sticker-silver-blue-colour","side-panel"
"side-panel-for-hero-cd-100-deluxe-2008-model-type2-sticker-red-colour","side-panel"
"side-panel-for-hero-cd-100-deluxe-2008-model-type2-sticker-black-red-colour","side-panel"
"side-panel-for-hero-cd-100-deluxe-2008-model-type2-sticker-black-blue-colour","side-panel"
"side-panel-for-hero-cd-100-deluxe-old-model-blue-colour","side-panel"
"side-panel-for-hero-cd-100-deluxe-old-model-silver-colour","side-panel"
"side-panel-for-hero-cd-100-deluxe-old-model-black-red-colour","side-panel"
"side-panel-for-hero-cd-100-deluxe-old-model-black-blue-colour","side-panel"
"eauto-petrol-tank-for-tvs-phoenix-125-black-with-red-sticker","petrol-tank"
"eauto-petrol-tank-for-tvs-phoenix-125-red-with-black-sticker","petrol-tank"
"eauto-petrol-tank-for-bajaj-platina-new-model-blue","petrol-tank"
"eauto-petrol-tank-for-honda-shine-bs6-blue-2020-present-models","petrol-tank"
"ensons-petrol-tank-for-royal-enfield-bullet-classic-350-bs3-old-model-before-apr-2014-models-black-golden-colour","petrol-tank"
"head-light-set-for-honda-cb-trigger","head-light"
"ensons-petrol-tank-for-yamaha-rx100-rx135-rxg-light-green","petrol-tank"
"ensons-petrol-tank-for-yamaha-rx100-rx135-rxg-shiny-grey","petrol-tank"
"ensons-petrol-tank-for-yamaha-rx100-rx135-rxg-matte-grey","petrol-tank"
"ensons-petrol-tank-for-yamaha-rx100-6-volt-grey-or-silver","petrol-tank"
"ensons-petrol-tank-for-yamaha-rx100-6-volt-red","petrol-tank"
"ensons-petrol-tank-for-yamaha-rx100-rx135-rxg-type-2-green","petrol-tank"
"ensons-petrol-tank-for-yamaha-rx100-rx135-rxg-type-2-purple-blue-1","petrol-tank"
"ensons-petrol-tank-for-yamaha-rx100-rx135-rxg-type-2-purple-blue","petrol-tank"
"eauto-analog-speedometer-assembly-for-bajaj-platina-100-es-8-pin-white-coupler","speedometer"
"digital-speedometer-for-yamaha-fascino-125","speedometer"
"techlon-bike-carburetor-for-tvs-jupiter-wego-models-till-2016-bs3-models","carburetor"
"side-panel-for-hero-passion-bs6-set-of-4-h-grey-colour","side-panel"
"side-panel-for-hero-passion-bs6-set-of-4-sports-red-colour","side-panel"
"side-panel-for-hero-passion-bs6-set-of-4-black-red-colour","side-panel"
"side-panel-for-hero-passion-x-pro-type-2-set-of-4-l-blue-colour","side-panel"
"side-panel-for-hero-passion-x-pro-type-2-set-of-4-sports-red-colour","side-panel"
"side-panel-for-hero-passion-x-pro-type-2-set-of-4-black-red-colour","side-panel"
"side-panel-for-hero-passion-pro-digital-model-heavy-grey-black-colour","side-panel"
"side-panel-for-hero-passion-pro-digital-model-l-blue-colour","side-panel"
"side-panel-for-hero-passion-pro-digital-model-sports-red-black-colour","side-panel"
"side-panel-for-hero-passion-pro-digital-model-black-red-colour","side-panel"
"side-panel-for-hero-passion-pro-digital-model-black-silver-colour","side-panel"
"side-panel-for-hero-passion-pro-digital-model-black-blue-colour","side-panel"
"side-panel-for-hero-passion-pro-type-1-sports-red-black-colour","side-panel"
"side-panel-for-hero-passion-pro-type-1-black-green-colour","side-panel"
"side-panel-for-hero-passion-pro-type-1-black-grey-colour","side-panel"
"side-panel-for-hero-passion-pro-type-1-black-red-colour","side-panel"
"side-panel-for-hero-passion-pro-type-1-black-blue-colour","side-panel"
"side-panel-for-hero-super-splendor-type1-z-sticker-silver-red-colour","side-panel"
"side-panel-for-hero-super-splendor-type1-z-sticker-silver-blue-colour","side-panel"
"side-panel-for-hero-splendor-nxg-red-colour","side-panel"
"side-panel-for-hero-splendor-bs6-2021-model-black-purple-colour","side-panel"
"side-panel-for-hero-splendor-bs6-2020-model-both-side-nut-bolt-silver-blue-colour","side-panel"
"side-panel-for-hero-splendor-pro-wine-red-colour","side-panel"
"side-panel-for-hero-splendor-plus-silver-red-colour","side-panel"
"engine-guard-for-tvs-apache-rtr-160-new-model-apache-rtr-180-new-model-set-of-3-titanium-grey","engine"
"side-panel-for-hero-passion-2016-model-set-of-4-black-silver-colour","side-panel"
"side-panel-for-hero-passion-2016-model-set-of-4-sports-red-colour","side-panel"
"side-panel-for-hero-passion-2016-model-set-of-4-forst-blue-colour","side-panel"
"side-panel-for-hero-passion-2016-model-set-of-4-heavy-grey-colour","side-panel"
"side-panel-for-hero-passion-2016-model-set-of-4-black-red-colour","side-panel"
"side-panel-for-hero-passion-alloy-wheel-l-blue-black-colour","side-panel"
"side-panel-for-hero-passion-alloy-wheel-black-silver-colour","side-panel"
"side-panel-for-hero-passion-alloy-wheel-h-red-black-colour","side-panel"
"side-panel-for-hero-passion-alloy-wheel-black-red-colour","side-panel"
"side-panel-for-hero-passion-alloy-wheel-black-blue-colour","side-panel"
"side-panel-for-hero-passion-plus-wine-red-colour","side-panel"
"side-panel-for-hero-passion-plus-yellow-colour","side-panel"
"side-panel-for-hero-passion-plus-silver-blue-colour","side-panel"
"side-panel-for-hero-passion-plus-t-blue-colour","side-panel"
"side-panel-for-hero-passion-plus-red-colour","side-panel"
"side-panel-for-hero-passion-plus-d-silver-red-colour","side-panel"
"side-panel-for-hero-passion-plus-black-yellow-colour","side-panel"
"side-panel-for-hero-passion-plus-black-orange-colour","side-panel"
"side-panel-for-hero-passion-plus-black-blue-colour","side-panel"
"side-panel-for-hero-passion-old-model-turqoise-blue-colour","side-panel"
"side-panel-for-hero-passion-old-model-silver-colour","side-panel"
"side-panel-for-hero-passion-old-model-red-colour","side-panel"
"side-panel-for-hero-passion-old-model-m-blue-colour","side-panel"
"side-panel-for-hero-passion-old-model-black-golden-colour","side-panel"
"side-panel-for-hero-super-splendor-type-2-type-7-sticker-red-colour","side-panel"
"side-panel-for-hero-super-splendor-type-2-type-7-sticker-black-silver-colour","side-panel"
"side-panel-for-hero-super-splendor-type-2-type-7-sticker-black-red-colour","side-panel"
"side-panel-for-hero-super-splendor-type-2-type-7-sticker-black-blue-colour","side-panel"
"side-panel-for-hero-super-splendor-type-2-type-6-sticker-black-silver-colour","side-panel"
"side-panel-for-hero-super-splendor-type-2-type-4-sticker-red-colour","side-panel"
"side-panel-for-hero-super-splendor-type-2-type-4-sticker-blue-colour","side-panel"
"side-panel-for-hero-super-splendor-type-2-type-4-sticker-black-silver-colour","side-panel"
"side-panel-for-hero-super-splendor-type-2-type-4-sticker-black-blue-colour","side-panel"
"side-panel-for-hero-super-splendor-type-2-type-4-sticker-black-red-colour","side-panel"
"side-panel-for-hero-super-splendor-type1-wine-red-colour","side-panel"
"side-panel-for-hero-super-splendor-type1-silver-colour","side-panel"
"side-panel-for-hero-super-splendor-type1-red-colour","side-panel"
"side-panel-for-hero-super-splendor-type1-l-blue-colour","side-panel"
"side-panel-for-hero-super-splendor-type1-d-blue-colour","side-panel"
"side-panel-for-hero-super-splendor-type1-black-red-colour","side-panel"
"side-panel-for-hero-super-splendor-type1-black-blue-colour","side-panel"
"side-panel-for-hero-splendor-nxg-black-red-colour","side-panel"
"side-panel-for-hero-splendor-nxg-black-blue-colour","side-panel"
"side-panel-for-hero-splendor-ismart-type1-silver-grey-colour","side-panel"
"side-panel-for-hero-splendor-ismart-type1-silver-green-colour","side-panel"
"side-panel-for-hero-splendor-ismart-type1-black-red-colour","side-panel"
"side-panel-for-hero-splendor-ismart-type1-silver-blue-colour","side-panel"
"side-panel-for-hero-splendor-ismart-type1-silver-red-colour","side-panel"
"side-panel-for-hero-splendor-ismart-type1-silver-black-colour","side-panel"
"side-panel-for-hero-splendor-pro-red-colour","side-panel"
"side-panel-for-hero-splendor-pro-heavy-grey-green-colour","side-panel"
"side-panel-for-hero-splendor-pro-eco-green-colour","side-panel"
"side-panel-for-hero-splendor-pro-black-silver-colour","side-panel"
"side-panel-for-hero-splendor-pro-black-red-colour","side-panel"
"side-panel-for-hero-splendor-pro-black-blue-colour","side-panel"
"side-panel-for-hero-splendor-alloy-wheel-silver-blue-colour","side-panel"
"side-panel-for-hero-splendor-alloy-wheel-red-orange-colour","side-panel"
"side-panel-for-hero-splendor-alloy-wheel-black-purple-colour","side-panel"
"side-panel-for-hero-splendor-alloy-wheel-black-grey-colour","side-panel"
"side-panel-for-hero-splendor-alloy-wheel-black-blue-colour","side-panel"
"side-panel-for-hero-splendor-plus-black-orange-colour","side-panel"
"side-panel-for-hero-splendor-plus-black-red-colour","side-panel"
"side-panel-for-hero-splendor-plus-black-yellow-colour","side-panel"
"side-panel-for-hero-splendor-plus-turqoise-blue-colour","side-panel"
"side-panel-for-hero-splendor-plus-red-colour","side-panel"
"side-panel-for-hero-splendor-plus-black-blue-colour","side-panel"
"side-panel-for-hero-splendor-new-model-y2k-black-purple-colour","side-panel"
"side-panel-for-hero-splendor-new-model-silver-colour","side-panel"
"side-panel-for-hero-splendor-new-model-red-colour","side-panel"
"side-panel-for-hero-splendor-new-model-m-blue-colour","side-panel"
"side-panel-for-hero-splendor-new-model-black-colour","side-panel"
"side-panel-for-hero-splendor-old-model-red-colour","side-panel"
"side-panel-for-hero-splendor-old-model-black-colour","side-panel"
"rear-shock-absorber-for-tvs-phoenix-set-of-2-red-black-colour","shock-absorber"
"eauto-fuel-pump-assembly-for-hero-xtreme-200-bs6-xpulse-200-bs6-2020-present","fuel-pump-assembly"
"eauto-fuel-pump-assembly-for-hero-apache-rtr-200-4v-2018-present","fuel-pump-assembly"
"eauto-fuel-pump-motor-for-tvs-apache-rtr-200-2v-2018-present","fuel-pump-assembly"
"ucal-bike-carburetor-for-tvs-apache-rtr-160-bs4","carburetor"
"rear-mono-shock-absorber-for-hero-impulse-150","shock-absorber"
"eauto-digital-speedometer-for-bajaj-pulsar-150-ug3-ug4-180-ug3-ug4-220-ug3-ug4","speedometer"
"rear-shock-absorber-for-yamaha-fz-fz-250-fazer-250-fz-fz-s-fz-fi-fz-v2-fz-16-fz-v3-fazer-black-colour","shock-absorber"
"spark-minda-ignition-lock-set-for-hero-hf-deluxe-bs4","ignition-lock-set"
"rear-disc-brake-master-cylinder-assembly-for-honda-hornet-1","brakes"
"mukut-rear-disc-brake-master-cylinder-assembly-with-pipe-royal-enfield-bullet-all-model","brakes"
"rear-disc-brake-master-cylinder-assembly-for-honda-hornet","brakes"
"rear-disc-brake-master-cylinder-assembly-for-yamaha-r15-v1","brakes"
"rear-disc-brake-master-cylinder-assembly-for-honda-cbr-150","brakes"
"rear-disc-brake-master-cylinder-assembly-for-honda-cbr-151","brakes"
"rear-disc-brake-master-cylinder-assembly-for-suzuki-gixxer","brakes"
"rear-disc-brake-master-cylinder-assembly-for-tvs-apache-rtr-160-with-pipe","brakes"
"rear-disc-brake-master-cylinder-assembly-for-bajaj-pulsar-200-ns-with-pipe","brakes"
"rear-shock-absorber-for-hero-cbz-xtreme-old-model-without-gas-achiever-150-cc","shock-absorber"
"rear-mono-shock-absorber-for-honda-unicorn-150-cb-unicorn-dazzler","shock-absorber"
"rear-mono-shock-absorber-for-bajaj-pulsar-200-ns-as-rs-160-ns-as-150-ns-as-with-nitrox-gas","shock-absorber"
"rear-shock-absorber-for-hero-hunk-cbz-xtreme-type-3-karizma-zmr-nitrox-gas-filled","shock-absorber"
"rear-mono-shock-absorber-for-bajaj-discover-125-st-150f-with-gas","shock-absorber"
"front-fork-assembly-for-royal-enfield-hunter-350-retro-hunter-350-metro-set-of-2","fork-assembly"
"front-fork-assembly-for-honda-hornet-160-bs6-2020-cont-unicorn-160-bs6-2020-cont-set-of-2","fork-assembly"
"graphics-sticker-set-for-hero-honda-hunk-type-2-red-vehicle","sticker-set"
"graphics-sticker-set-for-hero-honda-hunk-type-2-black-vehicle","sticker-set"
"graphics-sticker-set-for-hero-honda-ignitor-black-vehicle","sticker-set"
"graphics-sticker-set-for-hero-honda-ignitor-red-vehicle","sticker-set"
"graphics-sticker-set-for-hero-honda-sleek-black-vehicle","sticker-set"
"graphics-sticker-set-for-hero-honda-sleek-red-vehicle","sticker-set"
"graphics-sticker-set-for-hero-honda-ambition-yellow-vehicle","sticker-set"
"graphics-sticker-set-for-hero-honda-ambition-silver-vehicle","sticker-set"
"graphics-sticker-set-for-hero-honda-ambition-mehroon-vehicle","sticker-set"
"graphics-sticker-set-for-hero-honda-ambition-red-vehicle","sticker-set"
"graphics-sticker-set-for-hero-honda-ambition-blue-vehicle","sticker-set"
"graphics-sticker-set-for-hero-honda-ambition-black-vehicle","sticker-set"
"graphics-sticker-set-for-hero-honda-duet-matte-grey-vehicle-red-sticker","sticker-set"
"graphics-sticker-set-for-hero-honda-duet-pearl-white-vehicle-blue-sticker","sticker-set"
"graphics-sticker-set-for-hero-honda-duet-red-sticker","sticker-set"
"graphics-sticker-set-for-hero-honda-duet-grey-vehicle-grey-silver-sticker","sticker-set"
"graphics-sticker-set-for-hero-honda-duet-black-vehicle-black-red-sticker","sticker-set"
"graphics-sticker-set-for-hero-maestro-edge-type-4-blue-shield-sticker","sticker-set"
"graphics-sticker-set-for-hero-maestro-edge-type-4-red-shield-sticker","sticker-set"
"graphics-sticker-set-for-hero-maestro-edge-type-4-white-shield-sticker","sticker-set"
"graphics-sticker-set-for-hero-maestro-edge-type-4-black-blue-sticker","sticker-set"
"graphics-sticker-set-for-hero-maestro-edge-type-2-black-red-sticker","sticker-set"
"graphics-sticker-set-for-hero-maestro-edge-type-2-black-blue-sticker","sticker-set"
"graphics-sticker-set-for-hero-maestro-type-1-black-shield-sticker","sticker-set"
"graphics-sticker-set-for-hero-maestro-type-1-silver-shield-sticker","sticker-set"
"graphics-sticker-set-for-hero-pleasure-type-7-red-shield-sticker","sticker-set"
"graphics-sticker-set-for-hero-pleasure-type-6-white-shield-sticker","sticker-set"
"graphics-sticker-set-for-hero-pleasure-type-6-grey-shield-sticker","sticker-set"
"graphics-sticker-set-for-hero-honda-pleasure-green-sticker","sticker-set"
"graphics-sticker-set-for-hero-honda-pleasure-blue-sticker","sticker-set"
"graphics-sticker-set-for-yamaha-r15s-v3-abs-blue-vehicle-black-grey-sticker","sticker-set"
"graphics-sticker-set-for-hero-honda-pleasure-wine-red-sticker","sticker-set"
"graphics-sticker-set-for-hero-honda-pleasure-red-sticker","sticker-set"
"graphics-sticker-set-for-hero-honda-pleasure-set-of-3-black-shield-sticker","sticker-set"
"graphics-sticker-set-for-hero-honda-pleasure-set-of-3-red-shield-sticker","sticker-set"
"graphics-sticker-set-for-hero-honda-pleasure-set-of-3-white-shield-sticker","sticker-set"
"graphics-sticker-set-for-hero-honda-pleasure-grey-shield-sticker","sticker-set"
"graphics-sticker-set-for-hero-honda-pleasure-purple-shield-sticker","sticker-set"
"graphics-sticker-set-for-yamaha-r15s-v3-abs-blue-vehicle-blue-grey-sticker","sticker-set"
"graphics-sticker-set-for-hero-honda-pleasure-red-shield-sticker","sticker-set"
"graphics-sticker-set-for-hero-honda-pleasure-white-shield-sticker","sticker-set"
"graphics-sticker-set-for-hero-karizma-zmr-fi-type-2-red-vehicle","sticker-set"
"graphics-sticker-set-for-hero-karizma-zmr-fi-type-2-black-vehicle","sticker-set"
"graphics-sticker-set-for-hero-karizma-zmr-fi-type-1-white-vehicle","sticker-set"
"graphics-sticker-set-for-hero-honda-karizma-r-sports-type-2-yellow-vehicle","sticker-set"
"graphics-sticker-set-for-hero-honda-karizma-r-sports-type-2-white-vehicle","sticker-set"
"graphics-sticker-set-for-hero-honda-karizma-r-sports-type-2-grey-vehicle-red-sticker","sticker-set"
"graphics-sticker-set-for-hero-honda-karizma-r-sports-type-2-black-vehicle","sticker-set"
"graphics-sticker-set-for-hero-honda-karizma-r-type-1-yellow-vehicle","sticker-set"
"graphics-sticker-set-for-hero-honda-karizma-r-type-1-red-vehicle","sticker-set"
"graphics-sticker-set-for-hero-honda-karizma-r-type-1-black-vehicle","sticker-set"
"graphics-sticker-set-for-hero-glamour-i3s-bs6-type-10-grey-vehicle-green-sticker","sticker-set"
"graphics-sticker-set-for-hero-glamour-i3s-bs6-type-10-red-vehicle-red-sticker","sticker-set"
"graphics-sticker-set-for-hero-glamour-i3s-bs6-type-10-black-vehicle-grey-sticker","sticker-set"
"graphics-sticker-set-for-hero-glamour-i3s-bs6-type-10-black-vehicle-blue-sticker","sticker-set"
"graphics-sticker-set-for-hero-glamour-i3s-type-9-red-vehicle","sticker-set"
"graphics-sticker-set-for-hero-glamour-i3s-type-9-blue-vehicle","sticker-set"
"graphics-sticker-set-for-hero-glamour-i3s-type-9-black-vehicle-red-sticker","sticker-set"
"graphics-sticker-set-for-hero-glamour-i3s-type-8-red-vehicle","sticker-set"
"graphics-sticker-set-for-hero-glamour-i3s-type-8-black-vehicle-grey-sticker","sticker-set"
"graphics-sticker-set-for-hero-glamour-i3s-type-8-black-vehicle-red-sticker","sticker-set"
"graphics-sticker-set-for-hero-glamour-i3s-type-8-black-vehicle-blue-sticker","sticker-set"
"graphics-sticker-set-for-hero-glamour-type-7-asfs-black-vehicle-grey-sticker","sticker-set"
"graphics-sticker-set-for-hero-glamour-type-7-asfs-black-vehicle-red-sticker","sticker-set"
"graphics-sticker-set-for-hero-glamour-type-7-asfs-black-vehicle-blue-sticker","sticker-set"
"graphics-sticker-set-for-hero-glamour-type-6-asfs-silver-vehicle-blue-sticker","sticker-set"
"graphics-sticker-set-for-hero-glamour-type-6-asfs-silver-vehicle","sticker-set"
"graphics-sticker-set-for-hero-glamour-type-6-asfs-red-vehicle","sticker-set"
"graphics-sticker-set-for-hero-glamour-type-6-asfs-black-vehicle-red-sticker","sticker-set"
"graphics-sticker-set-for-hero-glamour-type-6-asfs-black-vehicle-blue-sticker","sticker-set"
"graphics-sticker-set-for-hero-glamour-type-5-asfs-red-vehicle","sticker-set"
"graphics-sticker-set-for-hero-glamour-type-5-asfs-black-vehicle-orange-sticker","sticker-set"
"graphics-sticker-set-for-hero-glamour-type-5-asfs-black-vehicle-grey-sticker","sticker-set"
"graphics-sticker-set-for-hero-glamour-type-5-asfs-black-vehicle-red-sticker","sticker-set"
"graphics-sticker-set-for-hero-glamour-type-5-asfs-black-vehicle-blue-sticker","sticker-set"
"graphics-sticker-set-for-hero-honda-glamour-type-2-yellow-vehicle","sticker-set"
"graphics-sticker-set-for-hero-honda-glamour-type-2-silver-vehicle","sticker-set"
"graphics-sticker-set-for-hero-honda-glamour-type-2-red-vehicle","sticker-set"
"graphics-sticker-set-for-hero-honda-glamour-type-2-black-vehicle-silver-sticker","sticker-set"
"graphics-sticker-set-for-hero-honda-glamour-type-2-black-vehicle-red-sticker","sticker-set"
"graphics-sticker-set-for-hero-honda-glamour-type-2-black-vehicle-blue-sticker","sticker-set"
"graphics-sticker-set-for-hero-xpulse-200t-black-vehicle","sticker-set"
"graphics-sticker-set-for-hero-xpulse-200-green-vehicle","sticker-set"
"graphics-sticker-set-for-hero-xpulse-200-white-vehicle","sticker-set"
"graphics-sticker-set-for-hero-xpulse-200-red-vehicle","sticker-set"
"graphics-sticker-set-for-hero-xpulse-200-grey-vehicle","sticker-set"
"graphics-sticker-set-for-hero-xpulse-200-black-vehicle","sticker-set"
"graphics-sticker-set-for-hero-xtreme-160r-bs6-type-5-blue-vehicle","sticker-set"
"graphics-sticker-set-for-hero-xtreme-160r-bs6-type-5-red-vehicle","sticker-set"
"graphics-sticker-set-for-hero-xtreme-160r-bs6-type-5-white-vehicle","sticker-set"
"graphics-sticker-set-for-hero-xtreme-200r-abs-black-vehicle-orange-sticker","sticker-set"
"graphics-sticker-set-for-hero-xtreme-200r-abs-black-vehicle-silver-sticker","sticker-set"
"graphics-sticker-set-for-hero-xtreme-200r-abs-black-vehicle-red-sticker","sticker-set"
"graphics-sticker-set-for-hero-xtreme-200r-abs-red-vehicle-black-sticker","sticker-set"
"graphics-sticker-set-for-hero-xtreme-200r-abs-blue-vehicle-black-sticker","sticker-set"
"graphics-sticker-set-for-hero-xtreme-sports-orange-vehicle","sticker-set"
"graphics-sticker-set-for-hero-xtreme-sports-silver-vehicle","sticker-set"
"graphics-sticker-set-for-hero-xtreme-sports-red-vehicle","sticker-set"
"graphics-sticker-set-for-hero-xtreme-sports-black-vehicle-grey-sticker","sticker-set"
"graphics-sticker-set-for-hero-xtreme-sports-black-vehicle-red-sticker","sticker-set"
"graphics-sticker-set-for-hero-cbz-xtreme-type-4-silver-vehicle","sticker-set"
"graphics-sticker-set-for-hero-cbz-xtreme-type-4-red-vehicle","sticker-set"
"graphics-sticker-set-for-hero-cbz-xtreme-type-4-black-vehicle","sticker-set"
"graphics-sticker-set-for-hero-honda-cbz-xtreme-type-3-silver-vehicle","sticker-set"
"graphics-sticker-set-for-hero-honda-cbz-xtreme-type-3-red-vehicle","sticker-set"
"graphics-sticker-set-for-hero-honda-cbz-xtreme-type-3-black-vehicle","sticker-set"
"graphics-sticker-set-for-hero-cbz-xtreme-new-model-red-vehicle","sticker-set"
"graphics-sticker-set-for-hero-cbz-xtreme-new-model-black-vehicle","sticker-set"
"graphics-sticker-set-for-hero-honda-cbz-xtreme-silver-vehicle-blue-sticker","sticker-set"
"graphics-sticker-set-for-hero-honda-cbz-xtreme-red-vehicle","sticker-set"
"graphics-sticker-set-for-hero-honda-cbz-xtreme-black-vehicle","sticker-set"
"graphics-sticker-set-for-hero-honda-cbz-star-mehroon-vehicle","sticker-set"
"graphics-sticker-set-for-hero-honda-cbz-star-turqoise-blue-vehicle","sticker-set"
"graphics-sticker-set-for-hero-honda-cbz-star-silver-vehicle","sticker-set"
"graphics-sticker-set-for-hero-honda-cbz-star-blue-vehicle-yellow-sticker","sticker-set"
"graphics-sticker-set-for-hero-honda-cbz-star-black-vehicle-yellow-sticker","sticker-set"
"graphics-sticker-set-for-hero-honda-cbz-star-red-vehicle","sticker-set"
"graphics-sticker-set-for-hero-honda-cbz-blue-vehicle","sticker-set"
"graphics-sticker-set-for-hero-honda-cbz-green-vehicle","sticker-set"
"graphics-sticker-set-for-hero-honda-cbz-silver-vehicle","sticker-set"
"graphics-sticker-set-for-hero-honda-cbz-black-vehicle","sticker-set"
"graphics-sticker-set-for-hero-honda-cbz-red-vehicle","sticker-set"
"graphics-sticker-set-for-hero-passion-x-pro-type-2-silver-vehicle-black-sticker","sticker-set"
"graphics-sticker-set-for-hero-passion-x-pro-type-2-red-vehicle-black-sticker","sticker-set"
"graphics-sticker-set-for-hero-passion-x-pro-type-2-black-vehicle-grey-sticker","sticker-set"
"graphics-sticker-set-for-hero-passion-x-pro-type-2-black-vehicle-blue-sticker","sticker-set"
"graphics-sticker-set-for-hero-passion-x-pro-blue-vehicle","sticker-set"
"graphics-sticker-set-for-hero-passion-x-pro-green-vehicle-grey-sticker","sticker-set"
"graphics-sticker-set-for-hero-passion-x-pro-red-vehicle-grey-sticker","sticker-set"
"graphics-sticker-set-for-hero-passion-x-pro-black-vehicle-grey-sticker","sticker-set"
"graphics-sticker-set-for-hero-passion-x-pro-black-vehicle-red-sticker","sticker-set"
"graphics-sticker-set-for-hero-passion-x-pro-black-vehicle-blue-sticker","sticker-set"
"graphics-sticker-set-for-yamaha-r15-v3-abs-black-vehicle-red-sticker","sticker-set"
"graphics-sticker-set-for-hero-passion-pro-i3s-grey-vehicle","sticker-set"
"graphics-sticker-set-for-hero-passion-pro-i3s-yellow-vehicle","sticker-set"
"graphics-sticker-set-for-hero-passion-pro-i3s-red-vehicle","sticker-set"
"graphics-sticker-set-for-hero-passion-pro-110-i3s-black-vehicle-green-sticker","sticker-set"
"graphics-sticker-set-for-hero-passion-pro-110-red-vehicle-grey-sticker","sticker-set"
"graphics-sticker-set-for-hero-passion-pro-110-blue-vehicle-grey-sticker","sticker-set"
"graphics-sticker-set-for-hero-passion-pro-110-black-vehicle-grey-sticker","sticker-set"
"graphics-sticker-set-for-hero-passion-pro-110-black-vehicle-red-sticker","sticker-set"
"graphics-sticker-set-for-hero-passion-pro-110-black-vehicle-blue-sticker","sticker-set"
"graphics-sticker-set-for-hero-passion-pro-type-4-white-vehicle","sticker-set"
"graphics-sticker-set-for-hero-passion-pro-type-4-silver-vehicle","sticker-set"
"graphics-sticker-set-for-hero-passion-pro-type-4-green-vehicle","sticker-set"
"graphics-sticker-set-for-hero-passion-pro-type-4-blue-vehicle","sticker-set"
"graphics-sticker-set-for-hero-passion-pro-type-4-red-vehicle","sticker-set"
"graphics-sticker-set-for-hero-passion-pro-type-4-black-vehicle-grey-sticker","sticker-set"
"graphics-sticker-set-for-hero-passion-pro-type-4-black-vehicle-red-sticker","sticker-set"
"graphics-sticker-set-for-hero-passion-pro-type-4-black-vehicle-blue-sticker","sticker-set"
"graphics-sticker-set-for-hero-passion-pro-white-vehicle","sticker-set"
"graphics-sticker-set-for-hero-passion-pro-silver-vehicle","sticker-set"
"graphics-sticker-set-for-hero-passion-pro-green-vehicle","sticker-set"
"graphics-sticker-set-for-hero-passion-pro-blue-vehicle","sticker-set"
"graphics-sticker-set-for-hero-passion-pro-red-vehicle","sticker-set"
"graphics-sticker-set-for-hero-passion-pro-black-vehicle-grey-sticker","sticker-set"
"graphics-sticker-set-for-hero-passion-pro-black-vehicle-red-sticker","sticker-set"
"graphics-sticker-set-for-hero-passion-pro-black-vehicle-blue-sticker","sticker-set"
"graphics-sticker-set-for-hero-honda-passion-pro-type-2-white-vehicle","sticker-set"
"graphics-sticker-set-for-hero-honda-passion-pro-type-2-silver-vehicle","sticker-set"
"graphics-sticker-set-for-hero-honda-passion-pro-type-2-green-vehicle","sticker-set"
"graphics-sticker-set-for-hero-honda-passion-pro-type-2-blue-vehicle","sticker-set"
"graphics-sticker-set-for-hero-honda-passion-pro-type-2-red-vehicle","sticker-set"
"graphics-sticker-set-for-hero-honda-passion-pro-type-2-black-vehicle-red-sticker","sticker-set"
"graphics-sticker-set-for-hero-honda-passion-pro-type-2-black-vehicle-blue-sticker","sticker-set"
"graphics-sticker-set-for-hero-honda-passion-pro-type-2-black-vehicle-grey-sticker","sticker-set"
"graphics-sticker-set-for-hero-honda-passion-pro-type-1-silver-vehicle","sticker-set"
"graphics-sticker-set-for-hero-honda-passion-pro-type-1-green-vehicle","sticker-set"
"graphics-sticker-set-for-hero-honda-passion-pro-type-1-blue-vehicle","sticker-set"
"graphics-sticker-set-for-hero-honda-passion-pro-type-1-red-vehicle","sticker-set"
"graphics-sticker-set-for-hero-honda-passion-pro-type-1-black-vehicle-red-sticker","sticker-set"
"graphics-sticker-set-for-hero-honda-passion-pro-type-1-black-vehicle-blue-sticker","sticker-set"
"graphics-sticker-set-for-hero-honda-passion-plus-type-2-mehroon-vehicle","sticker-set"
"graphics-sticker-set-for-hero-honda-passion-plus-type-2-silver-vehicle","sticker-set"
"graphics-sticker-set-for-hero-honda-passion-plus-type-2-blue-vehicle","sticker-set"
"graphics-sticker-set-for-hero-honda-passion-plus-type-2-red-vehicle","sticker-set"
"graphics-sticker-set-for-hero-honda-passion-plus-type-2-black-vehicle-red-sticker","sticker-set"
"graphics-sticker-set-for-hero-honda-passion-plus-type-2-black-vehicle-blue-sticker","sticker-set"
"graphics-sticker-set-for-hero-honda-passion-plus-type-1-grey-vehicle-red-sticker","sticker-set"
"graphics-sticker-set-for-hero-honda-passion-plus-type-1-peacock-blue-vehicle-yellow-sticker","sticker-set"
"graphics-sticker-set-for-hero-honda-passion-plus-type-1-black-vehicle-orange-sticker","sticker-set"
"graphics-sticker-set-for-hero-honda-passion-plus-type-1-black-vehicle-blue-sticker","sticker-set"
"graphics-sticker-set-for-hero-honda-passion-plus-type-1-black-vehicle-silver-sticker","sticker-set"
"graphics-sticker-set-for-hero-honda-passion-plus-type-1-black-vehicle-red-sticker","sticker-set"
"graphics-sticker-set-for-hero-honda-passion-plus-type-1-mehroon-vehicle","sticker-set"
"graphics-sticker-set-for-hero-honda-passion-plus-type-1-red-vehicle","sticker-set"
"graphics-sticker-set-for-hero-honda-passion-plus-type-1-silver-vehicle-blue-sticker","sticker-set"
"graphics-sticker-set-for-hero-honda-passion-turqoise-blue-vehicle","sticker-set"
"graphics-sticker-set-for-hero-honda-passion-midnight-blue-vehicle","sticker-set"
"graphics-sticker-set-for-hero-honda-passion-green-vehicle","sticker-set"
"graphics-sticker-set-for-hero-honda-passion-silver-vehicle","sticker-set"
"graphics-sticker-set-for-hero-honda-passion-red-vehicle","sticker-set"
"graphics-sticker-set-for-hero-honda-passion-mehroon-vehicle","sticker-set"
"graphics-sticker-set-for-hero-honda-passion-black-vehicle-pink-sticker","sticker-set"
"graphics-sticker-set-for-hero-honda-passion-black-vehicle-gold-sticker","sticker-set"
"graphics-sticker-set-for-hero-hf-dawn-type-3-silver-vehicle-red-sticker","sticker-set"
"graphics-sticker-set-for-hero-hf-dawn-type-3-red-vehicle","sticker-set"
"graphics-sticker-set-for-hero-hf-dawn-type-3-black-vehicle-red-sticker","sticker-set"
"graphics-sticker-set-for-hero-hf-dawn-type-3-black-vehicle-purple-sticker","sticker-set"
"graphics-sticker-set-for-hero-honda-cd-dawn-type-3-mehroon-vehicle","sticker-set"
"graphics-sticker-set-for-hero-honda-cd-dawn-type-3-red-vehicle","sticker-set"
"graphics-sticker-set-for-hero-honda-cd-dawn-type-3-black-vehicle-purple-sticker","sticker-set"
"graphics-sticker-set-for-hero-honda-cd-dawn-type-3-black-vehicle-brown-sticker","sticker-set"
"graphics-sticker-set-for-hero-honda-cd-dawn-type-2-silver-vehicle","sticker-set"
"graphics-sticker-set-for-hero-honda-cd-dawn-type-2-blue-vehicle","sticker-set"
"graphics-sticker-set-for-hero-honda-cd-dawn-type-2-mehroon-vehicle","sticker-set"
"graphics-sticker-set-for-hero-honda-cd-dawn-type-2-red-vehicle","sticker-set"
"graphics-sticker-set-for-hero-honda-cd-dawn-type-2-black-vehicle-orange-sticker","sticker-set"
"graphics-sticker-set-for-hero-honda-cd-dawn-type-2-black-vehicle-red-sticker","sticker-set"
"graphics-sticker-set-for-hero-honda-cd-dawn-type-1-blue-vehicle","sticker-set"
"graphics-sticker-set-for-hero-honda-cd-dawn-type-1-mehroon-vehicle","sticker-set"
"graphics-sticker-set-for-hero-honda-cd-dawn-type-1-silver-vehicle","sticker-set"
"graphics-sticker-set-for-hero-honda-cd-dawn-type-1-red-vehicle","sticker-set"
"graphics-sticker-set-for-hero-honda-cd-dawn-type-1-black-vehicle-purple-sticker","sticker-set"
"graphics-sticker-set-for-hero-honda-cd-dawn-type-1-black-vehicle-red-sticker","sticker-set"
"graphics-sticker-set-for-hero-hf-deluxe-blue-vehicle","sticker-set"
"graphics-sticker-set-for-hero-hf-deluxe-grey-vehicle","sticker-set"
"graphics-sticker-set-for-hero-hf-deluxe-black-vehicle-purple-sticker","sticker-set"
"graphics-sticker-set-for-hero-hf-deluxe-black-vehicle-red-sticker","sticker-set"
"graphics-sticker-set-for-hero-hf-deluxe-type-3-red-vehicle","sticker-set"
"graphics-sticker-set-for-hero-hf-deluxe-type-3-grey-vehicle-green-sticker","sticker-set"
"graphics-sticker-set-for-hero-hf-deluxe-type-3-black-vehicle-grey-sticker","sticker-set"
"graphics-sticker-set-for-hero-hf-deluxe-type-3-black-vehicle-red-sticker","sticker-set"
"graphics-sticker-set-for-hero-hf-deluxe-type-3-black-vehicle-purple-sticker","sticker-set"
"graphics-sticker-set-for-hero-hf-deluxe-type-2-red-vehicle","sticker-set"
"graphics-sticker-set-for-hero-hf-deluxe-type-2-black-vehicle-red-sticker","sticker-set"
"graphics-sticker-set-for-hero-hf-deluxe-type-2-black-vehicle-purple-sticker","sticker-set"
"graphics-sticker-set-for-hero-hf-deluxe-type-2-black-vehicle-blue-sticker","sticker-set"
"graphics-sticker-set-for-hero-honda-cd-deluxe-type-3-silver-vehicle","sticker-set"
"graphics-sticker-set-for-hero-honda-cd-deluxe-type-3-red-vehicle","sticker-set"
"graphics-sticker-set-for-hero-honda-cd-deluxe-type-3-black-vehicle-red-sticker","sticker-set"
"graphics-sticker-set-for-hero-honda-cd-deluxe-type-3-black-vehicle-purple-sticker","sticker-set"
"graphics-sticker-set-for-hero-honda-cd-deluxe-new-model-wine-red-vehicle","sticker-set"
"graphics-sticker-set-for-hero-honda-cd-deluxe-new-model-red-vehicle","sticker-set"
"graphics-sticker-set-for-hero-honda-cd-deluxe-new-model-silver-vehicle","sticker-set"
"graphics-sticker-set-for-hero-honda-cd-deluxe-new-model-black-vehicle-red-sticker","sticker-set"
"graphics-sticker-set-for-hero-honda-cd-deluxe-new-model-black-vehicle-purple-sticker","sticker-set"
"graphics-sticker-set-for-hero-honda-cd-deluxe-old-model-silver-vehicle","sticker-set"
"graphics-sticker-set-for-hero-honda-cd-deluxe-old-model-blue-vehicle","sticker-set"
"graphics-sticker-set-for-hero-honda-cd-deluxe-old-model-mehroon-vehicle","sticker-set"
"graphics-sticker-set-for-hero-honda-cd-deluxe-old-model-red-vehicle","sticker-set"
"graphics-sticker-set-for-hero-honda-cd-deluxe-old-model-black-vehicle-brown-sticker","sticker-set"
"graphics-sticker-set-for-hero-honda-cd-deluxe-old-model-black-vehicle-purple-sticker","sticker-set"
"graphics-sticker-set-for-hero-splendor-nxg-type-5-black-vehicle-grey-sticker","sticker-set"
"graphics-sticker-set-for-hero-splendor-nxg-type-5-black-vehicle-red-sticker","sticker-set"
"graphics-sticker-set-for-hero-splendor-nxg-type-5-black-vehicle-blue-sticker","sticker-set"
"graphics-sticker-set-for-hero-honda-splendor-nxg-silver-vehicle-grey-sticker","sticker-set"
"graphics-sticker-set-for-hero-honda-splendor-nxg-red-vehicle","sticker-set"
"graphics-sticker-set-for-hero-honda-splendor-nxg-black-vehicle-grey-sticker","sticker-set"
"graphics-sticker-set-for-hero-honda-splendor-nxg-black-vehicle-red-sticker","sticker-set"
"graphics-sticker-set-for-hero-honda-splendor-nxg-black-vehicle-blue-sticker","sticker-set"
"graphics-sticker-set-for-hero-splendor-ismart-110-i3s-type-2-black-vehicle-grey-sticker","sticker-set"
"graphics-sticker-set-for-hero-splendor-ismart-110-i3s-type-2-black-vehicle-red-sticker","sticker-set"
"graphics-sticker-set-for-hero-splendor-ismart-110-i3s-type-2-black-vehicle-blue-sticker","sticker-set"
"graphics-sticker-set-for-hero-splendor-ismart-i3s-black-vehicle-red-sticker","sticker-set"
"graphics-sticker-set-for-hero-splendor-ismart-i3s-black-vehicle-silver-sticker","sticker-set"
"graphics-sticker-set-for-hero-splendor-ismart-i3s-green-vehicle","sticker-set"
"graphics-sticker-set-for-hero-splendor-ismart-i3s-black-vehicle","sticker-set"
"graphics-sticker-set-for-hero-splendor-ismart-i3s-red-vehicle","sticker-set"
"graphics-sticker-set-for-hero-super-splendor-i3s-type-8-black-vehicle-gold-sticker","sticker-set"
"graphics-sticker-set-for-hero-super-splendor-i3s-type-8-blue-vehicle","sticker-set"
"graphics-sticker-set-for-hero-super-splendor-i3s-type-8-grey-vehicle","sticker-set"
"graphics-sticker-set-for-hero-super-splendor-i3s-type-8-red-vehicle","sticker-set"
"graphics-sticker-set-for-hero-super-splendor-i3s-type-7-black-vehicle-grey-sticker","sticker-set"
"graphics-sticker-set-for-hero-super-splendor-i3s-type-7-red-vehicle-orange-sticker","sticker-set"
"graphics-sticker-set-for-hero-super-splendor-i3s-type-7-grey-vehicle-blue-sticker","sticker-set"
"graphics-sticker-set-for-hero-super-splendor-i3s-type-7-black-vehicle-purple-sticker","sticker-set"
"graphics-sticker-set-for-hero-super-splendor-i3s-type-7-black-vehicle-red-sticker","sticker-set"
"graphics-sticker-set-for-hero-super-splendor-i3s-type-6-black-vehicle-grey-sticker","sticker-set"
"graphics-sticker-set-for-hero-super-splendor-i3s-type-6-black-vehicle-red-sticker","sticker-set"
"graphics-sticker-set-for-hero-super-splendor-i3s-type-6-black-vehicle-blue-sticker","sticker-set"
"graphics-sticker-set-for-hero-super-splendor-125-type-5-grey-vehicle","sticker-set"
"graphics-sticker-set-for-hero-super-splendor-125-type-5-blue-vehicle","sticker-set"
"graphics-sticker-set-for-hero-super-splendor-125-type-5-red-vehicle","sticker-set"
"graphics-sticker-set-for-hero-super-splendor-125-type-5-black-vehicle-red-sticker","sticker-set"
"graphics-sticker-set-for-hero-super-splendor-125-type-5-black-vehicle-blue-sticker","sticker-set"
"graphics-sticker-set-for-hero-honda-super-splendor-type-4-grey-vehicle","sticker-set"
"graphics-sticker-set-for-hero-honda-super-splendor-type-4-red-vehicle","sticker-set"
"graphics-sticker-set-for-hero-honda-super-splendor-type-4-silver-vehicle","sticker-set"
"graphics-sticker-set-for-hero-honda-super-splendor-type-4-black-vehicle-purple-sticker","sticker-set"
"graphics-sticker-set-for-hero-honda-super-splendor-type-4-black-vehicle-red-sticker","sticker-set"
"graphics-sticker-set-for-hero-honda-super-splendor-type-4-black-vehicle-grey-sticker","sticker-set"
"graphics-sticker-set-for-hero-honda-super-splendor-type-3-mehroon-vehicle","sticker-set"
"graphics-sticker-set-for-hero-honda-super-splendor-type-3-blue-vehicle","sticker-set"
"graphics-sticker-set-for-hero-honda-super-splendor-type-3-red-vehicle","sticker-set"
"graphics-sticker-set-for-hero-honda-super-splendor-type-3-black-vehicle-red-sticker","sticker-set"
"graphics-sticker-set-for-hero-honda-super-splendor-type-3-black-vehicle-blue-sticker","sticker-set"
"graphics-sticker-set-for-hero-honda-super-splendor-type-2-blue-vehicle","sticker-set"
"graphics-sticker-set-for-hero-honda-super-splendor-type-2-silver-vehicle","sticker-set"
"graphics-sticker-set-for-hero-honda-super-splendor-type-2-red-vehicle","sticker-set"
"graphics-sticker-set-for-hero-honda-super-splendor-type-2-black-vehicle-red-sticker","sticker-set"
"graphics-sticker-set-for-hero-honda-super-splendor-type-2-black-vehicle-blue-sticker","sticker-set"
"graphics-sticker-set-for-hero-honda-super-splendor-type-1-red-vehicle","sticker-set"
"graphics-sticker-set-for-hero-honda-super-splendor-type-1-mehroon-vehicle","sticker-set"
"graphics-sticker-set-for-hero-honda-super-splendor-type-1-golden-vehicle","sticker-set"
"graphics-sticker-set-for-hero-honda-super-splendor-type-1-silver-vehicle","sticker-set"
"graphics-sticker-set-for-hero-honda-super-splendor-type-1-green-vehicle","sticker-set"
"graphics-sticker-set-for-hero-honda-super-splendor-type-1-turqoise-blue-vehicle","sticker-set"
"graphics-sticker-set-for-hero-honda-super-splendor-type-1-sky-blue-vehicle","sticker-set"
"graphics-sticker-set-for-hero-honda-super-splendor-type-1-black-vehicle-orange-sticker","sticker-set"
"graphics-sticker-set-for-hero-honda-super-splendor-type-1-black-vehicle-purple-sticker","sticker-set"
"graphics-sticker-set-for-hero-honda-super-splendor-type-1-black-vehicle-blue-sticker","sticker-set"
"graphics-sticker-set-for-hero-splendor-pro-type-2-silver-vehicle","sticker-set"
"graphics-sticker-set-for-hero-splendor-pro-type-2-red-vehicle","sticker-set"
"graphics-sticker-set-for-hero-splendor-pro-type-2-black-vehicle-green-sticker","sticker-set"
"graphics-sticker-set-for-hero-splendor-pro-type-2-black-vehicle-grey-sticker","sticker-set"
"graphics-sticker-set-for-hero-splendor-pro-type-2-black-vehicle-red-sticker","sticker-set"
"graphics-sticker-set-for-hero-splendor-pro-type-2-black-vehicle-blue-sticker","sticker-set"
"graphics-sticker-set-for-hero-splendor-pro-type-1-silver-vehicle","sticker-set"
"graphics-sticker-set-for-hero-splendor-pro-type-1-grey-vehicle","sticker-set"
"graphics-sticker-set-for-hero-splendor-pro-type-1-red-vehicle","sticker-set"
"graphics-sticker-set-for-hero-splendor-pro-type-1-mehroon-vehicle","sticker-set"
"graphics-sticker-set-for-hero-splendor-pro-type-1-blue-vehicle","sticker-set"
"graphics-sticker-set-for-hero-splendor-pro-type-1-black-vehicle-grey-sticker","sticker-set"
"graphics-sticker-set-for-hero-splendor-pro-type-1-black-vehicle-red-sticker","sticker-set"
"graphics-sticker-set-for-hero-splendor-pro-type-1-black-vehicle-blue-sticker","sticker-set"
"graphics-sticker-set-for-hero-honda-splendor-pro-silver-vehicle","sticker-set"
"graphics-sticker-set-for-hero-honda-splendor-pro-grey-vehicle-green-sticker","sticker-set"
"graphics-sticker-set-for-hero-honda-splendor-pro-red-vehicle-orange-sticker","sticker-set"
"graphics-sticker-set-for-hero-honda-splendor-pro-mehroon-vehicle","sticker-set"
"graphics-sticker-set-for-hero-honda-splendor-pro-blue-vehicle","sticker-set"
"graphics-sticker-set-for-hero-honda-splendor-pro-black-vehicle-grey-sticker","sticker-set"
"graphics-sticker-set-for-hero-honda-splendor-pro-black-vehicle-red-sticker","sticker-set"
"graphics-sticker-set-for-hero-honda-splendor-pro-black-vehicle-blue-sticker","sticker-set"
"graphics-sticker-set-for-hero-splendor-plus-type-4-ebony-grey-vehicle-green-sticker","sticker-set"
"graphics-sticker-set-for-hero-splendor-plus-type-4-black-vehicle-grey-sticker","sticker-set"
"graphics-sticker-set-for-hero-splendor-plus-type-4-black-vehicle-purple-sticker","sticker-set"
"graphics-sticker-set-for-hero-splendor-plus-type-4-black-vehicle-red-sticker","sticker-set"
"graphics-sticker-set-for-hero-splendor-plus-type-3-grey-vehicle-green-sticker","sticker-set"
"graphics-sticker-set-for-hero-splendor-plus-type-3-grey-vehicle-silver-sticker","sticker-set"
"graphics-sticker-set-for-hero-splendor-plus-type-3-black-vehicle-gold-sticker","sticker-set"
"graphics-sticker-set-for-hero-splendor-plus-type-3-silver-vehicle-blue-sticker","sticker-set"
"graphics-sticker-set-for-hero-splendor-plus-type-3-red-vehicle-gold-sticker","sticker-set"
"graphics-sticker-set-for-hero-splendor-plus-type-3-black-vehicle-blue-sticker","sticker-set"
"graphics-sticker-set-for-hero-splendor-plus-type-3-black-vehicle-grey-sticker","sticker-set"
"graphics-sticker-set-for-hero-splendor-plus-type-2-silver-vehicle-orange-sticker","sticker-set"
"graphics-sticker-set-for-hero-splendor-plus-type-2-silver-vehicle-blue-sticker","sticker-set"
"graphics-sticker-set-for-hero-splendor-plus-type-2-black-vehicle-purple-sticker","sticker-set"
"graphics-sticker-set-for-hero-splendor-plus-type-2-black-vehicle-grey-sticker","sticker-set"
"graphics-sticker-set-for-hero-splendor-plus-type-2-black-vehicle-blue-sticker","sticker-set"
"graphics-sticker-set-for-hero-honda-splendor-plus-limited-edition-red-sticker","sticker-set"
"graphics-sticker-set-for-hero-honda-splendor-plus-red-vehicle-orange-sticker","sticker-set"
"graphics-sticker-set-for-yamaha-r15-v3-abs-black-vehicle-black-sticker","sticker-set"
"graphics-sticker-set-for-hero-honda-splendor-plus-black-vehicle-purple-sticker","sticker-set"
"graphics-sticker-set-for-hero-honda-splendor-plus-black-vehicle-grey-sticker","sticker-set"
"graphics-sticker-set-for-tvs-xl-100-comfort-brown-vehicle-dark-brown-sticker","sticker-set"
"graphics-sticker-set-for-hero-honda-splendor-plus-type-1-black-vehicle-blue-sticker","sticker-set"
"graphics-sticker-set-for-hero-honda-splendor-plus-black-vehicle-orange-sticker","sticker-set"
"graphics-sticker-set-for-hero-honda-splendor-plus-black-vehicle-red-sticker","sticker-set"
"graphics-sticker-set-for-tvs-xl-100-comfort-brown-vehicle-light-brown-sticker","sticker-set"
"graphics-sticker-set-for-hero-honda-splendor-plus-black-vehicle-yellow-sticker","sticker-set"
"graphics-sticker-set-for-hero-honda-splendor-plus-grey-vehicle-red-sticker","sticker-set"
"graphics-sticker-set-for-suzuki-gixxer-sf-blue-vehicle","sticker-set"
"graphics-sticker-set-for-hero-honda-splendor-plus-red-vehicle-gold-sticker","sticker-set"
"graphics-sticker-set-for-hero-honda-splendor-new-model-blue-vehicle","sticker-set"
"graphics-sticker-set-for-hero-honda-splendor-new-model-green-vehicle","sticker-set"
"graphics-sticker-set-for-hero-honda-splendor-new-model-black-vehicle-purple-sticker","sticker-set"
"graphics-sticker-set-for-hero-honda-splendor-new-model-black-vehicle-orange-sticker","sticker-set"
"graphics-sticker-set-for-hero-honda-splendor-new-model-red-vehicle-gold-sticker","sticker-set"
"graphics-sticker-set-for-suzuki-gixxer-sf-blue-vehicle-white-green-sticker","sticker-set"
"graphics-sticker-set-for-royal-enfield-bullet-classic-type-2-white-vehicle-black-sticker","sticker-set"
"graphics-sticker-set-for-hero-honda-cd-100-ss-new-model-mehroon-vehicle","sticker-set"
"graphics-sticker-set-for-hero-honda-cd-100-ss-new-model-black-vehicle","sticker-set"
"graphics-sticker-set-for-hero-honda-cd-100-ss-new-model-red-vehicle","sticker-set"
"graphics-sticker-set-for-hero-honda-cd-100-ss-old-model-monogram-mehroon-vehicle","sticker-set"
"graphics-sticker-set-for-hero-honda-cd-100-ss-old-model-monogram-red-vehicle","sticker-set"
"graphics-sticker-set-for-hero-honda-cd-100-ss-old-model-monogram-black-vehicle","sticker-set"
"graphics-sticker-set-for-hero-honda-cd-100-ss-old-model-mehroon-vehicle","sticker-set"
"graphics-sticker-set-for-hero-honda-cd-100-ss-old-model-black-vehicle","sticker-set"
"graphics-sticker-set-for-hero-honda-cd-100-ss-old-model-red-vehicle","sticker-set"
"graphics-sticker-set-for-hero-honda-cd-100-new-model-green-vehicle","sticker-set"
"graphics-sticker-set-for-hero-honda-cd-100-new-model-black-vehicle","sticker-set"
"graphics-sticker-set-for-hero-honda-cd-100-new-model-red-vehicle","sticker-set"
"graphics-sticker-set-for-hero-honda-cd-100-old-model-black-vehicle","sticker-set"
"graphics-sticker-set-for-hero-honda-cd-100-old-model-red-vehicle","sticker-set"
"graphics-sticker-set-for-honda-dio-repsol-edition-white-shield-sticker","sticker-set"
"graphics-sticker-set-for-honda-cbr-150r-orange-vehicle","sticker-set"
"graphics-sticker-set-for-honda-cbr-150r-green-vehicle","sticker-set"
"graphics-sticker-set-for-honda-cbf-stunner-black-vehicle-green-sticker","sticker-set"
"graphics-sticker-set-for-honda-cbf-stunner-black-vehicle-yellow-sticker","sticker-set"
"graphics-sticker-set-for-honda-cbf-stunner-black-vehicle-grey-sticker","sticker-set"
"graphics-sticker-set-for-honda-cbf-stunner-black-vehicle-red-sticker","sticker-set"
"graphics-sticker-set-for-honda-dream-neo-type-1-black-vehicle","sticker-set"
"graphics-sticker-set-for-honda-dream-yuga-type-3-black-vehicle-red-sticker","sticker-set"
"graphics-sticker-set-for-honda-dream-yuga-type-3-black-vehicle-grey-sticker","sticker-set"
"graphics-sticker-set-for-honda-dream-yuga-type-3-black-vehicle-green-sticker","sticker-set"
"graphics-sticker-set-for-honda-dream-yuga-type-3-black-vehicle-black-sticker","sticker-set"
"graphics-sticker-set-for-honda-dream-yuga-110-het-bs4-type-2-red-vehicle","sticker-set"
"graphics-sticker-set-for-honda-dream-yuga-110-het-bs4-type-2-black-vehicle","sticker-set"
"graphics-sticker-set-for-honda-dream-yuga-110-type-1-red-vehicle","sticker-set"
"graphics-sticker-set-for-honda-dream-yuga-110-type-1-grey-vehicle","sticker-set"
"graphics-sticker-set-for-honda-dream-yuga-110-type-1-black-vehicle-brown-sticker","sticker-set"
"graphics-sticker-set-for-honda-dream-yuga-110-type-1-black-vehicle-red-sticker","sticker-set"
"graphics-sticker-set-for-honda-dream-yuga-110-type-1-silver-vehicle","sticker-set"
"graphics-sticker-set-for-honda-livo-blue-vehicle","sticker-set"
"graphics-sticker-set-for-honda-livo-grey-vehicle","sticker-set"
"graphics-sticker-set-for-honda-livo-red-vehicle","sticker-set"
"graphics-sticker-set-for-honda-livo-black-vehicle-green-sticker","sticker-set"
"graphics-sticker-set-for-honda-sp-125-blue-vehicle","sticker-set"
"graphics-sticker-set-for-honda-sp-125-blue-vehicle-grey-sticker","sticker-set"
"graphics-sticker-set-for-honda-cd-dream-110-dlx-blue-vehicle","sticker-set"
"graphics-sticker-set-for-honda-cd-dream-110-dlx-grey-vehicle","sticker-set"
"graphics-sticker-set-for-honda-cd-dream-110-dlx-red-vehicle","sticker-set"
"graphics-sticker-set-for-honda-cd-dream-110-dlx-black-vehicle-red-sticker","sticker-set"
"graphics-sticker-set-for-honda-cd-110-dream-esp-black-vehicle-gold-sticker","sticker-set"
"graphics-sticker-set-for-honda-cd-110-dream-esp-black-vehicle-grey-sticker","sticker-set"
"graphics-sticker-set-for-honda-cd-110-dream-esp-black-vehicle-red-sticker","sticker-set"
"graphics-sticker-set-for-honda-cd-110-dream-esp-black-vehicle-blue-sticker","sticker-set"
"graphics-sticker-set-for-honda-cd-110-dream-dx-type-2-black-vehicle-green-sticker","sticker-set"
"graphics-sticker-set-for-honda-cd-110-dream-dx-type-2-black-vehicle-grey-sticker","sticker-set"
"graphics-sticker-set-for-honda-cd-110-dream-dx-type-2-black-vehicle-red-sticker","sticker-set"
"graphics-sticker-set-for-honda-cd-110-dream-dx-type-2-black-vehicle-blue-sticker","sticker-set"
"graphics-sticker-set-for-honda-cd-110-dream-dx-grey-vehicle-red-sticker","sticker-set"
"graphics-sticker-set-for-honda-cd-110-dream-dx-red-vehicle-grey-sticker","sticker-set"
"graphics-sticker-set-for-honda-cd-110-dream-dx-black-vehicle-blue-sticker","sticker-set"
"graphics-sticker-set-for-honda-cd-110-dream-dx-black-vehicle-gold-sticker","sticker-set"
"graphics-sticker-set-for-honda-cd-110-dream-dx-black-vehicle-grey-sticker","sticker-set"
"graphics-sticker-set-for-honda-cd-110-dream-dx-black-vehicle-red-sticker","sticker-set"
"graphics-sticker-set-for-honda-cd-110-dream-black-vehicle-green-sticker","sticker-set"
"graphics-sticker-set-for-honda-cd-110-dream-black-vehicle-grey-sticker","sticker-set"
"graphics-sticker-set-for-honda-cd-110-dream-black-vehicle-red-sticker","sticker-set"
"graphics-sticker-set-for-honda-cd-110-dream-black-vehicle-blue-sticker","sticker-set"
"graphics-sticker-set-for-honda-hornet-blue-vehicle","sticker-set"
"graphics-sticker-set-for-honda-hornet-yellow-vehicle","sticker-set"
"graphics-sticker-set-for-honda-hornet-brown-vehicle","sticker-set"
"graphics-sticker-set-for-honda-hornet-orange-vehicle","sticker-set"
"graphics-sticker-set-for-honda-hornet-red-vehicle","sticker-set"
"graphics-sticker-set-for-honda-cb-hornet-black-vehicle-blue-sticker","sticker-set"
"graphics-sticker-set-for-honda-cb-hornet-black-vehicle-red-sticker","sticker-set"
"graphics-sticker-set-for-honda-cb-hornet-black-vehicle-green-sticker","sticker-set"
"graphics-sticker-set-for-honda-cb-hornet-black-vehicle-orange-sticker","sticker-set"
"graphics-sticker-set-for-honda-dio-dx-motoscooter-red-vehicle-black-sticker","sticker-set"
"graphics-sticker-set-for-honda-dio-dx-motoscooter-black-vehicle-grey-sticker","sticker-set"
"graphics-sticker-set-for-honda-dio-motoscooter-grey-vehicle-red-sticker","sticker-set"
"graphics-sticker-set-for-honda-dio-motoscooter-grey-orange-sticker","sticker-set"
"graphics-sticker-set-for-honda-dio-motoscooter-whilte-blue-sticker","sticker-set"
"graphics-sticker-set-for-honda-dio-dx-type-7-silver-black-sticker","sticker-set"
"graphics-sticker-set-for-honda-dio-dx-type-7-black-gold-sticker","sticker-set"
"graphics-sticker-set-for-honda-dio-dx-type-7-black-grey-sticker","sticker-set"
"graphics-sticker-set-for-honda-dio-type-6-black-yellow-sticker","sticker-set"
"graphics-sticker-set-for-honda-dio-type-6-black-orange-sticker","sticker-set"
"graphics-sticker-set-for-honda-dio-type-6-black-red-sticker","sticker-set"
"graphics-sticker-set-for-honda-dio-type-5-black-blue-sticker","sticker-set"
"graphics-sticker-set-for-honda-dio-type-5-green-sticker","sticker-set"
"graphics-sticker-set-for-honda-dio-type-5-red-sticker","sticker-set"
"graphics-sticker-set-for-honda-dio-type-5-blue-sticker","sticker-set"
"graphics-sticker-set-for-honda-dio-type-5-black-sticker","sticker-set"
"graphics-sticker-set-for-honda-dio-type-4-purple-sticker","sticker-set"
"graphics-sticker-set-for-honda-dio-type-4-green-sticker","sticker-set"
"graphics-sticker-set-for-honda-dio-type-4-blue-sticker","sticker-set"
"graphics-sticker-set-for-honda-dio-type-4-red-vehicle","sticker-set"
"graphics-sticker-set-for-honda-dio-type-3-yellow-sticker","sticker-set"
"graphics-sticker-set-for-honda-dio-type-3-purple-sticker","sticker-set"
"graphics-sticker-set-for-honda-dio-type-3-silver-sticker","sticker-set"
"graphics-sticker-set-for-honda-dio-type-3-black-blue-sticker","sticker-set"
"graphics-sticker-set-for-honda-dio-type-3-black-red-sticker","sticker-set"
"graphics-sticker-set-for-honda-shine-125-black-vehicle","sticker-set"
"graphics-sticker-set-for-honda-shine-125-grey-vehicle","sticker-set"
"graphics-sticker-set-for-honda-shine-125-blue-vehicle","sticker-set"
"graphics-sticker-set-for-honda-shine-125-red-vehicle","sticker-set"
"graphics-sticker-set-for-honda-sp-125-red-vehicle","sticker-set"
"graphics-sticker-set-for-honda-livo-black-vehicle-red-black-sticker","sticker-set"
"graphics-sticker-set-for-honda-sp-125-black-vehicle","sticker-set"
"graphics-sticker-set-for-honda-sp-shine-type-2-blue-vehicle","sticker-set"
"graphics-sticker-set-for-honda-sp-shine-type-2-yellow-vehicle","sticker-set"
"graphics-sticker-set-for-honda-sp-shine-type-2-red-vehicle","sticker-set"
"graphics-sticker-set-for-honda-sp-shine-type-2-grey-vehicle-red-sticker","sticker-set"
"graphics-sticker-set-for-honda-sp-shine-type-2-black-vehicle-red-sticker","sticker-set"
"graphics-sticker-set-for-honda-sp-shine-type-1-blue-vehicle","sticker-set"
"graphics-sticker-set-for-honda-sp-shine-type-1-grey-vehicle","sticker-set"
"graphics-sticker-set-for-honda-sp-shine-type-1-black-vehicle","sticker-set"
"graphics-sticker-set-for-honda-cb-shine-special-edition-black-vehicle-grey-sticker","sticker-set"
"graphics-sticker-set-for-honda-cb-shine-special-edition-black-vehicle-red-sticker","sticker-set"
"graphics-sticker-set-for-honda-cb-shine-dx-type-9-black-vehicle-blue-sticker","sticker-set"
"graphics-sticker-set-for-honda-cb-shine-dx-type-9-black-vehicle-gold-sticker","sticker-set"
"graphics-sticker-set-for-honda-cb-shine-dx-type-9-black-vehicle-grey-sticker","sticker-set"
"graphics-sticker-set-for-honda-cb-shine-dx-type-9-black-vehicle-red-sticker","sticker-set"
"graphics-sticker-set-for-honda-cb-shine-type-4-black-vehicle-silver-red-sticker","sticker-set"
"graphics-sticker-set-for-honda-cb-shine-type-4-black-vehicle-white-red-sticker","sticker-set"
"graphics-sticker-set-for-honda-cb-shine-type-4-brown-vehicle","sticker-set"
"graphics-sticker-set-for-honda-cb-shine-type-4-mehroon-vehicle","sticker-set"
"graphics-sticker-set-for-honda-cb-shine-type-4-grey-vehicle-silver-purple-sticker","sticker-set"
"graphics-sticker-set-for-honda-cb-shine-type-4-grey-vehicle-white-purple-sticker","sticker-set"
"graphics-sticker-set-for-honda-cb-shine-type-4-red-vehicle","sticker-set"
"graphics-sticker-set-for-honda-cb-shine-type-3-white-vehicle","sticker-set"
"graphics-sticker-set-for-honda-cb-shine-type-3-black-vehicle","sticker-set"
"graphics-sticker-set-for-honda-cb-shine-type-2-black-vehicle","sticker-set"
"graphics-sticker-set-for-honda-cb-shine-type-2-frost-silver-vehicle","sticker-set"
"graphics-sticker-set-for-honda-cb-shine-type-2-red-vehicle","sticker-set"
"graphics-sticker-set-for-honda-cb-shine-type-2-grey-vehicle","sticker-set"
"graphics-sticker-set-for-honda-cb-shine-type-2-silver-vehicle","sticker-set"
"graphics-sticker-set-for-honda-cb-shine-type-1-mehroon-vehicle","sticker-set"
"graphics-sticker-set-for-honda-cb-shine-type-1-grey-vehicle","sticker-set"
"graphics-sticker-set-for-honda-cb-shine-type-1-black-vehicle-red-sticker","sticker-set"
"graphics-sticker-set-for-honda-cb-shine-type-1-black-vehicle-grey-sticker","sticker-set"
"graphics-sticker-set-for-honda-cb-shine-type-1-purple-vehicle","sticker-set"
"graphics-sticker-set-for-honda-shine-type-1-grey-vehicle","sticker-set"
"graphics-sticker-set-for-honda-shine-type-1-red-vehicle","sticker-set"
"graphics-sticker-set-for-honda-shine-type-1-black-vehicle-blue-sticker","sticker-set"
"graphics-sticker-set-for-honda-shine-type-1-black-vehicle-grey-sticker","sticker-set"
"graphics-sticker-set-for-honda-unicorn-new-model-silver-vehicle","sticker-set"
"graphics-sticker-set-for-honda-unicorn-new-model-grey-vehicle","sticker-set"
"graphics-sticker-set-for-honda-unicorn-new-model-blue-vehicle","sticker-set"
"graphics-sticker-set-for-honda-unicorn-new-model-red-vehicle","sticker-set"
"graphics-sticker-set-for-honda-unicorn-new-model-black-vehicle","sticker-set"
"graphics-sticker-set-for-honda-eterno-150-new-model-common-sticker","sticker-set"
"graphics-sticker-set-for-honda-eterno-150-new-model-black-sticker","sticker-set"
"graphics-sticker-set-for-honda-eterno-150-new-model-silver-sticker","sticker-set"
"graphics-sticker-set-for-honda-eterno-old-model-silver-sticker","sticker-set"
"graphics-sticker-set-for-honda-eterno-old-model-black-sticker","sticker-set"
"graphics-sticker-set-for-honda-activa-special-edition-mehroon-shield-sticker","sticker-set"
"graphics-sticker-set-for-honda-activa-special-edition-black-shield-sticker","sticker-set"
"graphics-sticker-set-for-honda-activa-limited-edition-silver-shield-sticker","sticker-set"
"graphics-sticker-set-for-honda-activa-limited-edition-black-shield-sticker","sticker-set"
"graphics-sticker-set-for-honda-activa-limited-edition-silver-sticker","sticker-set"
"graphics-sticker-set-for-honda-activa-limited-edition-black-sticker","sticker-set"
"graphics-sticker-set-for-honda-fancy-type-6-common-sticker","sticker-set"
"graphics-sticker-set-for-honda-fancy-type-3-grey-red-sticker","sticker-set"
"graphics-sticker-set-for-honda-fancy-type-3-grey-blue-sticker","sticker-set"
"graphics-sticker-set-for-honda-fancy-type-4-green-sticker","sticker-set"
"graphics-sticker-set-for-honda-fancy-type-4-blue-sticker","sticker-set"
"graphics-sticker-set-for-honda-fancy-type-4-red-golden-sticker","sticker-set"
"graphics-sticker-set-for-honda-fancy-type-2-silver-grey-sticker","sticker-set"
"graphics-sticker-set-for-honda-fancy-type-2-silver-blue-sticker","sticker-set"
"graphics-sticker-set-for-honda-fancy-type-2-silver-red-sticker","sticker-set"
"graphics-sticker-set-for-honda-fancy-type-1-brown-orange-sticker","sticker-set"
"graphics-sticker-set-for-honda-fancy-type-1-blue-green-sticker","sticker-set"
"graphics-sticker-set-for-honda-activa-het-bs4-type-5-black-sticker","sticker-set"
"graphics-sticker-set-for-honda-activa-het-bs4-type-5-silver-sticker","sticker-set"
"graphics-sticker-set-for-honda-activa-combi-brake-type-4-grey-sticker","sticker-set"
"graphics-sticker-set-for-honda-activa-combi-brake-type-4-black-sticker","sticker-set"
"graphics-sticker-set-for-honda-activa-combi-brake-type-4-silver-sticker","sticker-set"
"graphics-sticker-set-for-honda-activa-type-3-green-shield-sticker","sticker-set"
"graphics-sticker-set-for-honda-activa-type-3-silver-shield-sticker","sticker-set"
"graphics-sticker-set-for-honda-activa-type-3-grey-shield-sticker","sticker-set"
"graphics-sticker-set-for-honda-activa-type-3-blue-shield-sticker","sticker-set"
"graphics-sticker-set-for-honda-activa-type-3-black-shield-sticker","sticker-set"
"graphics-sticker-set-for-honda-activa-type-2-new-model-grey-shield-sticker","sticker-set"
"graphics-sticker-set-for-honda-activa-type-2-new-model-blue-shield-sticker","sticker-set"
"graphics-sticker-set-for-honda-activa-type-2-new-model-silver-shield-sticker","sticker-set"
"graphics-sticker-set-for-honda-activa-type-2-new-model-black-grey-sticker","sticker-set"
"graphics-sticker-set-for-honda-activa-type-2-new-model-black-blue-sticker","sticker-set"
"graphics-sticker-set-for-honda-activa-type-1-old-model-black-shield-sticker","sticker-set"
"graphics-sticker-set-for-honda-activa-type-1-old-model-silver-shield-sticker","sticker-set"
"graphics-sticker-set-for-bajaj-vikrant-blue-vehicle","sticker-set"
"graphics-sticker-set-for-bajaj-vikrant-white-vehicle","sticker-set"
"graphics-sticker-set-for-bajaj-vikrant-red-vehicle","sticker-set"
"graphics-sticker-set-for-bajaj-vikrant-black-vehicle-red-sticker","sticker-set"
"graphics-sticker-set-for-bajaj-avenger-220-street-black-vehicle-green-sticker","sticker-set"
"graphics-sticker-set-for-bajaj-avenger-220-street-white-vehicle","sticker-set"
"graphics-sticker-set-for-bajaj-avenger-150-street-blue-vehicle","sticker-set"
"graphics-sticker-set-for-bajaj-avenger-150-street-mehroon-vehicle","sticker-set"
"graphics-sticker-set-for-bajaj-avenger-150-street-black-vehicle","sticker-set"
"graphics-sticker-set-for-bajaj-avenger-200-common-sticker","sticker-set"
"graphics-sticker-set-for-bajaj-avenger-black-vehicle-silver-sticker","sticker-set"
"graphics-sticker-set-for-honda-livo-black-vehicle-red-sticker","sticker-set"
"graphics-sticker-set-for-bajaj-platina-comfortec-type-2-black-vehicle-grey-sticker","sticker-set"
"graphics-sticker-set-for-bajaj-hgear-110-black-vehicle-red-sticker","sticker-set"
"graphics-sticker-set-for-bajaj-hgear-110-black-vehicle-blue-sticker","sticker-set"
"graphics-sticker-set-for-bajaj-platina-comfortec-type-1-black-vehicle-brown-sticker","sticker-set"
"graphics-sticker-set-for-bajaj-platina-comfortec-type-1-black-vehicle-grey-sticker","sticker-set"
"graphics-sticker-set-for-bajaj-platina-comfortec-type-1-red-vehicle","sticker-set"
"graphics-sticker-set-for-bajaj-platina-125-type-2-black-vehicle-green-sticker","sticker-set"
"graphics-sticker-set-for-bajaj-platina-125-type-2-red-vehicle","sticker-set"
"graphics-sticker-set-for-bajaj-platina-125-type-2-black-vehicle-red-sticker","sticker-set"
"graphics-sticker-set-for-bajaj-platina-125-type-2-black-vehicle-purple-sticker","sticker-set"
"graphics-sticker-set-for-bajaj-platina-100-es-red-vehicle","sticker-set"
"graphics-sticker-set-for-bajaj-platina-100-es-black-vehicle-blue-sticker","sticker-set"
"graphics-sticker-set-for-bajaj-platina-100-es-black-vehicle-red-sticker","sticker-set"
"graphics-sticker-set-for-bajaj-platina-100-es-black-vehicle-grey-sticker","sticker-set"
"graphics-sticker-set-for-bajaj-platina-old-model-grey-vehicle","sticker-set"
"graphics-sticker-set-for-bajaj-platina-old-model-blue-vehicle","sticker-set"
"graphics-sticker-set-for-bajaj-platina-old-model-silver-vehicle","sticker-set"
"graphics-sticker-set-for-bajaj-platina-old-model-red-vehicle","sticker-set"
"graphics-sticker-set-for-bajaj-platina-old-model-black-vehicle-purple-sticker","sticker-set"
"graphics-sticker-set-for-bajaj-platina-old-model-black-vehicle-red-sticker","sticker-set"
"graphics-sticker-set-for-bajaj-platina-new-model-red-vehicle","sticker-set"
"graphics-sticker-set-for-bajaj-platina-new-model-black-vehicle-purple-sticker","sticker-set"
"graphics-sticker-set-for-bajaj-platina-new-model-black-vehicle-mehroon-sticker","sticker-set"
"graphics-sticker-set-for-bajaj-platina-new-model-black-vehicle-grey-sticker","sticker-set"
"graphics-sticker-set-for-bajaj-discover-125-blue-vehicle-blue-sticker","sticker-set"
"graphics-sticker-set-for-bajaj-discover-125-red-vehicle-red-sticker","sticker-set"
"graphics-sticker-set-for-bajaj-discover-125-black-vehicle-gold-sticker","sticker-set"
"graphics-sticker-set-for-honda-livo-black-vehicle-black-red-sticker","sticker-set"
"graphics-sticker-set-for-bajaj-discover-110-blue-vehicle-blue-sticker","sticker-set"
"graphics-sticker-set-for-bajaj-discover-110-red-vehicle-red-sticker","sticker-set"
"graphics-sticker-set-for-bajaj-discover-110-black-vehicle-gold-sticker","sticker-set"
"graphics-sticker-set-for-bajaj-discover-110-black-vehicle-red-sticker","sticker-set"
"graphics-sticker-set-for-bajaj-discover-125-red-vehicle","sticker-set"
"graphics-sticker-set-for-honda-livo-black-vehicle-blue-sticker","sticker-set"
"graphics-sticker-set-for-bajaj-discover-125-black-vehicle-blue-sticker","sticker-set"
"graphics-sticker-set-for-bajaj-discover-125-st-black-vehicle-red-sticker","sticker-set"
"graphics-sticker-set-for-bajaj-discover-125-st-black-vehicle-blue-sticker","sticker-set"
"graphics-sticker-set-for-bajaj-discover-150-h1-black-vehicle-blue-sticker","sticker-set"
"graphics-sticker-set-for-bajaj-discover-150-h1-black-vehicle-red-sticker","sticker-set"
"graphics-sticker-set-for-bajaj-discover-150-3d-black-vehicle-gold-green-sticker","sticker-set"
"graphics-sticker-set-for-bajaj-discover-150-3d-black-vehicle-pink-sticker","sticker-set"
"graphics-sticker-set-for-bajaj-discover-100m-blue-vehicle","sticker-set"
"graphics-sticker-set-for-bajaj-discover-100m-red-vehicle","sticker-set"
"graphics-sticker-set-for-bajaj-discover-100m-black-vehicle-blue-sticker","sticker-set"
"graphics-sticker-set-for-bajaj-discover-100m-black-vehicle-red-sticker","sticker-set"
"graphics-sticker-set-for-bajaj-discover-100m-black-vehicle-green-sticker","sticker-set"
"graphics-sticker-set-for-bajaj-discover-100-3d-black-vehicle-mehroon-sticker","sticker-set"
"graphics-sticker-set-for-bajaj-discover-100-3d-black-vehicle-gold-sticker","sticker-set"
"graphics-sticker-set-for-bajaj-discover-100cc-red-vehicle","sticker-set"
"graphics-sticker-set-for-bajaj-discover-100cc-black-vehicle-green-sticker","sticker-set"
"graphics-sticker-set-for-bajaj-discover-100cc-black-vehicle-red-sticker","sticker-set"
"graphics-sticker-set-for-bajaj-discover-100cc-black-vehicle-blue-sticker","sticker-set"
"graphics-sticker-set-for-bajaj-discover-135-new-model-grey-vehicle","sticker-set"
"graphics-sticker-set-for-bajaj-discover-135-new-model-black-vehicle-red-sticker","sticker-set"
"graphics-sticker-set-for-bajaj-discover-135-new-model-black-vehicle-blue-sticker","sticker-set"
"graphics-sticker-set-for-bajaj-discover-135-blue-vehicle-blue-sticker","sticker-set"
"graphics-sticker-set-for-bajaj-discover-135-red-vehicle","sticker-set"
"graphics-sticker-set-for-bajaj-discover-135-black-vehicle-red-sticker","sticker-set"
"graphics-sticker-set-for-bajaj-discover-135-black-vehicle-blue-sticker","sticker-set"
"graphics-sticker-set-for-bajaj-discover-new-model-red-vehicle","sticker-set"
"graphics-sticker-set-for-bajaj-discover-new-model-blue-vehicle","sticker-set"
"graphics-sticker-set-for-bajaj-discover-new-model-green-vehicle","sticker-set"
"graphics-sticker-set-for-bajaj-discover-new-model-black-vehicle-grey-sticker","sticker-set"
"graphics-sticker-set-for-bajaj-discover-new-model-black-vehicle-red-sticker","sticker-set"
"graphics-sticker-set-for-bajaj-discover-new-model-black-vehicle-blue-sticker","sticker-set"
"graphics-sticker-set-for-bajaj-discover-new-model-black-vehicle-purple-sticker","sticker-set"
"graphics-sticker-set-for-bajaj-discover-old-model-common-sticker","sticker-set"
"graphics-sticker-set-for-bajaj-xcd-135-new-model-blue-vehicle","sticker-set"
"graphics-sticker-set-for-bajaj-xcd-135-new-model-red-vehicle","sticker-set"
"graphics-sticker-set-for-bajaj-xcd-135-new-model-black-vehicle-green-sticker","sticker-set"
"graphics-sticker-set-for-bajaj-xcd-135-new-model-black-vehicle-red-sticker","sticker-set"
"graphics-sticker-set-for-bajaj-xcd-135-new-model-black-vehicle-blue-sticker","sticker-set"
"graphics-sticker-set-for-bajaj-xcd-125-silver-vehicle","sticker-set"
"graphics-sticker-set-for-bajaj-xcd-125-blue-vehicle","sticker-set"
"graphics-sticker-set-for-bajaj-xcd-125-red-vehicle","sticker-set"
"graphics-sticker-set-for-bajaj-xcd-125-black-vehicle","sticker-set"
"graphics-sticker-set-for-bajaj-pulsar-180-ug10-black-vehicle-blue-sticker","sticker-set"
"graphics-sticker-set-for-bajaj-pulsar-150-ug10-black-vehicle-red-sticker","sticker-set"
"graphics-sticker-set-for-bajaj-pulsar-150-ug10-black-vehicle-blue-sticker","sticker-set"
"graphics-sticker-set-for-bajaj-pulsar-ns-200-pearl-white-vehicle","sticker-set"
"graphics-sticker-set-for-bajaj-pulsar-ns-200-red-vehicle","sticker-set"
"graphics-sticker-set-for-bajaj-pulsar-ns-200-black-vehicle-grey-sticker","sticker-set"
"graphics-sticker-set-for-bajaj-pulsar-rs-200-yellow-vehicle","sticker-set"
"graphics-sticker-set-for-bajaj-pulsar-rs-200-red-vehicle","sticker-set"
"graphics-sticker-set-for-bajaj-pulsar-135-ls-type-3-blue-vehicle","sticker-set"
"graphics-sticker-set-for-bajaj-pulsar-135-ls-4-valve-red-vehicle","sticker-set"
"graphics-sticker-set-for-bajaj-pulsar-135-ls-4-valve-black-vehicle","sticker-set"
"graphics-sticker-set-for-bajaj-pulsar-ns-220-white-vehicle","sticker-set"
"graphics-sticker-set-for-bajaj-pulsar-ns-220-blue-vehicle","sticker-set"
"graphics-sticker-set-for-bajaj-pulsar-ns-220-red-vehicle","sticker-set"
"graphics-sticker-set-for-bajaj-pulsar-220-f-ug9-black-vehicle-red-sticker","sticker-set"
"graphics-sticker-set-for-bajaj-pulsar-220-f-ug9-black-vehicle-blue-sticker","sticker-set"
"graphics-sticker-set-for-bajaj-pulsar-180-ug8-black-vehicle-grey-sticker","sticker-set"
"graphics-sticker-set-for-bajaj-pulsar-180-ug8-black-vehicle-blue-sticker","sticker-set"
"graphics-sticker-set-for-bajaj-pulsar-150-ug8-black-vehicle-red-sticker","sticker-set"
"graphics-sticker-set-for-bajaj-pulsar-150-ug8-black-vehicle-grey-sticker","sticker-set"
"graphics-sticker-set-for-bajaj-pulsar-150-ug8-black-vehicle-blue-sticker","sticker-set"
"graphics-sticker-set-for-bajaj-pulsar-220-f-ug8-black-vehicle-chrome-sticker","sticker-set"
"graphics-sticker-set-for-bajaj-pulsar-220-f-ug7-red-vehicle","sticker-set"
"graphics-sticker-set-for-bajaj-pulsar-220-f-ug7-blue-vehicle","sticker-set"
"graphics-sticker-set-for-bajaj-pulsar-220-f-ug7-black-vehicle-red-sticker","sticker-set"
"graphics-sticker-set-for-bajaj-pulsar-180-ug7-red-vehicle","sticker-set"
"graphics-sticker-set-for-bajaj-pulsar-180-ug7-blue-vehicle","sticker-set"
"graphics-sticker-set-for-bajaj-pulsar-180-ug7-black-vehicle-red-sticker","sticker-set"
"graphics-sticker-set-for-bajaj-pulsar-150-ug7-black-vehicle-chrome-sticker","sticker-set"
"graphics-sticker-set-for-bajaj-pulsar-150-ug7-blue-vehicle","sticker-set"
"graphics-sticker-set-for-bajaj-pulsar-150-ug7-red-vehicle","sticker-set"
"graphics-sticker-set-for-bajaj-pulsar-150-ug7-black-vehicle-red-sticker","sticker-set"
"graphics-sticker-set-for-bajaj-pulsar-220-f-ug6-black-vehicle-red-sticker","sticker-set"
"graphics-sticker-set-for-bajaj-pulsar-220-f-ug6-blue-vehicle","sticker-set"
"graphics-sticker-set-for-bajaj-pulsar-220-f-ug6-chrome-sticker","sticker-set"
"graphics-sticker-set-for-bajaj-pulsar-180-ug6-red-vehicle","sticker-set"
"graphics-sticker-set-for-bajaj-pulsar-180-ug6-blue-vehicle","sticker-set"
"graphics-sticker-set-for-bajaj-pulsar-180-ug6-white-vehicle","sticker-set"
"graphics-sticker-set-for-bajaj-pulsar-180-ug6-chrome-sticker","sticker-set"
"graphics-sticker-set-for-bajaj-pulsar-150-ug6-red-vehicle","sticker-set"
"graphics-sticker-set-for-bajaj-pulsar-150-ug6-blue-vehicle","sticker-set"
"graphics-sticker-set-for-bajaj-pulsar-150-ug6-white-vehicle","sticker-set"
"graphics-sticker-set-for-bajaj-pulsar-150-ug6-chrome-sticker","sticker-set"
"graphics-sticker-set-for-bajaj-pulsar-220-f-ug4-red-vehicle","sticker-set"
"graphics-sticker-set-for-bajaj-pulsar-220-f-ug4-blue-vehicle","sticker-set"
"graphics-sticker-set-for-bajaj-pulsar-220-ug4-black-vehicle-red-sticker","sticker-set"
"graphics-sticker-set-for-bajaj-pulsar-220-ug4-black-vehicle-blue-sticker","sticker-set"
"graphics-sticker-set-for-bajaj-pulsar-180-ug4-red-vehicle","sticker-set"
"graphics-sticker-set-for-bajaj-pulsar-180-ug4-black-vehicle-blue-sticker","sticker-set"
"graphics-sticker-set-for-bajaj-pulsar-150-ug4-black-vehicle-red-sticker","sticker-set"
"graphics-sticker-set-for-bajaj-pulsar-150-ug4-black-vehicle-blue-sticker","sticker-set"
"graphics-sticker-set-for-bajaj-pulsar-180cc-dtsi-digital-meter-silver-vehicle","sticker-set"
"graphics-sticker-set-for-bajaj-pulsar-180cc-dtsi-digital-meter-white-vehicle","sticker-set"
"graphics-sticker-set-for-bajaj-pulsar-150cc-dtsi-digital-meter-black-vehicle-white-sticker","sticker-set"
"graphics-sticker-set-for-bajaj-pulsar-180cc-dtsi-analog-meter-black-vehicle-white-sticker","sticker-set"
"graphics-sticker-set-for-bajaj-pulsar-150cc-dtsi-analog-meter-black-vehicle-white-sticker","sticker-set"
"graphics-sticker-set-for-bajaj-ct-110-green-vehicle-gold-sticker","sticker-set"
"graphics-sticker-set-for-bajaj-ct-110-red-vehicle-red-sticker","sticker-set"
"graphics-sticker-set-for-bajaj-ct-110-black-vehicle-blue-sticker","sticker-set"
"graphics-sticker-set-for-bajaj-ct-100-electric-start-red-vehicle","sticker-set"
"graphics-sticker-set-for-bajaj-ct-100-electric-start-black-vehicle-red-sticker","sticker-set"
"graphics-sticker-set-for-bajaj-ct-100-electric-start-black-vehicle-blue-sticker","sticker-set"
"graphics-sticker-set-for-bajaj-ct-100-type-3-red-vehicle","sticker-set"
"graphics-sticker-set-for-bajaj-ct-100-type-3-blue-vehicle","sticker-set"
"graphics-sticker-set-for-bajaj-ct-100-type-3-black-vehicle-red-sticker","sticker-set"
"graphics-sticker-set-for-bajaj-ct-100-type-3-black-vehicle-blue-sticker","sticker-set"
"graphics-sticker-set-for-bajaj-ct-100-type-2-new-model-green-vehicle","sticker-set"
"graphics-sticker-set-for-bajaj-ct-100-type-2-new-model-blue-vehicle","sticker-set"
"graphics-sticker-set-for-bajaj-ct-100-type-2-new-model-red-vehicle","sticker-set"
"graphics-sticker-set-for-bajaj-ct-100-type-2-new-model-black-vehicle-grey-sticker","sticker-set"
"graphics-sticker-set-for-bajaj-ct-100-type-2-new-model-black-vehicle-red-sticker","sticker-set"
"graphics-sticker-set-for-bajaj-ct-100-type-2-new-model-black-vehicle-blue-sticker","sticker-set"
"graphics-sticker-set-for-bajaj-boxer-ct-deluxe-new-logo-silver-vehicle","sticker-set"
"graphics-sticker-set-for-bajaj-boxer-ct-deluxe-new-logo-black-vehicle","sticker-set"
"graphics-sticker-set-for-bajaj-boxer-ct-deluxe-new-logo-red-vehicle","sticker-set"
"graphics-sticker-set-for-bajaj-boxer-ar-blue-vehicle","sticker-set"
"graphics-sticker-set-for-bajaj-boxer-ar-red-vehicle","sticker-set"
"graphics-sticker-set-for-bajaj-boxer-ar-black-vehicle","sticker-set"
"graphics-sticker-set-for-bajaj-boxer-at-new-logo-black-vehicle","sticker-set"
"graphics-sticker-set-for-bajaj-boxer-at-new-logo-red-vehicle","sticker-set"
"graphics-sticker-set-for-bajaj-boxer-at-old-model-black-vehicle","sticker-set"
"graphics-sticker-set-for-bajaj-boxer-at-old-model-red-vehicle","sticker-set"
"graphics-sticker-set-for-bajaj-caliber-115-new-model-hoodi-baba-blue-vehicle","sticker-set"
"graphics-sticker-set-for-bajaj-caliber-115-new-model-hoodi-baba-silver-grey-vehicle","sticker-set"
"graphics-sticker-set-for-bajaj-caliber-115-new-model-hoodi-baba-green-vehicle","sticker-set"
"graphics-sticker-set-for-bajaj-caliber-115-new-model-hoodi-baba-black-vehicle-green-sticker","sticker-set"
"graphics-sticker-set-for-bajaj-caliber-115-new-model-hoodi-baba-balck-vehicle-red-sticker","sticker-set"
"graphics-sticker-set-for-bajaj-caliber-115-new-model-hoodi-baba-red-vehicle","sticker-set"
"graphics-sticker-set-for-bajaj-caliber-croma-silver-vehicle","sticker-set"
"graphics-sticker-set-for-bajaj-caliber-croma-black-vehicle","sticker-set"
"graphics-sticker-set-for-bajaj-caliber-croma-mehroon-vehicle","sticker-set"
"graphics-sticker-set-for-bajaj-caliber-new-model-green-vehicle","sticker-set"
"graphics-sticker-set-for-bajaj-caliber-new-model-cherry-red-vehicle","sticker-set"
"graphics-sticker-set-for-bajaj-caliber-new-model-black-vehicle","sticker-set"
"graphics-sticker-set-for-bajaj-caliber-old-model-black-vehicle","sticker-set"
"graphics-sticker-set-for-bajaj-caliber-old-model-mehroon-vehicle","sticker-set"
"graphics-sticker-set-for-bajaj-4s-champion-new-model-black-vehicle","sticker-set"
"graphics-sticker-set-for-bajaj-4s-champion-old-model-black-vehicle","sticker-set"
"graphics-sticker-set-for-honda-livo-black-vehicle-blue-black-sticker","sticker-set"
"graphics-sticker-set-for-hero-passion-pro-i3s-millenium-edition-red-vehicle","sticker-set"
"graphics-sticker-set-for-tvs-ntorq-125-super-squad-edition-red-gold-sticker","sticker-set"
"graphics-sticker-set-for-tvs-scooty-pep-streak-black-pink-sticker","sticker-set"
"graphics-sticker-set-for-tvs-scooty-pep-streak-black-purple-sticker","sticker-set"
"graphics-sticker-set-for-tvs-scooty-pep-streak-black-orange-sticker","sticker-set"
"graphics-sticker-set-for-tvs-scooty-pep-streak-black-green-sticker","sticker-set"
"graphics-sticker-set-for-tvs-scooty-pep-streak-black-red-sticker","sticker-set"
"graphics-sticker-set-for-tvs-scooty-pep-plus-25-year-aniversary-red-sticker","sticker-set"
"graphics-sticker-set-for-tvs-scooty-pep-plus-type-2-white-green-sticker","sticker-set"
"graphics-sticker-set-for-tvs-scooty-pep-plus-type-2-white-red-sticker","sticker-set"
"graphics-sticker-set-for-tvs-scooty-pep-plus-type-1-purple-sticker","sticker-set"
"graphics-sticker-set-for-tvs-scooty-pep-plus-type-1-red-sticker","sticker-set"
"graphics-sticker-set-for-tvs-scooty-pep-plus-type-1-black-vehicle-black-sticker","sticker-set"
"graphics-sticker-set-for-tvs-scooty-pep-plus-black-vehicle-orange-sticker","sticker-set"
"graphics-sticker-set-for-tvs-scooty-es-new-model-green-shield-sticker","sticker-set"
"graphics-sticker-set-for-tvs-scooty-es-new-model-red-black-shield-sticker","sticker-set"
"graphics-sticker-set-for-tvs-scooty-es-new-model-silver-shield-sticker","sticker-set"
"graphics-sticker-set-for-tvs-scooty-es-new-model-black-white-shield-sticker","sticker-set"
"graphics-sticker-set-for-tvs-xl-100-black-sticker","sticker-set"
"graphics-sticker-set-for-tvs-xl-super-heavy-duty-new-model-common-sticker","sticker-set"
"graphics-sticker-set-for-tvs-xl-super-old-model-red-black-sticker","sticker-set"
"graphics-sticker-set-for-tvs-xl-super-old-model-green-sticker","sticker-set"
"graphics-sticker-set-for-tvs-apache-310-red-vehicle-green-sticker","sticker-set"
"graphics-sticker-set-for-tvs-apache-rtr-160-4v-blue-vehicle","sticker-set"
"graphics-sticker-set-for-tvs-apache-rtr-160-hyper-hyper-edge-type-3-black-vehicle","sticker-set"
"graphics-sticker-set-for-tvs-apache-rtr-160-hyper-hyper-edge-type-2-black-vehicle-yellow-sticker","sticker-set"
"graphics-sticker-set-for-tvs-apache-rtr-160-white-vehicle","sticker-set"
"graphics-sticker-set-for-tvs-apache-rtr-180-type-2-without-abs-blue-vehicle","sticker-set"
"graphics-sticker-set-for-tvs-apache-rtr-180-type-2-without-abs-red-vehicle","sticker-set"
"graphics-sticker-set-for-tvs-apache-rtr-180-type-2-abs-blue-vehicle","sticker-set"
"graphics-sticker-set-for-tvs-apache-rtr-180-type-2-abs-red-vehicle","sticker-set"
"graphics-sticker-set-for-tvs-apache-rtr-180-type-2-abs-white-vehicle","sticker-set"
"graphics-sticker-set-for-tvs-apache-rtr-160-hyper-edgetype-1-black-vehicle","sticker-set"
"graphics-sticker-set-for-tvs-apache-rtr-160-hyper-edgetype-1-white-vehicle","sticker-set"
"graphics-sticker-set-for-tvs-apache-rtr-160-hyper-edgetype-1-yellow-vehicle","sticker-set"
"graphics-sticker-set-for-tvs-apache-rtr-180-type-1-yellow-vehicle","sticker-set"
"graphics-sticker-set-for-tvs-apache-rtr-180-type-1-grey-vehicle-red-sticker","sticker-set"
"graphics-sticker-set-for-tvs-apache-125-common-sticker-sticker","sticker-set"
"graphics-sticker-set-for-tvs-star-city-plus-type-3-grey-vehicle","sticker-set"
"graphics-sticker-set-for-tvs-star-city-plus-type-3-white-vehicle","sticker-set"
"graphics-sticker-set-for-tvs-star-city-plus-type-3-red-vehicle","sticker-set"
"graphics-sticker-set-for-tvs-star-city-plus-type-3-black-vehicle","sticker-set"
"graphics-sticker-set-for-tvs-tvs-sports-purple-vehicle","sticker-set"
"graphics-sticker-set-for-tvs-tvs-sports-grey-vehicle","sticker-set"
"graphics-sticker-set-for-tvs-tvs-sports-red-vehicle","sticker-set"
"graphics-sticker-set-for-tvs-tvs-sports-black-vehicle-blue-sticker","sticker-set"
"graphics-sticker-set-for-tvs-tvs-sports-black-vehicle-red-sticker","sticker-set"
"graphics-sticker-set-for-tvs-star-sports-type-3-red-vehicle","sticker-set"
"graphics-sticker-set-for-tvs-star-sports-type-3-white-vehicle-blue-sticker","sticker-set"
"graphics-sticker-set-for-tvs-star-sports-type-3-white-vehicle-red-sticker","sticker-set"
"graphics-sticker-set-for-tvs-star-sports-type-3-grey-vehicle","sticker-set"
"graphics-sticker-set-for-tvs-star-sports-type-3-black-vehicle-green-sticker","sticker-set"
"graphics-sticker-set-for-tvs-star-sports-type-3-black-vehicle-orange-sticker","sticker-set"
"graphics-sticker-set-for-tvs-star-sports-type-3-black-vehicle-red-sticker","sticker-set"
"graphics-sticker-set-for-tvs-star-sports-grey-vehicle-grey-sticker","sticker-set"
"graphics-sticker-set-for-tvs-star-sports-silver-vehicle-silver-sticker","sticker-set"
"graphics-sticker-set-for-tvs-star-sports-red-vehicle-black-sticker","sticker-set"
"graphics-sticker-set-for-tvs-star-sports-red-vehicle-golden-sticker","sticker-set"
"graphics-sticker-set-for-tvs-star-sports-black-vehicle-red-sticker","sticker-set"
"graphics-sticker-set-for-tvs-star-sports-black-vehicle-blue-sticker","sticker-set"
"graphics-sticker-set-for-tvs-star-sports-black-vehicle-orange-sticker","sticker-set"
"graphics-sticker-set-for-tvs-star-sports-black-vehicle-chrome-sticker","sticker-set"
"graphics-sticker-set-for-tvs-star-city-110-type-3-red-vehicle","sticker-set"
"graphics-sticker-set-for-tvs-star-city-110-type-3-black-vehicle-yellow-sticker","sticker-set"
"graphics-sticker-set-for-tvs-star-city-110-type-3-black-vehicle-red-sticker","sticker-set"
"graphics-sticker-set-for-tvs-star-city-110-type-3-black-vehicle-grey-sticker","sticker-set"
"graphics-sticker-set-for-tvs-star-city-110-type-3-black-vehicle-blue-sticker","sticker-set"
"graphics-sticker-set-for-tvs-star-city-110-type-2-purple-vehicle-purple-sticker","sticker-set"
"graphics-sticker-set-for-tvs-star-city-110-type-2-red-vehicle-red-sticker","sticker-set"
"graphics-sticker-set-for-tvs-star-city-110-type-2-black-vehicle-yellow-sticker","sticker-set"
"graphics-sticker-set-for-tvs-star-city-110-type-2-black-vehicle-red-sticker","sticker-set"
"graphics-sticker-set-for-tvs-star-city-110-type-2-black-vehicle-grey-sticker","sticker-set"
"graphics-sticker-set-for-tvs-star-city-110-type-2-black-vehicle-blue-sticker","sticker-set"
"graphics-sticker-set-for-tvs-star-city-110-red-vehicle","sticker-set"
"graphics-sticker-set-for-tvs-star-city-110-black-vehicle-green-sticker","sticker-set"
"graphics-sticker-set-for-tvs-star-city-110-black-vehicle-red-sticker","sticker-set"
"graphics-sticker-set-for-tvs-star-city-110-black-vehicle-grey-sticker","sticker-set"
"graphics-sticker-set-for-tvs-star-city-110-black-vehicle-golden-sticker","sticker-set"
"graphics-sticker-set-for-tvs-star-city-cvti-silver-vehicle-gold-sticker","sticker-set"
"graphics-sticker-set-for-tvs-star-city-cvti-red-vehicle-grey-sticker","sticker-set"
"graphics-sticker-set-for-tvs-star-city-cvti-mehroon-vehicle-orange-sticker","sticker-set"
"graphics-sticker-set-for-tvs-star-city-cvti-black-vehicle-grey-sticker","sticker-set"
"graphics-sticker-set-for-tvs-star-city-cvti-black-vehicle-purple-sticker","sticker-set"
"graphics-sticker-set-for-tvs-star-city-cvti-black-vehicle-blue-sticker","sticker-set"
"graphics-sticker-set-for-tvs-star-city-type-2-blue-vehicle","sticker-set"
"graphics-sticker-set-for-tvs-star-city-type-2-grey-vehicle","sticker-set"
"graphics-sticker-set-for-tvs-star-city-type-2-silver-vehicle","sticker-set"
"graphics-sticker-set-for-tvs-star-city-type-2-purple-vehicle","sticker-set"
"graphics-sticker-set-for-tvs-star-city-type-2-red-vehicle-orange-sticker","sticker-set"
"graphics-sticker-set-for-tvs-star-city-type-2-black-vehicle-yellow-sticker","sticker-set"
"graphics-sticker-set-for-tvs-star-city-type-2-black-vehicle","sticker-set"
"graphics-sticker-set-for-tvs-star-city-type-1-old-model-purple-vehicle","sticker-set"
"graphics-sticker-set-for-tvs-star-city-type-1-old-model-grey-vehicle-sticker","sticker-set"
"graphics-sticker-set-for-tvs-star-city-type-1-old-model-red-vehicle","sticker-set"
"graphics-sticker-set-for-tvs-star-city-type-1-old-model-black-vehicle","sticker-set"
"graphics-sticker-set-for-tvs-tvs-star-blue-vehicle","sticker-set"
"graphics-sticker-set-for-tvs-tvs-star-red-vehicle-red-sticker","sticker-set"
"graphics-sticker-set-for-tvs-tvs-star-red-vehicle-black-sticker","sticker-set"
"graphics-sticker-set-for-tvs-tvs-star-black-vehicle-blue-sticker","sticker-set"
"graphics-sticker-set-for-tvs-tvs-star-black-vehicle-yellow-sticker","sticker-set"
"graphics-sticker-set-for-tvs-victor-limited-edition-red-vehicle-gold-sticker","sticker-set"
"graphics-sticker-set-for-tvs-victor-limited-edition-silver-vehicle-red-sticker","sticker-set"
"graphics-sticker-set-for-tvs-victor-limited-edition-blue-vehicle-blue-sticker","sticker-set"
"graphics-sticker-set-for-tvs-victor-limited-edition-black-vehicle-gold-sticker","sticker-set"
"graphics-sticker-set-for-tvs-radeon-purple-vehicle","sticker-set"
"graphics-sticker-set-for-tvs-victor-gx-silver-vehicle","sticker-set"
"graphics-sticker-set-for-tvs-victor-gx-red-vehicle","sticker-set"
"graphics-sticker-set-for-tvs-victor-gx-black-vehicle-blue-sticker","sticker-set"
"graphics-sticker-set-for-tvs-victor-gx-black-vehicle-red-sticker","sticker-set"
"graphics-sticker-set-for-tvs-victor-glx-yellow-vehicle-blue-sticker","sticker-set"
"graphics-sticker-set-for-tvs-victor-glx-green-vehicle-red-sticker","sticker-set"
"graphics-sticker-set-for-tvs-victor-glx-blue-vehicle-blue-sticker","sticker-set"
"graphics-sticker-set-for-tvs-victor-glx-blue-vehicle-white-sticker","sticker-set"
"graphics-sticker-set-for-tvs-victor-glx-red-vehicle","sticker-set"
"graphics-sticker-set-for-tvs-victor-glx-black-vehicle-orange-sticker","sticker-set"
"graphics-sticker-set-for-tvs-victor-glx-black-vehicle-red-sticker","sticker-set"
"graphics-sticker-set-for-tvs-victor-glx-black-vehicle-blue-sticker","sticker-set"
"graphics-sticker-set-for-tvs-victor-gl-new-model-purple-vehicle","sticker-set"
"graphics-sticker-set-for-tvs-victor-gl-new-model-golden-vehicle","sticker-set"
"graphics-sticker-set-for-tvs-victor-gl-new-model-black-red-vehicle","sticker-set"
"graphics-sticker-set-for-tvs-victor-gl-new-model-blue-silver-vehicle","sticker-set"
"graphics-sticker-set-for-tvs-victor-old-model-blue-vehicle","sticker-set"
"graphics-sticker-set-for-tvs-victor-old-model-green-vehicle","sticker-set"
"graphics-sticker-set-for-tvs-victor-old-model-silver-vehicle","sticker-set"
"graphics-sticker-set-for-tvs-victor-old-model-black-vehicle","sticker-set"
"graphics-sticker-set-for-tvs-victor-old-model-red-vehicle","sticker-set"
"graphics-sticker-set-for-tvs-max-100-deluxe-green-vehicle","sticker-set"
"graphics-sticker-set-for-tvs-max-100-deluxe-black-vehicle","sticker-set"
"graphics-sticker-set-for-tvs-max-100-deluxe-red-vehicle","sticker-set"
"graphics-sticker-set-for-tvs-max-100-r-new-model-green-vehicle","sticker-set"
"graphics-sticker-set-for-tvs-max-100-r-new-model-black-vehicle","sticker-set"
"graphics-sticker-set-for-tvs-max-100-r-new-model-red-vehicle","sticker-set"
"graphics-sticker-set-for-tvs-max-100-new-model-blue-vehicle","sticker-set"
"graphics-sticker-set-for-tvs-max-100-new-model-green-vehicle","sticker-set"
"graphics-sticker-set-for-tvs-max-100-new-model-black-vehicle","sticker-set"
"graphics-sticker-set-for-tvs-max-100-new-model-red-vehicle","sticker-set"
"graphics-sticker-set-for-kinetic-4s-white-grey-vehicle","sticker-set"
"graphics-sticker-set-for-kinetic-4s-black-silver-vehicle","sticker-set"
"graphics-sticker-set-for-kinetic-zx-zoom-black-vehicle","sticker-set"
"graphics-sticker-set-for-kinetic-zx-zoom-grey-vehicle","sticker-set"
"graphics-sticker-set-for-kinetic-zx-zoom-blue-vehicle","sticker-set"
"graphics-sticker-set-for-kinetic-zx-zoom-mehroon-vehicle","sticker-set"
"graphics-sticker-set-for-kinetic-y2k-gold-vehicle","sticker-set"
"graphics-sticker-set-for-kinetic-y2k-red-vehicle","sticker-set"
"graphics-sticker-set-for-kinetic-dx-new-model-white-vehicle","sticker-set"
"graphics-sticker-set-for-kinetic-dx-new-model-black-vehicle","sticker-set"
"graphics-sticker-set-for-kinetic-dx-new-model-red-vehicle","sticker-set"
"graphics-sticker-set-for-kinetic-zx-new-model-common-vehicle","sticker-set"
"graphics-sticker-set-for-royal-enfield-bullet-himalayan-abs-grey-vehicle","sticker-set"
"graphics-sticker-set-for-royal-enfield-bullet-himalayan-abs-black-vehicle","sticker-set"
"graphics-sticker-set-for-royal-enfield-bullet-classic-350-type-4-black-vehicle","sticker-set"
"graphics-sticker-set-for-royal-enfield-bullet-classic-350-type-4-blue-vehicle","sticker-set"
"graphics-sticker-set-for-royal-enfield-bullet-classic-350-type-4-grey-vehicle","sticker-set"
"graphics-sticker-set-for-royal-enfield-bullet-classic-350-type-4-red-vehicle","sticker-set"
"graphics-sticker-set-for-royal-enfield-classic-350-bs6-black-vehicle","sticker-set"
"graphics-sticker-set-for-royal-enfield-bullet-classic-type-3-white-vehicle","sticker-set"
"graphics-sticker-set-for-royal-enfield-bullet-classic-type-3-black-vehicle","sticker-set"
"graphics-sticker-set-for-royal-enfield-bullet-electra-new-model-black-vehicle-silver-sticker","sticker-set"
"graphics-sticker-set-for-royal-enfield-bullet-electra-new-model-black-vehicle-gold-sticker","sticker-set"
"graphics-sticker-set-for-royal-enfield-bullet-classic-type-2-mehroon-vehicle","sticker-set"
"graphics-sticker-set-for-hero-honda-splendor-plus-type2-silver-vehicle-blue-sticker","sticker-set"
"graphics-sticker-set-for-royal-enfield-bullet-classic-type-2-black-vehicle","sticker-set"
"graphics-sticker-set-for-royal-enfield-bullet-classic-common-vehicle","sticker-set"
"graphics-sticker-set-for-royal-enfield-bullet-electra-old-model-black-vehicle","sticker-set"
"graphics-sticker-set-for-royal-enfield-bullet-electra-old-model-blue-vehicle","sticker-set"
"graphics-sticker-set-for-royal-enfield-bullet-electra-old-model-silver-vehicle","sticker-set"
"graphics-sticker-set-for-royal-enfield-bullet-electra-old-model-red-vehicle","sticker-set"
"graphics-sticker-set-for-hero-honda-splendor-plus-type1-silver-vehicle-blue-sticker","sticker-set"
"graphics-sticker-set-for-hero-honda-splendor-plus-type2-black-vehicle-blue-sticker","sticker-set"
"graphics-sticker-set-for-yamaha-ray-zr-125-fi-street-rally-green-shield-vehicle-red-sticker","sticker-set"
"graphics-sticker-set-for-yamaha-ray-zr-125-fi-street-rally-blue-shield-sticker","sticker-set"
"graphics-sticker-set-for-yamaha-ray-zr-125-green-shield-sticker","sticker-set"
"graphics-sticker-set-for-yamaha-ray-zr-125-cyan-blue-sticker","sticker-set"
"graphics-sticker-set-for-yamaha-ray-zr-125-matte-blue-sticker","sticker-set"
"graphics-sticker-set-for-yamaha-ray-zr-125-red-sticker","sticker-set"
"graphics-sticker-set-for-yamaha-ray-zr-125-black-sticker","sticker-set"
"graphics-sticker-set-for-yamaha-ray-z-cygnus-blue-shield-sticker","sticker-set"
"graphics-sticker-set-for-yamaha-ray-z-cygnus-red-shield-sticker","sticker-set"
"graphics-sticker-set-for-yamaha-ray-z-cygnus-black-shield-blue-sticker","sticker-set"
"graphics-sticker-set-for-yamaha-fazer-black-vehicle-military-green-sticker","sticker-set"
"graphics-sticker-set-for-yamaha-fz-s-type-10-black-vehicle-red-sticker","sticker-set"
"graphics-sticker-set-for-yamaha-fz-s-fi-military-green-vehicle","sticker-set"
"graphics-sticker-set-for-yamaha-fz-s-25-2020-edition-green-vehicle","sticker-set"
"graphics-sticker-set-for-yamaha-fz-s-25-2020-edition-white-vehicle","sticker-set"
"graphics-sticker-set-for-yamaha-fz-s-fi-v3-white-vehicle","sticker-set"
"graphics-sticker-set-for-yamaha-fz-s-fi-v3-red-vehicle","sticker-set"
"graphics-sticker-set-for-yamaha-fz-s-fi-v3-matte-blue-vehicle","sticker-set"
"graphics-sticker-set-for-yamaha-fz-s-spl-fi-green-vehicle","sticker-set"
"graphics-sticker-set-for-yamaha-fz-s-moon-light-edition-black-vehicle-chrome-sticker","sticker-set"
"graphics-sticker-set-for-yamaha-fz-s-fi-type-9-white-vehicle-blue-sticker","sticker-set"
"graphics-sticker-set-for-yamaha-fz-s-fi-type-9-green-vehicle-yellow-sticker","sticker-set"
"graphics-sticker-set-for-yamaha-fz-s-fi-type-9-grey-vehicle-red-sticker","sticker-set"
"graphics-sticker-set-for-yamaha-fz-s-fi-type-9-black-vehicle-blue-sticker","sticker-set"
"graphics-sticker-set-for-yamaha-fz-s-type-8-white-vehicle-red-sticker","sticker-set"
"graphics-sticker-set-for-yamaha-fz-s-type-8-black-vehicle-blue-sticker","sticker-set"
"graphics-sticker-set-for-yamaha-fz-s-type-7-midnight-spl-vehicle","sticker-set"
"graphics-sticker-set-for-yamaha-fz-s-type-5-blue-vehicle","sticker-set"
"graphics-sticker-set-for-yamaha-fz-s-type-5-red-vehicle","sticker-set"
"graphics-sticker-set-for-yamaha-fz-s-type-5-black-vehicle-gold-sticker","sticker-set"
"graphics-sticker-set-for-yamaha-fz-s-type-5-black-vehicle-copper-sticker","sticker-set"
"graphics-sticker-set-for-yamaha-fz-s-type-5-black-vehicle-green-sticker","sticker-set"
"graphics-sticker-set-for-yamaha-fz-s-type-4-white-vehicle","sticker-set"
"graphics-sticker-set-for-yamaha-fz-s-type-4-red-vehicle","sticker-set"
"graphics-sticker-set-for-yamaha-fz-s-type-3-black-vehicle-green-sticker","sticker-set"
"graphics-sticker-set-for-yamaha-fz-v2-black-vehicle-gold-sticker","sticker-set"
"graphics-sticker-set-for-yamaha-fz-type-2-silver-vehicle-grey-sticker","sticker-set"
"graphics-sticker-set-for-yamaha-fz-type-2-black-vehicle-red-sticker","sticker-set"
"graphics-sticker-set-for-yamaha-fz-type-2-red-vehicle","sticker-set"
"graphics-sticker-set-for-yamaha-fz-type-2-black-vehicle","sticker-set"
"graphics-sticker-set-for-yamaha-r15-holi-edition-red-vehicle","sticker-set"
"graphics-sticker-set-for-yamaha-r15-holi-edition-green-vehicle","sticker-set"
"graphics-sticker-set-for-yamaha-r15-s-green-vehicle","sticker-set"
"graphics-sticker-set-for-yamaha-r15-s-red-vehicle","sticker-set"
"graphics-sticker-set-for-yamaha-r15-s-blue-vehicle","sticker-set"
"graphics-sticker-set-for-yamaha-r15-special-edition-blue-vehicle","sticker-set"
"graphics-sticker-set-for-yamaha-r15-v3-abs-blue-vehicle","sticker-set"
"graphics-sticker-set-for-yamaha-fz-25-blue-vehicle","sticker-set"
"graphics-sticker-set-for-yamaha-fz-25-black-vehicle","sticker-set"
"graphics-sticker-set-for-yamaha-r15-type-11-white-vehicle-blue-sticker","sticker-set"
"graphics-sticker-set-for-yamaha-r15-type-10-black-vehicle-blue-sticker","sticker-set"
"graphics-sticker-set-for-yamaha-r15-new-model-type-9-black-vehicle-grey-sticker","sticker-set"
"graphics-sticker-set-for-yamaha-r15-new-model-type-9-white-vehicle-red-sticker","sticker-set"
"graphics-sticker-set-for-yamaha-r15-type-7-black-vehicle-gold-sticker","sticker-set"
"graphics-sticker-set-for-yamaha-r15-type-6-red-vehicle","sticker-set"
"graphics-sticker-set-for-yamaha-r15-type-6-black-vehicle","sticker-set"
"graphics-sticker-set-for-yamaha-r15-type-4-white-vehicle-blue-sticker","sticker-set"
"graphics-sticker-set-for-yamaha-r15-type-3-black-vehicle-green-sticker","sticker-set"
"graphics-sticker-set-for-yamaha-r15-v2-type-2-white-vehicle-red-sticker","sticker-set"
"graphics-sticker-set-for-yamaha-r15-v1-type-1-red-vehicle","sticker-set"
"graphics-sticker-set-for-yamaha-r15-v1-type-1-black-vehicle","sticker-set"
"graphics-sticker-set-for-yamaha-libero-new-model-golden-vehicle","sticker-set"
"graphics-sticker-set-for-yamaha-libero-new-model-blue-vehicle","sticker-set"
"graphics-sticker-set-for-yamaha-libero-new-model-wine-red-vehicle","sticker-set"
"graphics-sticker-set-for-yamaha-libero-new-model-black-vehicle","sticker-set"
"graphics-sticker-set-for-yamaha-enticer-purple-vehicle","sticker-set"
"graphics-sticker-set-for-yamaha-enticer-mehroon-vehicle","sticker-set"
"graphics-sticker-set-for-yamaha-enticer-golden-vehicle","sticker-set"
"graphics-sticker-set-for-yamaha-enticer-black-vehicle","sticker-set"
"graphics-sticker-set-for-yamaha-rx-100-tiger-export-model-blue-vehicle","sticker-set"
"graphics-sticker-set-for-yamaha-rx-100-tiger-export-model-silver-vehicle","sticker-set"
"graphics-sticker-set-for-yamaha-rx-100-tiger-export-model-black-vehicle","sticker-set"
"graphics-sticker-set-for-yamaha-rx-100-tiger-export-model-red-vehicle","sticker-set"
"graphics-sticker-set-for-yamaha-rx-z-new-model-blue-vehicle-black-sticker","sticker-set"
"graphics-sticker-set-for-yamaha-rx-z-old-model-blue-vehicle","sticker-set"
"graphics-sticker-set-for-yamaha-rx-z-old-model-black-vehicle","sticker-set"
"graphics-sticker-set-for-yamaha-ybx-new-model-red-vehicle","sticker-set"
"graphics-sticker-set-for-yamaha-ybx-125-old-model-blue-vehicle","sticker-set"
"graphics-sticker-set-for-yamaha-ybx-125-old-model-golden-vehicle","sticker-set"
"graphics-sticker-set-for-yamaha-ybx-125-old-model-black-vehicle","sticker-set"
"graphics-sticker-set-for-yamaha-ybx-125-old-model-red-vehicle","sticker-set"
"graphics-sticker-set-for-yamaha-crux-r-green-vehicle","sticker-set"
"graphics-sticker-set-for-yamaha-crux-r-mehroon-vehicle","sticker-set"
"graphics-sticker-set-for-yamaha-crux-r-silver-vehicle","sticker-set"
"graphics-sticker-set-for-yamaha-crux-r-black-vehicle","sticker-set"
"graphics-sticker-set-for-yamaha-crux-r-red-vehicle","sticker-set"
"graphics-sticker-set-for-yamaha-crux-new-2006-model-black-vehicle","sticker-set"
"graphics-sticker-set-for-yamaha-crux-new-2006-model-red-vehicle","sticker-set"
"graphics-sticker-set-for-yamaha-crux-new-model-silver-vehicle","sticker-set"
"graphics-sticker-set-for-yamaha-crux-new-model-black-vehicle","sticker-set"
"graphics-sticker-set-for-yamaha-crux-old-model-green-vehicle","sticker-set"
"graphics-sticker-set-for-yamaha-crux-old-model-silver-vehicle","sticker-set"
"graphics-sticker-set-for-yamaha-crux-old-model-black-vehicle","sticker-set"
"graphics-sticker-set-for-yamaha-crux-old-model-red-vehicle","sticker-set"
"graphics-sticker-set-for-yamaha-rx-135-blue-vehicle","sticker-set"
"graphics-sticker-set-for-yamaha-rx-135-black-vehicle","sticker-set"
"graphics-sticker-set-for-yamaha-rx-135-yeis-red-vehicle","sticker-set"
"graphics-sticker-set-for-yamaha-rxg-black-vehicle","sticker-set"
"graphics-sticker-set-for-yamaha-rxg-red-vehicle","sticker-set"
"graphics-sticker-set-for-yamaha-rx-5-speed-bike-red-vehicle","sticker-set"
"graphics-sticker-set-for-yamaha-rx-5-speed-bike-black-vehicle","sticker-set"
"graphics-sticker-set-for-yamaha-rx-6-volt-black-vehicle","sticker-set"
"graphics-sticker-set-for-yamaha-rx-6-volt-silver-vehicle","sticker-set"
"graphics-sticker-set-for-yamaha-rx-100-blue-lining-sticker","sticker-set"
"graphics-sticker-set-for-yamaha-rx-100-silver-lining-sticker","sticker-set"
"graphics-sticker-set-for-yamaha-rx-100-black-lining-sticker","sticker-set"
"graphics-sticker-set-for-yamaha-rx-100-golden-lining-sticker","sticker-set"
"graphics-sticker-set-for-suzuki-access-125-new-model-white-shield-sticker","sticker-set"
"graphics-sticker-set-for-suzuki-access-125-new-model-grey-shield-sticker","sticker-set"
"graphics-sticker-set-for-suzuki-access-125-new-model-silver-shield-sticker","sticker-set"
"graphics-sticker-set-for-suzuki-access-125-new-model-mehroon-shield-sticker","sticker-set"
"graphics-sticker-set-for-suzuki-access-125-new-model-black-shield-sticker","sticker-set"
"graphics-sticker-set-for-suzuki-gixxer-blue-vehicle","sticker-set"
"graphics-sticker-set-for-suzuki-gixxer-red-vehicle","sticker-set"
"graphics-sticker-set-for-hero-honda-splendor-plus-type1-black-vehicle-blue-sticker","sticker-set"
"graphics-sticker-set-for-suzuki-shogun-black-vehicle","sticker-set"
"graphics-sticker-set-for-suzuki-shogun-silver-vehicle","sticker-set"
"graphics-sticker-set-for-suzuki-samurai-new-model-green-vehicle","sticker-set"
"graphics-sticker-set-for-suzuki-samurai-new-model-black-vehicle","sticker-set"
"graphics-sticker-set-for-suzuki-samurai-new-model-red-vehicle","sticker-set"
"graphics-sticker-set-for-suzuki-samurai-old-model-green-vehicle-green-sticker","sticker-set"
"graphics-sticker-set-for-suzuki-samurai-old-model-black-vehicle-yellow-sticker","sticker-set"
"graphics-sticker-set-for-suzuki-fiero-old-model-blue-vehicle","sticker-set"
"graphics-sticker-set-for-suzuki-fiero-old-model-silver-vehicle","sticker-set"
"graphics-sticker-set-for-suzuki-fiero-old-model-black-vehicle","sticker-set"
"graphics-sticker-set-for-suzuki-fiero-old-model-red-vehicle","sticker-set"
"graphics-sticker-set-for-suzuki-max-r-old-model-green-vehicle","sticker-set"
"graphics-sticker-set-for-suzuki-max-r-old-model-silver-vehicle","sticker-set"
"graphics-sticker-set-for-suzuki-max-r-old-model-blue-vehicle","sticker-set"
"graphics-sticker-set-for-suzuki-max-r-old-model-black-or-red-vehicle","sticker-set"
"graphics-sticker-set-for-suzuki-max-100-old-model-blue-vehicle","sticker-set"
"graphics-sticker-set-for-suzuki-max-100-old-model-green-vehicle","sticker-set"
"graphics-sticker-set-for-suzuki-max-100-old-model-silver-vehicle","sticker-set"
"graphics-sticker-set-for-suzuki-max-100-old-model-black-vehicle","sticker-set"
"graphics-sticker-set-for-suzuki-max-100-old-model-red-vehicle","sticker-set"
"graphics-sticker-set-for-royal-enfiled-bullet-classic-350-white-vehicle","sticker-set"
"graphics-sticker-set-for-royal-enfiled-bullet-classic-350-black-vehicle","sticker-set"
"graphics-sticker-set-for-royal-enfiled-bullet-classic-350-green-vehicle","sticker-set"
"graphics-sticker-set-for-royal-enfiled-classic-350-blue-sticker","sticker-set"
"graphics-sticker-set-for-yamaha-ray-zr-silver-blue-sticker","sticker-set"
"graphics-sticker-set-for-yamaha-ray-zr-black-red-sticker","sticker-set"
"graphics-sticker-set-for-yamaha-fz-s-fi-v3-edition-black-vehicle","sticker-set"
"graphics-sticker-set-for-yamaha-fz-fi-black-vehicle","sticker-set"
"graphics-sticker-set-for-yamaha-mt-15-blue-vehicle","sticker-set"
"graphics-sticker-set-for-yamaha-mt-15-grey-vehicle-blue-sticker","sticker-set"
"graphics-sticker-set-for-yamaha-mt-15-black-vehicle","sticker-set"
"graphics-sticker-set-for-yamaha-mt-15-white-vehicle-black-sticker","sticker-set"
"graphics-sticker-set-for-yamaha-fz-s-v3-abs","sticker-set"
"graphics-sticker-set-for-yamaha-ray-zr-v3-monster-edition-black-blue-sticker","sticker-set"
"graphics-sticker-set-for-yamaha-fz-s-v3-abs-black-vehicle","sticker-set"
"graphics-sticker-set-for-yamaha-fz-s-v3-abs-grey-vehicle","sticker-set"
"graphics-sticker-set-for-yamaha-ray-zr-125-black-vehicle-green-sticker","sticker-set"
"graphics-sticker-set-for-yamaha-ray-zr-125-orange-sticker","sticker-set"
"graphics-sticker-set-for-yamaha-ray-zr-125-3-0-black-vehicle-yellow-sticker","sticker-set"
"graphics-sticker-set-for-yamaha-ray-zr-125-3-0-blue-vehicle-blue-shield-sticker","sticker-set"
"graphics-sticker-set-for-hero-splendor-old-model-red-vehicle","sticker-set"
"graphics-sticker-set-for-hero-honda-splendor-old-model-red-vehicle","sticker-set"
"graphics-sticker-set-for-hero-splendor-old-model-grey-vehicle","sticker-set"
"graphics-sticker-set-for-hero-honda-splendor-old-model-grey-vehicle","sticker-set"
"graphics-sticker-set-for-yamaha-r15-v3-abs-red-vehicle","sticker-set"
"graphics-sticker-set-for-hero-splendor-old-model-black-vehicle","sticker-set"
"graphics-sticker-set-for-hero-honda-splendor-old-model-black-vehicle","sticker-set"
"graphics-sticker-set-for-tvs-jupiter-classic-gold-vehicle-gold-shield-sticker","sticker-set"
"graphics-sticker-set-for-tvs-jupiter-classic-pearl-white-vehicle-pearl-white-shield-sticker","sticker-set"
"graphics-sticker-set-for-tvs-jupiter-classic-brown-vehicle-brown-shield-sticker","sticker-set"
"graphics-sticker-set-for-tvs-ntorq-xt-125-black-vehicle-black-shield-sticker","sticker-set"
"graphics-sticker-set-for-tvs-ntorq-125-spider-edition-blue-vehicle-blue-shield-sticker","sticker-set"
"graphics-sticker-set-for-tvs-ntorq-125-thor-edition-black-vehicle-black-shield-sticker","sticker-set"
"graphics-sticker-set-for-tvs-ntorq-125-race-xp-black-vehicle-red-sticker","sticker-set"
"graphics-sticker-set-for-tvs-victor-blue-vehicle","sticker-set"
"graphics-sticker-set-for-tvs-victor-red-vehicle","sticker-set"
"graphics-sticker-set-for-tvs-victor-black-vehicle","sticker-set"
"graphics-sticker-set-for-tvs-victor-grey-vehicle","sticker-set"
"graphics-sticker-set-for-tvs-star-city-type-4-blue-vehicle","sticker-set"
"graphics-sticker-set-for-tvs-tvs-sports-black-vehicle-green-sticker","sticker-set"
"graphics-sticker-set-for-tvs-radeon-special-edition-blue-vehicle","sticker-set"
"graphics-sticker-set-for-tvs-radeon-special-edition-red-vehicle","sticker-set"
"graphics-sticker-set-for-tvs-radeon-fi-green-vehicle","sticker-set"
"graphics-sticker-set-for-tvs-radeon-fi-blue-vehicle","sticker-set"
"graphics-sticker-set-for-tvs-radeon-fi-purple-vehicle","sticker-set"
"graphics-sticker-set-for-tvs-radeon-fi-golden-vehicle","sticker-set"
"graphics-sticker-set-for-tvs-radeon-fi-white-vehicle","sticker-set"
"graphics-sticker-set-for-tvs-radeon-fi-red-vehicle","sticker-set"
"graphics-sticker-set-for-tvs-radeon-fi-black-vehicle","sticker-set"
"graphics-sticker-set-for-tvs-xl-100-heavy-duty-red-vehicle-gold-sticker","sticker-set"
"graphics-sticker-set-for-tvs-xl-100-heavy-duty-black-vehicle-gold-sticker","sticker-set"
"graphics-sticker-set-for-hero-honda-pleasure-type2-black-shield-sticker","sticker-set"
"graphics-sticker-set-for-tvs-xl-100-comfort-white-vehicle-red-sticker","sticker-set"
"graphics-sticker-set-for-hero-honda-pleasure-type1-black-shield-sticker","sticker-set"
"graphics-sticker-set-for-tvs-xl-100-comfort-grey-vehicle-blue-sticker","sticker-set"
"graphics-sticker-set-for-tvs-pep-plus-flower-edition","sticker-set"
"graphics-sticker-set-for-tvs-xl-100-fi-heavy-duty-red-vehicle","sticker-set"
"graphics-sticker-set-for-tvs-xl-100-fi-heavy-duty-black-vehicle","sticker-set"
"graphics-sticker-set-for-honda-cb-200x-silver-tank-sticker","sticker-set"
"graphics-sticker-set-for-honda-cb-200x-red-tank-sticker","sticker-set"
"graphics-sticker-set-for-honda-shine-125-type-3-blue-tank-sticker","sticker-set"
"graphics-sticker-set-for-honda-shine-125-type-3-red-tank-sticker","sticker-set"
"graphics-sticker-set-for-honda-shine-125-type-3-grey-tank-sticker","sticker-set"
"graphics-sticker-set-for-honda-shine-125-type-3-black-tank-grey-sticker","sticker-set"
"graphics-sticker-set-for-honda-shine-125-type-3-black-tank-red-sticker","sticker-set"
"graphics-sticker-set-for-honda-hornet-2-0-abs-blue-vehicle","sticker-set"
"graphics-sticker-set-for-honda-hornet-2-0-abs-red-vehicle","sticker-set"
"graphics-sticker-set-for-honda-hornet-2-0-abs-grey-vehicle","sticker-set"
"graphics-sticker-set-for-honda-hornet-2-0-abs-black-vehicle","sticker-set"
"graphics-sticker-set-for-honda-livo-black-vehicle-black-sticker","sticker-set"
"graphics-sticker-set-for-bajaj-pulsar-220-f-blue-sticker","sticker-set"
"graphics-sticker-set-for-bajaj-pulsar-220-f-red-sticker","sticker-set"
"graphics-sticker-set-for-honda-sp-shine-type-3-white-vehicle-grey-sticker","sticker-set"
"graphics-sticker-set-for-honda-sp-shine-type-3-blue-vehicle-grey-sticker","sticker-set"
"graphics-sticker-set-for-honda-sp-shine-type-3-red-vehicle-grey-sticker","sticker-set"
"graphics-sticker-set-for-honda-sp-shine-type-3-grey-vehicle-red-sticker","sticker-set"
"graphics-sticker-set-for-honda-sp-shine-type-3-black-vehicle-yellow-sticker","sticker-set"
"graphics-sticker-set-for-honda-sp-shine-type-3-black-vehicle-red-sticker","sticker-set"
"graphics-sticker-set-for-honda-sp-125-black-vehicle-green-sticker","sticker-set"
"graphics-sticker-set-for-honda-sp-125-matte-blue-vehicle-red-sticker","sticker-set"
"graphics-sticker-set-for-honda-activa-special-edition-grey-vehicle","sticker-set"
"graphics-sticker-set-for-honda-activa-premium-edition-2022-white-vehicle","sticker-set"
"graphics-sticker-set-for-honda-activa-premium-edition-2022-grey-vehicle","sticker-set"
"graphics-sticker-set-for-honda-x-blade-type-1-grey-vehicle","sticker-set"
"graphics-sticker-set-for-honda-x-blade-type-1-black-vehicle","sticker-set"
"graphics-sticker-set-for-honda-x-blade-type-2-abs-black-vehicle","sticker-set"
"graphics-sticker-set-for-honda-x-blade-type-2-abs-red-vehicle","sticker-set"
"graphics-sticker-set-for-honda-hornet-2-0-repsol-orange-vehicle","sticker-set"
"graphics-sticker-set-for-honda-shine-125-grey-vehicle-gold-sticker","sticker-set"
"graphics-sticker-set-for-bajaj-pulsar-n160-blue-vehicle","sticker-set"
"graphics-sticker-set-for-bajaj-pulsar-n160-red-vehicle","sticker-set"
"graphics-sticker-set-for-bajaj-pulsar-n160-black-vehicle","sticker-set"
"graphics-sticker-set-for-bajaj-platina-110-abs-blue-vehicle","sticker-set"
"graphics-sticker-set-for-bajaj-platina-110-abs-mehroon-vehicle","sticker-set"
"graphics-sticker-set-for-bajaj-platina-110-abs-black-vehicle","sticker-set"
"graphics-sticker-set-for-bajaj-discover-125-h-2-black-vehicle-red-sticker","sticker-set"
"graphics-sticker-set-for-bajaj-discover-150-h-2-black-vehicle-red-sticker","sticker-set"
"graphics-sticker-set-for-bajaj-discover-125-h-2-black-vehicle-blue-sticker","sticker-set"
"graphics-sticker-set-for-bajaj-discover-150-h-2-black-vehicle-blue-sticker","sticker-set"
"graphics-sticker-set-for-bajaj-avenger-220-street-blue-vehicle","sticker-set"
"graphics-sticker-set-for-bajaj-avenger-220-street-maroon-vehicle","sticker-set"
"graphics-sticker-set-for-bajaj-avenger-220-street-black-vehicle","sticker-set"
"graphics-sticker-set-for-bajaj-platina-comfortec-type-1-black-vehicle-red-sticker","sticker-set"
"graphics-sticker-set-for-bajaj-platina-comfortec-type-1-black-vehicle-blue-sticker","sticker-set"
"graphics-sticker-set-for-bajaj-platina-comfortec-type-1-black-vehicle-gold-sticker","sticker-set"
"graphics-sticker-set-for-bajaj-avenger-220-cruise-black-vehicle","sticker-set"
"graphics-sticker-set-for-bajaj-ct-125x-green-vehicle-gold-sticker","sticker-set"
"graphics-sticker-set-for-bajaj-ct-125x-red-vehicle-red-sticker","sticker-set"
"graphics-sticker-set-for-bajaj-ct-125x-black-vehicle-grey-sticker","sticker-set"
"graphics-sticker-set-for-bajaj-ct-125x-black-vehicle-red-sticker","sticker-set"
"graphics-sticker-set-for-bajaj-ct-125x-black-vehicle-blue-sticker","sticker-set"
"graphics-sticker-set-for-bajaj-ct-110x-green-vehicle-gold-sticker","sticker-set"
"graphics-sticker-set-for-bajaj-ct-110x-red-vehicle-red-sticker","sticker-set"
"graphics-sticker-set-for-bajaj-ct-110x-black-vehicle-grey-sticker","sticker-set"
"graphics-sticker-set-for-bajaj-ct-110x-black-vehicle-red-sticker","sticker-set"
"graphics-sticker-set-for-bajaj-ct-110x-black-vehicle-blue-sticker","sticker-set"
"graphics-sticker-set-for-bajaj-pulsar-150-abs-2-0-grey-vehicle-green-sticker","sticker-set"
"graphics-sticker-set-for-bajaj-pulsar-150-abs-2-0-black-vehicle-orange-sticker","sticker-set"
"graphics-sticker-set-for-bajaj-pulsar-150-abs-2-0-black-vehicle-silver-sticker","sticker-set"
"graphics-sticker-set-for-bajaj-pulsar-125-abs-2-0-grey-vehicle-green-sticker","sticker-set"
"graphics-sticker-set-for-bajaj-pulsar-125-abs-2-0-black-vehicle-orange-sticker","sticker-set"
"graphics-sticker-set-for-bajaj-pulsar-125-abs-2-0-black-vehicle-silver-sticker","sticker-set"
"graphics-sticker-set-for-bajaj-pulsar-220-f-white-vehicle","sticker-set"
"graphics-sticker-set-for-bajaj-discover-125-black-vehicle-red-sticker","sticker-set"
"graphics-sticker-set-for-bajaj-discover-125-black-vehicle-dark-red-sticker","sticker-set"
"graphics-sticker-set-for-bajaj-pulsar-220-f-black-vehicle-silver-sticker","sticker-set"
"graphics-sticker-set-for-bajaj-pulsar-220-f-black-vehicle-blue-sticker","sticker-set"
"graphics-sticker-set-for-bajaj-pulsar-220-f-black-vehicle-red-sticker","sticker-set"
"graphics-sticker-set-for-bajaj-pulsar-ns-180-blue-vehicle","sticker-set"
"graphics-sticker-set-for-bajaj-pulsar-ns-180-red-vehicle","sticker-set"
"graphics-sticker-set-for-bajaj-pulsar-ns-180-black-vehicle","sticker-set"
"graphics-sticker-set-for-bajaj-pulsar-ns-180-white-vehicle","sticker-set"
"graphics-sticker-set-for-bajaj-pulsar-ns-150-blue-vehicle","sticker-set"
"graphics-sticker-set-for-bajaj-pulsar-ns-150-red-vehicle","sticker-set"
"graphics-sticker-set-for-bajaj-pulsar-ns-150-black-vehicle","sticker-set"
"graphics-sticker-set-for-bajaj-pulsar-ns-150-white-vehicle","sticker-set"
"graphics-sticker-set-for-bajaj-pulsar-rs-200-type-3-white-vehicle-red-sticker","sticker-set"
"graphics-sticker-set-for-bajaj-pulsar-rs-200-type-3-white-vehicle-black-sticker","sticker-set"
"graphics-sticker-set-for-bajaj-pulsar-rs-200-type-3-white-vehicle-blue-sticker","sticker-set"
"graphics-sticker-set-for-bajaj-pulsar-rs-200-type-2-abs-white-vehicle","sticker-set"
"graphics-sticker-set-for-bajaj-pulsar-rs-200-type-2-abs-red-vehicle","sticker-set"
"graphics-sticker-set-for-bajaj-pulsar-rs-200-type-2-abs-black-vehicle-grey-sticker","sticker-set"
"graphics-sticker-set-for-bajaj-pulsar-ns-160-abs-white-vehicle","sticker-set"
"graphics-sticker-set-for-bajaj-pulsar-ns-160-abs-blue-vehicle","sticker-set"
"graphics-sticker-set-for-bajaj-pulsar-ns-160-abs-grey-vehicle","sticker-set"
"graphics-sticker-set-for-bajaj-pulsar-ns-160-abs-red-vehicle","sticker-set"
"graphics-sticker-set-for-bajaj-pulsar-ns-200-abs-white-vehicle","sticker-set"
"graphics-sticker-set-for-bajaj-pulsar-ns-200-abs-blue-vehicle","sticker-set"
"graphics-sticker-set-for-bajaj-pulsar-ns-200-abs-grey-vehicle","sticker-set"
"graphics-sticker-set-for-bajaj-pulsar-ns-200-abs-red-vehicle","sticker-set"
"graphics-sticker-set-for-bajaj-4s-champion-old-model-red-vehicle-blue-sticker","sticker-set"
"graphics-sticker-set-for-suzuki-gixxer-sf-red-vehicle","sticker-set"
"graphics-sticker-set-for-suzuki-gixxer-sf-black-vehicle","sticker-set"
"graphics-sticker-set-for-suzuki-gixxer-sf-abs-silver-vehicle","sticker-set"
"graphics-sticker-set-for-suzuki-gixxer-sf-abs-black-vehicle","sticker-set"
"graphics-sticker-set-for-hero-glamour-type-4-asfs-black-vehicle","sticker-set"
"graphics-sticker-set-for-hero-glamour-type-4-asfs-red-vehicle","sticker-set"
"graphics-sticker-set-for-hero-glamour-type-4-asfs-black-vehicle-grey-sticker","sticker-set"
"graphics-sticker-set-for-hero-glamour-type-4-asfs-black-vehicle-spark-red-sticker","sticker-set"
"graphics-sticker-set-for-hero-glamour-type-4-asfs-black-vehicle-blue-sticker","sticker-set"
"graphics-sticker-set-for-hero-glamour-type-4-asfs-black-vehicle-red-sticker","sticker-set"
"graphics-sticker-set-for-hero-glamour-type-3-asfs-slver-vehicle","sticker-set"
"graphics-sticker-set-for-hero-glamour-type-3-asfs-red-vehicle","sticker-set"
"graphics-sticker-set-for-hero-glamour-type-3-asfs-black-vehicle-grey-sticker","sticker-set"
"graphics-sticker-set-for-hero-glamour-type-3-asfs-black-vehicle-red-sticker","sticker-set"
"graphics-sticker-set-for-hero-glamour-type-3-asfs-black-vehicle-blue-sticker","sticker-set"
"graphics-sticker-set-for-hero-splendor-ismart-110-silver-tank-red-sticker","sticker-set"
"graphics-sticker-set-for-hero-xpulse-200-4v-blue-white-sticker","sticker-set"
"graphics-sticker-set-for-hero-xpulse-200-4v-blue-black-sticker","sticker-set"
"graphics-sticker-set-for-hero-xpulse-200-4v-red-black-sticker","sticker-set"
"graphics-sticker-set-for-hero-passion-pro-xtec-red-vehicle","sticker-set"
"graphics-sticker-set-for-hero-passion-pro-xtec-black-vehicle-blue-sticker","sticker-set"
"graphics-sticker-set-for-hero-passion-pro-xtec-black-vehicle-silver-sticker","sticker-set"
"graphics-sticker-set-for-hero-honda-ignitor-type-2-yellow-vehicle","sticker-set"
"graphics-sticker-set-for-hero-honda-ignitor-type-2-white-vehicle","sticker-set"
"graphics-sticker-set-for-hero-honda-ignitor-type-2-black-vehicle","sticker-set"
"graphics-sticker-set-for-bajaj-4s-champion-old-model-wine-red-vehicle-orange-sticker","sticker-set"
"graphics-sticker-set-for-hero-passion-pro-i3s-black-vehicle","sticker-set"
"graphics-sticker-set-for-hero-passion-pro-i3s-blue-vehicle","sticker-set"
"graphics-sticker-set-for-hero-glamour-i3s-xtec-fi-black-red-sticker","sticker-set"
"graphics-sticker-set-for-hero-glamour-i3s-xtec-fi-black-blue-sticker","sticker-set"
"graphics-sticker-set-for-hero-glamour-i3s-xtec-fi-black-silver-sticker","sticker-set"
"graphics-sticker-set-for-hero-maestro-edge-125-i3s-type-5-blue-vehicle","sticker-set"
"graphics-sticker-set-for-hero-maestro-edge-125-i3s-type-5-red-vehicle","sticker-set"
"graphics-sticker-set-for-hero-maestro-edge-125-i3s-type-5-white-vehicle","sticker-set"
"graphics-sticker-set-for-hero-maestro-edge-type-3-white-vehicle","sticker-set"
"graphics-sticker-set-for-hero-maestro-edge-type-3-blue-vehicle","sticker-set"
"graphics-sticker-set-for-hero-maestro-edge-type-3-red-vehicle","sticker-set"
"graphics-sticker-set-for-hero-maestro-edge-type-3-black-vehicle","sticker-set"
"graphics-sticker-set-for-hero-super-splendor-i3s-type-8-digital-meter-grey-orange-sticker","sticker-set"
"graphics-sticker-set-for-hero-super-splendor-i3s-type-8-digital-meter-blue-silver-sticker","sticker-set"
"graphics-sticker-set-for-hero-super-splendor-i3s-type-8-digital-meter-red-silver-sticker","sticker-set"
"graphics-sticker-set-for-hero-super-splendor-i3s-type-8-digital-meter-black-silver-sticker","sticker-set"
"graphics-sticker-set-for-hero-super-splendor-i3s-type-8-digital-meter-black-red-sticker","sticker-set"
"graphics-sticker-set-for-hero-super-splendor-i3s-type-8-black-vehicle-grey-sticker","sticker-set"
"graphics-sticker-set-for-hero-splendor-plus-silver-vehicle","sticker-set"
"graphics-sticker-set-for-hero-splendor-plus-xtec-white-vehicle-blue-sticker","sticker-set"
"graphics-sticker-set-for-hero-splendor-plus-xtec-black-vehicle-blue-sticker","sticker-set"
"graphics-sticker-set-for-hero-splendor-plus-xtec-black-vehicle-silver-sticker","sticker-set"
"graphics-sticker-set-for-hero-splendor-plus-millenium-edition-red-vehicle","sticker-set"
"graphics-sticker-set-for-hero-splendor-plus-black-edition-bumblebee-yellow-sticker","sticker-set"
"graphics-sticker-set-for-hero-splendor-plus-accent-black-edition-fire-gold-sticker","sticker-set"
"graphics-sticker-set-for-hero-splendor-plus-accent-black-edition-fiery-red-sticker","sticker-set"
"graphics-sticker-set-for-hero-hf-deluxe-black-vehicle-gold-sticker","sticker-set"
"graphics-sticker-set-for-hero-hf-deluxe-red-vehicle","sticker-set"
"graphics-sticker-set-for-hero-hf-deluxe-black-vehicle-blue-sticker","sticker-set"
"graphics-sticker-set-for-hero-hf-100-black-vehicle-blue-sticker","sticker-set"
"graphics-sticker-set-for-hero-hf-100-black-vehicle-red-sticker","sticker-set"
"graphics-sticker-set-for-hero-hf-deluxe-type-1-silver-vehicle","sticker-set"
"graphics-sticker-set-for-hero-hf-deluxe-type-1-red-vehicle","sticker-set"
"graphics-sticker-set-for-hero-hf-deluxe-type-1-black-vehicle-red-sticker","sticker-set"
"graphics-sticker-set-for-hero-hf-deluxe-type-1-black-vehicle-purple-sticker","sticker-set"
"tank-cover-for-yamaha-fz-fz16-fz-s-v1-white-orange-set-of-3","petrol-tank"
"tank-cover-for-yamaha-fz-fz16-fz-s-v1-white-black-set-of-3","petrol-tank"
"tank-cover-for-yamaha-fz-fz16-fz-s-v1-white-blue-set-of-3","petrol-tank"
"vipar-piston-cylinder-kit-for-bajaj-pulsar-rs200-bs3-rs200-bs4-rs200-bs6-ns200-bs3-ns200-bs4-ns200-bs6-as200-200cc-dtsi-engine-block","piston-kit"
"vipar-piston-cylinder-kit-for-hero-karizma","piston-kit"
"handle-bar-switch-for-tvs-xl-100-drl-light-model-left-hand","handle-bar-switch"
"handle-bar-switch-for-hero-splendor-plus-bs4-feb-2017-model-left-hand","handle-bar-switch"
"handle-bar-switch-for-hero-splendor-plus-i3s-bs4-splendor-plus-bs4-feb-2017-model-left-hand","handle-bar-switch"
"handle-bar-switch-for-hero-super-splendor-bs4-mar-2017-model-left-hand","handle-bar-switch"
"handle-bar-switch-for-hero-splendor-pro-bs4-feb-2017-model-self-start-left-hand","handle-bar-switch"
"handle-bar-switch-for-hero-splendor-pro-bs4-feb-2017-model-kick-start-left-hand","handle-bar-switch"
"handle-bar-switch-for-hero-passion-pro-bs4-feb-2017-disc-drum-model-left-hand","handle-bar-switch"
"handle-bar-switch-for-hero-hf-deluxe-bs4-hf-deluxe-eco-bs4-hf-deluxe-i3s-bs4-feb-2017-model-dec-2016-model-left-hand","handle-bar-switch"
"handle-bar-switch-for-hero-hf-deluxe-bs4-hf-deluxe-eco-bs4-hf-deluxe-i3s-bs4-dec-2016-model-left-hand","handle-bar-switch"
"handle-bar-switch-for-bajaj-pulsar-ns-200-bs4-pulsar-ns-160-bs4-5-pin-white-coupler-right-hand","handle-bar-switch"
"handle-bar-switch-for-bajaj-pulsar-ns-200-bs4-pulsar-ns-160-bs4-5-pin-blue-coupler-right-hand","handle-bar-switch"
"handle-bar-switch-for-bajaj-pulsar-135-bs4-pulsar-150-dtsi-bs4-pulsar-180-dtsi-bs4-right-hand","handle-bar-switch"
"handle-bar-switch-for-bajaj-avenger-220-cruise-bs4-right-hand","handle-bar-switch"
"handle-bar-switch-for-bajaj-avenger-150-street-bs4-right-hand","handle-bar-switch"
"handle-bar-switch-for-yamaha-ybx-left-hand","handle-bar-switch"
"handle-bar-switch-for-yamaha-rxg-rx-135-crux-eco-rxz-left-hand","handle-bar-switch"
"handle-bar-switch-for-yamaha-rxg-left-hand","handle-bar-switch"
"handle-bar-switch-for-yamaha-rx-100-left-hand","handle-bar-switch"
"handle-bar-switch-for-yamaha-r15-v2-right-hand","handle-bar-switch"
"handle-bar-switch-for-yamaha-r15-v2-left-hand","handle-bar-switch"
"handle-bar-switch-for-yamaha-rajdoot-eco-right-hand","handle-bar-switch"
"handle-bar-switch-for-yamaha-libero-gladiator-left-hand","handle-bar-switch"
"handle-bar-switch-for-yamaha-fz16-fazer-new-model-right-hand","handle-bar-switch"
"handle-bar-switch-for-yamaha-fz16-right-hand","handle-bar-switch"
"handle-bar-switch-for-yamaha-fz16-left-hand","handle-bar-switch"
"handle-bar-switch-for-yamaha-fazer-right-hand","handle-bar-switch"
"handle-bar-switch-for-yamaha-fazer-left-hand","handle-bar-switch"
"handle-bar-switch-for-yamaha-enticer-left-hand","handle-bar-switch"
"handle-bar-switch-for-yamaha-crux-new-model-left-hand","handle-bar-switch"
"handle-bar-switch-for-yamaha-crux-r-left-hand","handle-bar-switch"
"handle-bar-switch-for-yamaha-crux-left-hand","handle-bar-switch"
"handle-bar-switch-for-tvs-xln-hd-left-hand","handle-bar-switch"
"handle-bar-switch-for-tvs-xln-old-model-left-hand","handle-bar-switch"
"handle-bar-switch-for-tvs-wego-jupiter-zest-kick-start-right-hand","handle-bar-switch"
"handle-bar-switch-for-tvs-xl-super-old-model-left-hand","handle-bar-switch"
"handle-bar-switch-for-tvs-xl-super-left-hand","handle-bar-switch"
"handle-bar-switch-for-tvs-xl-100-2016-model-right-hand","handle-bar-switch"
"handle-bar-switch-for-tvs-xl-100-2016-model-left-hand","handle-bar-switch"
"handle-bar-switch-for-tvs-star-xl-xt-xln-hd-hv-xl-super-sport-left-hand","handle-bar-switch"
"handle-bar-switch-for-tvs-wego-jupiter-zest-with-brake-switch-right-hand","handle-bar-switch"
"handle-bar-switch-for-tvs-wego-left-hand","handle-bar-switch"
"handle-bar-switch-for-tvs-victor-victor-gl-glx-left-hand","handle-bar-switch"
"handle-bar-switch-for-tvs-victor-gx-left-hand","handle-bar-switch"
"handle-bar-switch-for-tvs-victor-left-hand","handle-bar-switch"
"handle-bar-switch-for-tvs-star-star-sport-left-hand","handle-bar-switch"
"handle-bar-switch-for-tvs-star-star-city-star-sport-star-deluxe-left-hand","handle-bar-switch"
"handle-bar-switch-for-tvs-star-star-city-left-hand","handle-bar-switch"
"handle-bar-switch-for-tvs-star-star-city-star-deluxe-right-hand","handle-bar-switch"
"handle-bar-switch-for-tvs-star-city-star-125-ug-jive-right-hand","handle-bar-switch"
"handle-bar-switch-for-tvs-phoenix-125-disc-drum-brake-centra-victor-new-model-2016-left-hand","handle-bar-switch"
"handle-bar-switch-for-tvs-max-100-right-hand","handle-bar-switch"
"handle-bar-switch-for-tvs-fiero-upg-fiero-f2-right-hand","handle-bar-switch"
"handle-bar-switch-for-tvs-fiero-upg-fiero-f2-left-hand","handle-bar-switch"
"handle-bar-switch-for-tvs-fiero-fiero-f2-right-hand","handle-bar-switch"
"handle-bar-switch-for-tvs-fiero-upg-right-hand","handle-bar-switch"
"handle-bar-switch-for-tvs-fiero-f2-left-hand","handle-bar-switch"
"handle-bar-switch-for-tvs-centra-phoenix-125-victor-new-model-2016-new-model-2016-right-hand","handle-bar-switch"
"handle-bar-switch-for-tvs-centra-left-hand","handle-bar-switch"
"handle-bar-switch-for-tvs-ax-100-r-100-max-100-max-100r-left-hand","handle-bar-switch"
"handle-bar-switch-for-tvs-ax-100-r-100-right-hand","handle-bar-switch"
"handle-bar-switch-for-tvs-apache-rtr-160-apache-rtr-180-victor-glx-right-hand","handle-bar-switch"
"handle-bar-switch-for-tvs-apache-rtr-160-apache-rtr-180-victor-glx-left-hand","handle-bar-switch"
"handle-bar-switch-for-tvs-apache-rtr-160-apache-rtr-180-flame-disc-brake-left-hand","handle-bar-switch"
"handle-bar-switch-for-tvs-apache-rtr-efi-right-hand","handle-bar-switch"
"handle-bar-switch-for-tvs-apache-rtr-160-refresh-abs-model-apache-rtr-180-refresh-abs-model-right-hand","handle-bar-switch"
"handle-bar-switch-for-tvs-apache-rtr-160-refresh-apache-rtr-180-refresh-left-hand","handle-bar-switch"
"handle-bar-switch-for-tvs-apache-rtr-160-apache-rtr-180-right-hand","handle-bar-switch"
"handle-bar-switch-for-suzuki-zeus-125-right-hand","handle-bar-switch"
"handle-bar-switch-for-suzuki-zeus-left-hand","handle-bar-switch"
"handle-bar-switch-for-suzuki-samurai-shaolin-shogun-right-hand","handle-bar-switch"
"handle-bar-switch-for-suzuki-samurai-shaolin-shogun-left-hand","handle-bar-switch"
"handle-bar-switch-for-royal-enfield-machismo-left-hand","handle-bar-switch"
"handle-bar-switch-for-royal-enfield-machismo-with-additional-wires-left-hand","handle-bar-switch"
"handle-bar-switch-for-royal-enfield-enfield-silver-plus-left-hand","handle-bar-switch"
"handle-bar-switch-for-royal-enfield-electra-bullet-350-es-bullet-350-ks-classic-350-thunderbird-350-left-hand","handle-bar-switch"
"handle-bar-switch-for-royal-enfield-electra-bullet-right-hand","handle-bar-switch"
"handle-bar-switch-for-royal-enfield-electra-left-hand","handle-bar-switch"
"handle-bar-switch-for-royal-enfield-classic-500-cc-continental-gt-bullet-500-cc-left-hand","handle-bar-switch"
"handle-bar-switch-for-royal-enfield-city-bike-right-hand","handle-bar-switch"
"handle-bar-switch-for-royal-enfield-bullet-electra-350-2008-model-left-hand","handle-bar-switch"
"handle-bar-switch-for-royal-enfield-bullet-standard-350-electra-350-classic-350-disc-brake-classic-500-disc-brake-right-hand","handle-bar-switch"
"handle-bar-switch-for-royal-enfield-bullet-electra-350-cc-drum-brake-right-hand","handle-bar-switch"
"handle-bar-switch-for-royal-enfield-bullet-350-cc-city-bike-machismo-electra-right-hand","handle-bar-switch"
"handle-bar-switch-for-lml-select-select-ii-right-hand","handle-bar-switch"
"handle-bar-switch-for-honda-cb-unicorn-160-hornet-160r-right-hand","handle-bar-switch"
"handle-bar-switch-for-honda-cb-unicorn-160-hornet-160r-left-hand","handle-bar-switch"
"handle-bar-switch-for-honda-unicorn-150-right-hand","handle-bar-switch"
"handle-bar-switch-for-honda-unicorn-150-cb-unicorn-150-left-hand","handle-bar-switch"
"handle-bar-switch-for-honda-cb-twister-110-right-hand","handle-bar-switch"
"handle-bar-switch-for-honda-cb-twister-110-left-hand","handle-bar-switch"
"handle-bar-switch-for-honda-trigger-left-hand","handle-bar-switch"
"handle-bar-switch-for-honda-stunner-drum-brake-right-hand","handle-bar-switch"
"handle-bar-switch-for-honda-stunner-disc-brake-right-hand","handle-bar-switch"
"handle-bar-switch-for-honda-cbf-stunner-125-left-hand","handle-bar-switch"
"handle-bar-switch-for-honda-shine-left-hand","handle-bar-switch"
"handle-bar-switch-for-honda-livo-left-hand","handle-bar-switch"
"handle-bar-switch-for-honda-dream-neo-cd-110-left-hand","handle-bar-switch"
"handle-bar-switch-for-honda-dream-neo-2012-onwards-left-hand","handle-bar-switch"
"handle-bar-switch-for-honda-dream-yuga-dream-neo-2012-onwards-right-hand","handle-bar-switch"
"handle-bar-switch-for-honda-dream-yuga-dream-neo-2012-onwards-left-hand","handle-bar-switch"
"handle-bar-switch-for-honda-cd-unicorn-dazzler-right-hand","handle-bar-switch"
"handle-bar-switch-for-honda-cb-shine-left-hand","handle-bar-switch"
"handle-bar-switch-for-hero-splendor-plus-2015-model-left-hand","handle-bar-switch"
"handle-bar-switch-for-hero-super-splendor-splendor-plus-glamour-glamour-fi-right-hand","handle-bar-switch"
"handle-bar-switch-for-hero-super-splendor-new-model-left-hand","handle-bar-switch"
"handle-bar-switch-for-hero-super-splendor-shine-cb-shine-glamour-glamour-fi-passion-pro-splendor-nxg-right-hand","handle-bar-switch"
"handle-bar-switch-for-hero-super-splendor-glamour-left-hand","handle-bar-switch"
"handle-bar-switch-for-hero-super-splendor-glamour-glamour-fi-left-hand","handle-bar-switch"
"handle-bar-switch-for-hero-splendor-splendor-plus-left-hand","handle-bar-switch"
"handle-bar-switch-for-hero-splendor-plus-new-model-left-hand","handle-bar-switch"
"handle-bar-switch-for-hero-splendor-pro-left-hand","handle-bar-switch"
"handle-bar-switch-for-hero-splendor-nxg-passion-pro-may-07-apr-12-model-left-hand","handle-bar-switch"
"handle-bar-switch-for-hero-splendor-i3s-glamour-i3s-hf-deluxe-i3s-passion-pro-i3s-splendor-plus-i3s-super-splendor-i3s-right-hand","handle-bar-switch"
"handle-bar-switch-for-hero-splendor-pro-splendor-i-smart-i3s-left-hand","handle-bar-switch"
"handle-bar-switch-for-hero-passion-passion-plus-passion-pro-left-hand","handle-bar-switch"
"handle-bar-switch-for-hero-passion-x-pro-kick-start-left-hand","handle-bar-switch"
"handle-bar-switch-for-hero-passion-x-pro-self-start-left-hand","handle-bar-switch"
"handle-bar-switch-for-hero-passion-pro-passion-pro-i3s-left-hand","handle-bar-switch"
"handle-bar-switch-for-hero-passion-pro-passion-pro-i3s-2015-16-model-left-hand","handle-bar-switch"
"handle-bar-switch-for-hero-passion-pro-splendor-nxg-splendor-ismart-i3s-left-hand","handle-bar-switch"
"handle-bar-switch-for-hero-passion-pro-splendor-nxg-hf-deluxe-splendor-pro-passion-pro-right-hand","handle-bar-switch"
"handle-bar-switch-for-hero-passion-pro-self-start-left-hand","handle-bar-switch"
"handle-bar-switch-for-hero-passion-pro-kick-start-left-hand","handle-bar-switch"
"handle-bar-switch-for-hero-karizma-zmr-2009-14-model-right-hand","handle-bar-switch"
"handle-bar-switch-for-hero-karizma-zmr-2009-14-model-left-hand","handle-bar-switch"
"handle-bar-switch-for-hero-karizma-2003-12-model-right-hand","handle-bar-switch"
"handle-bar-switch-for-hero-karizma-2003-12-model-left-hand","handle-bar-switch"
"handle-bar-switch-for-hero-ignitor-2012-14-model-right-hand","handle-bar-switch"
"handle-bar-switch-for-hero-ignitor-2012-14-model-left-hand","handle-bar-switch"
"handle-bar-switch-for-hero-hunk-right-hand","handle-bar-switch"
"handle-bar-switch-for-hero-hunk-left-hand","handle-bar-switch"
"handle-bar-switch-for-hero-cd-deluxe-2006-10-hf-deluxe-2012-16-left-hand","handle-bar-switch"
"handle-bar-switch-for-hero-glamour-2011-14-glamour-fi-2012-16-left-hand","handle-bar-switch"
"handle-bar-switch-for-hero-cd-100-ct-100ss-sleek-street-left-hand","handle-bar-switch"
"handle-bar-switch-for-hero-cd-dawn-cd-deluxe-left-hand","handle-bar-switch"
"handle-bar-switch-for-hero-cd-deluxe-2005-model-left-hand","handle-bar-switch"
"handle-bar-switch-for-hero-cd-deluxe-hf-deluxe-hf-deluxe-eco-hf-deluxe-left-hand","handle-bar-switch"
"handle-bar-switch-for-hero-cd-deluxe-hf-deluxe-hf-deluxe-i3s-2016-model-left-hand","handle-bar-switch"
"handle-bar-switch-for-hero-cbz-drum-brake-right-hand","handle-bar-switch"
"handle-bar-switch-for-hero-cbz-drum-disc-brake-self-start-left-hand","handle-bar-switch"
"handle-bar-switch-for-hero-cbz-disc-brake-right-hand","handle-bar-switch"
"handle-bar-switch-for-hero-cbz-xtreme-2014-model-left-hand","handle-bar-switch"
"handle-bar-switch-for-hero-cbz-xtreme-cbz-xtreme-sports-digital-meter-right-hand","handle-bar-switch"
"handle-bar-switch-for-hero-cbz-xtreme-digital-meter-left-hand","handle-bar-switch"
"handle-bar-switch-for-hero-cbz-xtreme-left-hand","handle-bar-switch"
"handle-bar-switch-for-hero-cbz-xtreme-normal-analog-meter-right-hand","handle-bar-switch"
"handle-bar-switch-for-hero-cbz-xtreme-right-hand","handle-bar-switch"
"handle-bar-switch-for-hero-cbz-drum-disc-brake-kick-start-left-hand","handle-bar-switch"
"handle-bar-switch-for-hero-ambition-135-achiever-drum-brake-right-hand","handle-bar-switch"
"handle-bar-switch-for-hero-ambition-135-drum-brake-right-hand","handle-bar-switch"
"handle-bar-switch-for-hero-ambition-drum-disc-brake-self-start-left-hand","handle-bar-switch"
"handle-bar-switch-for-hero-ambition-drum-disc-brake-kick-start-left-hand","handle-bar-switch"
"handle-bar-switch-for-hero-ambition-left-hand","handle-bar-switch"
"handle-bar-switch-for-hero-ambition-right-hand","handle-bar-switch"
"handle-bar-switch-for-hero-achiever-drum-brake-right-hand","handle-bar-switch"
"handle-bar-switch-for-hero-achiever-disc-brake-right-hand","handle-bar-switch"
"handle-bar-switch-for-hero-achiever-left-hand","handle-bar-switch"
"handle-bar-switch-for-hero-achiever-achiever-150-2016-model-left-hand","handle-bar-switch"
"handle-bar-switch-for-bajaj-xcd-125-right-hand","handle-bar-switch"
"handle-bar-switch-for-bajaj-xcd-125-discover-100-discover-100m-4g-discover-102-discover-105-discover-125-new-model-right-hand","handle-bar-switch"
"handle-bar-switch-for-bajaj-xcd-125-discover-100-discover-100m-4g-discover-102-discover-105-discover-125-platina-ug-left-hand","handle-bar-switch"
"handle-bar-switch-for-bajaj-wind-125-right-hand","handle-bar-switch"
"handle-bar-switch-for-bajaj-vikrant-v15-vikrant-v12-right-hand","handle-bar-switch"
"handle-bar-switch-for-bajaj-vikrant-v15-vikrant-v12-left-hand","handle-bar-switch"
"handle-bar-switch-for-bajaj-platina-100-kick-start-right-hand","handle-bar-switch"
"handle-bar-switch-for-bajaj-platina-100-self-start-right-hand","handle-bar-switch"
"handle-bar-switch-for-bajaj-pulsar-pulsar-dtsi-caliber-ct-100-new-model-discover-old-model-left-hand","handle-bar-switch"
"handle-bar-switch-for-bajaj-pulsar-150-ug4-pulsar-180-ug4-pulsar-220-left-hand","handle-bar-switch"
"handle-bar-switch-for-bajaj-pulsar-220-right-hand","handle-bar-switch"
"handle-bar-switch-for-bajaj-pulsar-220f-self-start-right-hand","handle-bar-switch"
"handle-bar-switch-for-bajaj-pulsar-220f-left-hand","handle-bar-switch"
"handle-bar-switch-for-bajaj-pulsar-rs-200-pulsar-ss-200-right-hand","handle-bar-switch"
"handle-bar-switch-for-bajaj-pulsar-rs-200-pulsar-220-pulsar-220f-left-hand","handle-bar-switch"
"handle-bar-switch-for-bajaj-pulsar-as-200-pulsar-as-150-right-hand","handle-bar-switch"
"handle-bar-switch-for-bajaj-pulsar-as-200-pulsar-as-150-left-hand","handle-bar-switch"
"handle-bar-switch-for-bajaj-pulsar-ns-200-pulsar-ns-160-right-hand","handle-bar-switch"
"handle-bar-switch-for-bajaj-pulsar-ns-200-left-hand","handle-bar-switch"
"handle-bar-switch-for-bajaj-pulsar-150-ug4-pulsar-180-ug4-pulsar-220-ug4-right-hand","handle-bar-switch"
"handle-bar-switch-for-bajaj-pulsar-150-ug3-dtsi-pulsar-180-ug3-dtsi-right-hand","handle-bar-switch"
"handle-bar-switch-for-bajaj-pulsar-150-ug3-dtsi-pulsar-180-ug3-dtsi-left-hand","handle-bar-switch"
"handle-bar-switch-for-bajaj-m8-right-hand","handle-bar-switch"
"handle-bar-switch-for-bajaj-pulsar-135-150-discover-125-st-pulsar-180-pulsar-150-ug5-right-hand","handle-bar-switch"
"handle-bar-switch-for-bajaj-pulsar-135-pulsar-150-pulsar-180-discover-125-st-left-hand","handle-bar-switch"
"handle-bar-switch-for-bajaj-pulsar-135-pulsar-150-pulsar-180-pulsar-200-ns-pulsar-220-f-left-hand","handle-bar-switch"
"handle-bar-switch-for-bajaj-pulsar-kick-start-right-hand","handle-bar-switch"
"handle-bar-switch-for-bajaj-pulsar-self-start-right-hand","handle-bar-switch"
"handle-bar-switch-for-bajaj-m8-m8-4s","handle-bar-switch"
"handle-bar-switch-for-bajaj-m8","handle-bar-switch"
"handle-bar-switch-for-bajaj-kb4s-boxer-boxer-at-ct-at-eco-ct-100-k-100-caliber-right-hand","handle-bar-switch"
"handle-bar-switch-for-bajaj-kb4s-old-model-left-hand","handle-bar-switch"
"handle-bar-switch-for-bajaj-discover-150-f-right-hand","handle-bar-switch"
"handle-bar-switch-for-bajaj-discover-125-st-discover-150f-left-hand","handle-bar-switch"
"handle-bar-switch-for-bajaj-discover-125-st-100m-right-hand","handle-bar-switch"
"handle-bar-switch-for-bajaj-discover-drum-disc-brake-model-right-hand","handle-bar-switch"
"handle-bar-switch-for-bajaj-discover-xcd-125-right-hand","handle-bar-switch"
"handle-bar-switch-for-bajaj-caliber-boxer-at-boxer-ct-right-hand","handle-bar-switch"
"handle-bar-switch-for-bajaj-caliber-upgraded-caliber-115-croma-left-hand","handle-bar-switch"
"handle-bar-switch-for-bajaj-caliber-upgraded-right-hand","handle-bar-switch"
"handle-bar-switch-for-bajaj-caliber-115-right-hand","handle-bar-switch"
"handle-bar-switch-for-bajaj-caliber-left-hand","handle-bar-switch"
"handle-bar-switch-for-bajaj-ct-100-2016-model-right-hand","handle-bar-switch"
"handle-bar-switch-for-bajaj-ct-100-platina-2004-onwards-discover-right-hand","handle-bar-switch"
"handle-bar-switch-for-bajaj-ct-100-caliber-platina-pulsar-old-model-left-hand","handle-bar-switch"
"handle-bar-switch-for-bajaj-boxer-at-right-hand","handle-bar-switch"
"handle-bar-switch-for-bajaj-ct-100-bm-100-ct-100-cd-100b-2015-model-right-hand","handle-bar-switch"
"handle-bar-switch-for-bajaj-ct-100-bm-100-ct-100-ct-100b-2015-model-boxer-s-left-hand","handle-bar-switch"
"handle-bar-switch-for-bajaj-boxer-ct-boxer-k-tec-kick-start-dc-left-hand","handle-bar-switch"
"handle-bar-switch-for-bajaj-boxer-ct-boxer-k-tec-left-hand","handle-bar-switch"
"handle-bar-switch-for-bajaj-boxer-ct-left-hand","handle-bar-switch"
"handle-bar-switch-for-bajaj-boxer-at-eco-right-hand","handle-bar-switch"
"handle-bar-switch-for-bajaj-boxer-at-kick-start-ac-left-hand","handle-bar-switch"
"handle-bar-switch-for-bajaj-boxer-at-kick-start-left-hand","handle-bar-switch"
"handle-bar-switch-for-bajaj-boxer-ar-left-hand","handle-bar-switch"
"handle-bar-switch-for-bajaj-avenger-cruise-220-avenger-street-150-left-hand","handle-bar-switch"
"handle-bar-switch-for-bajaj-avenger-street-150-right-hand","handle-bar-switch"
"handle-bar-switch-for-bajaj-avenger-street-150-left-hand","handle-bar-switch"
"handle-bar-switch-for-bajaj-avenger-new-model-right-hand","handle-bar-switch"
"handle-bar-switch-for-bajaj-avenger-left-hand","handle-bar-switch"
"handle-bar-switch-for-yamaha-saluto-rx-left-hand","handle-bar-switch"
"handle-bar-switch-for-yamaha-yzf-r15-v3-2019-2020-right-hand","handle-bar-switch"
"handle-bar-switch-for-yamaha-yzf-r15-v3-2019-2020-left-hand","handle-bar-switch"
"handle-bar-switch-for-yamaha-fz-fi-left-hand","handle-bar-switch"
"handle-bar-switch-for-yamaha-fz-new-model-right-hand","handle-bar-switch"
"handle-bar-switch-for-yamaha-fz-25-fz-250-left-hand","handle-bar-switch"
"handle-bar-switch-for-yamaha-fz-25-fz-250-right-hand","handle-bar-switch"
"handle-bar-switch-for-tvs-xl-100-itouch-without-combi-brake-model-left-hand","handle-bar-switch"
"handle-bar-switch-for-tvs-xl-100-itouch-left-hand","handle-bar-switch"
"handle-bar-switch-for-tvs-xl-100-ismart-self-start-model-right-hand","handle-bar-switch"
"handle-bar-switch-for-tvs-xl-100-drl-new-model-left-hand","handle-bar-switch"
"handle-bar-switch-for-tvs-victor-phoenix-self-start-model-right-hand","handle-bar-switch"
"handle-bar-switch-for-tvs-star-sports-kick-start-model-left-hand","handle-bar-switch"
"handle-bar-switch-for-tvs-star-sports-bs4-self-start-model-left-hand","handle-bar-switch"
"handle-bar-switch-for-tvs-star-city-plus-victor-bs4-2017-2018-model-left-hand","handle-bar-switch"
"handle-bar-switch-for-tvs-star-city-plus-2017-model-right-hand","handle-bar-switch"
"handle-bar-switch-for-tvs-sports-cvti-left-hand","handle-bar-switch"
"handle-bar-switch-for-tvs-radeon-110cc-2018-model-right-hand","handle-bar-switch"
"handle-bar-switch-for-tvs-jive-104cc-2010-model-left-hand","handle-bar-switch"
"handle-bar-switch-for-tvs-apache-rtr-180-bs6-apache-rtr-160-4v-bs6-right-hand","handle-bar-switch"
"handle-bar-switch-for-tvs-apache-rtr-160-4v-bs4-apache-rtr-200-bs3-right-hand","handle-bar-switch"
"handle-bar-switch-for-tvs-apache-rtr-160-4v-bs6-right-hand","handle-bar-switch"
"handle-bar-switch-for-tvs-apache-rtr-200-bs4-right-hand","handle-bar-switch"
"handle-bar-switch-for-tvs-apache-rtr-180-bs6-apache-rtr-160-4v-bs6-apache-rtr-200-4v-bs6-left-hand","handle-bar-switch"
"handle-bar-switch-for-tvs-apache-rtr-160-4v-bs6-left-hand","handle-bar-switch"
"handle-bar-switch-for-tvs-apache-rtr-200-bs4-left-hand","handle-bar-switch"
"handle-bar-switch-for-tvs-apache-rtr-160-bs4-refresh-model-right-hand","handle-bar-switch"
"handle-bar-switch-for-suzuki-intruder-sp-right-hand","handle-bar-switch"
"handle-bar-switch-for-suzuki-intruder-sp-left-hand","handle-bar-switch"
"handle-bar-switch-for-suzuki-intruder-right-hand","handle-bar-switch"
"handle-bar-switch-for-suzuki-intruder-left-hand","handle-bar-switch"
"handle-bar-switch-for-suzuki-hayate-ep-left-hand","handle-bar-switch"
"handle-bar-switch-for-suzuki-hayate-2012-model-left-hand","handle-bar-switch"
"handle-bar-switch-for-suzuki-gixxer-gsx-150-sf-right-hand","handle-bar-switch"
"handle-bar-switch-for-suzuki-gixxer-gsx-150-sf-left-hand","handle-bar-switch"
"handle-bar-switch-for-suzuki-gixxer-gsx-150-left-hand","handle-bar-switch"
"handle-bar-switch-for-suzuki-gixxer-gsx-150-right-hand","handle-bar-switch"
"handle-bar-switch-for-royal-enfield-thunderbird-500-right-hand","handle-bar-switch"
"handle-bar-switch-for-royal-enfield-thunderbird-350-rh-es-usb-right-hand","handle-bar-switch"
"handle-bar-switch-for-royal-enfield-thunderbird-350-rh-es-aho-right-hand","handle-bar-switch"
"handle-bar-switch-for-royal-enfield-bullet-classic-500-right-hand","handle-bar-switch"
"handle-bar-switch-for-royal-enfield-bullet-350cc-electra-self-start-model-right-hand","handle-bar-switch"
"handle-bar-switch-for-royal-enfield-bullet-350cc-kick-start-model-right-hand","handle-bar-switch"
"handle-bar-switch-for-royal-enfield-bullet-350-ks-right-hand","handle-bar-switch"
"handle-bar-switch-for-royal-enfield-bullet-350-es-right-hand","handle-bar-switch"
"handle-bar-switch-for-honda-unicorn-160-bs6-left-hand","handle-bar-switch"
"handle-bar-switch-for-honda-unicorn-160-bs6-right-hand","handle-bar-switch"
"handle-bar-switch-for-honda-unicorn-160-bs4-left-hand","handle-bar-switch"
"handle-bar-switch-for-honda-unicorn-160-bs4-right-hand","handle-bar-switch"
"handle-bar-switch-for-honda-shine-sp-shine-cd-dream-livo-2-bullet-terminals-right-hand","handle-bar-switch"
"handle-bar-switch-for-honda-shine-sp-shine-cd-dream-livo-left-hand","handle-bar-switch"
"handle-bar-switch-for-honda-unicorn-bs4-left-hand","handle-bar-switch"
"handle-bar-switch-for-honda-shine-sp-shine-cd-dream-livo-right-hand","handle-bar-switch"
"handle-bar-switch-for-honda-shine-bs4-left-hand","handle-bar-switch"
"handle-bar-switch-for-honda-shine-125-kick-start-2004-11-model-left-hand","handle-bar-switch"
"handle-bar-switch-for-honda-navi-2016-onwards-right-hand","handle-bar-switch"
"handle-bar-switch-for-honda-navi-2016-onwards-left-hand","handle-bar-switch"
"handle-bar-switch-for-honda-hornet-bs6-right-hand","handle-bar-switch"
"handle-bar-switch-for-honda-hornet-bs6-left-hand","handle-bar-switch"
"handle-bar-switch-for-honda-hornet-2015-onwards-left-hand","handle-bar-switch"
"handle-bar-switch-for-honda-trigger-right-hand","handle-bar-switch"
"handle-bar-switch-for-honda-cbr-150-right-hand","handle-bar-switch"
"handle-bar-switch-for-honda-cbr-150-left-hand","handle-bar-switch"
"handle-bar-switch-for-honda-dream-yuga-110-left-hand","handle-bar-switch"
"handle-bar-switch-for-honda-cbr-250-right-hand","handle-bar-switch"
"handle-bar-switch-for-honda-cb-hornet-bs4-xblade-bs4-right-hand","handle-bar-switch"
"handle-bar-switch-for-honda-cb-hornet-bs4-xblade-bs4-left-hand","handle-bar-switch"
"handle-bar-switch-for-honda-cb-hornet-2018-onwards-left-hand","handle-bar-switch"
"handle-bar-switch-for-hero-splendor-plus-2003-limited-edition-model","handle-bar-switch"
"handle-bar-switch-for-hero-passion-pro-feb-2017-model-left-hand","handle-bar-switch"
"handle-bar-switch-for-hero-impulse-right-hand","handle-bar-switch"
"handle-bar-switch-for-hero-glamour-fi-es-glamour-i3s-left-hand","handle-bar-switch"
"handle-bar-switch-for-hero-cbz-xtreme-sportz-right-hand","handle-bar-switch"
"handle-bar-switch-for-hero-cbz-xtreme-200-right-hand","handle-bar-switch"
"handle-bar-switch-for-bajaj-pulsar-220f-2-pin-coupler-right-hand","handle-bar-switch"
"handle-bar-switch-for-bajaj-pulsar-180f-bs4-pulsar-180f-bs6-right-hand","handle-bar-switch"
"handle-bar-switch-for-bajaj-pulsar-160-ns-bs6-right-hand","handle-bar-switch"
"handle-bar-switch-for-bajaj-pulsar-150-bs4-pulsar-180-bs4-pulsar-125-bs6-right-hand","handle-bar-switch"
"handle-bar-switch-for-bajaj-pulsar-150-bs4-pulsar-180-bs4-pulsar-125-bs6-left-hand","handle-bar-switch"
"handle-bar-switch-for-bajaj-platina-es-bs4-with-drl-without-light-switch-right-hand","handle-bar-switch"
"handle-bar-switch-for-bajaj-dominar-400ug-left-hand","handle-bar-switch"
"handle-bar-switch-for-bajaj-dominar-400ug-lh-aho-self-start-left-hand","handle-bar-switch"
"handle-bar-switch-for-bajaj-avenger-street-180-avenger-street-220-right-hand","handle-bar-switch"
"handle-bar-switch-for-bajaj-avenger-cruise-220-4-pin-coupler-right-hand","handle-bar-switch"
"handle-bar-switch-for-bajaj-avenger-cruise-220-right-hand","handle-bar-switch"
"front-fork-pipe-for-bajaj-pulsar-200cc-ns-2012-2015-pulsar-200cc-as-2012-2015set-of-2-tube","fork-assembly"
"tank-cover-with-graphics-for-yamaha-fz-s-v2-0-military-green-set-of-3","petrol-tank"
"tank-cover-with-graphics-for-yamaha-fz-s-v2-0-matt-black-orange-set-of-3","petrol-tank"
"tank-cover-with-graphics-for-yamaha-fz-s-v2-0-black-golden-set-of-3","petrol-tank"
"tank-cover-with-graphics-for-yamaha-fz-s-v2-0-matt-dark-blue-set-of-3","petrol-tank"
"tank-cover-with-graphics-for-yamaha-fz-s-v2-0-matt-black-chrome-set-of-3","petrol-tank"
"tank-cover-with-graphics-for-yamaha-fz-s-v2-0-white-black-set-of-3","petrol-tank"
"tank-cover-with-graphics-for-yamaha-fz-s-black-yellow-green-set-of-3","petrol-tank"
"tank-cover-with-graphics-for-yamaha-fz-s-white-blue-set-of-3","petrol-tank"
"tank-cover-with-graphics-for-yamaha-fz-s-fi-dark-blue-set-of-3","petrol-tank"
"tank-cover-with-graphics-for-yamaha-fz-s-v2-0-black-set-of-3","petrol-tank"
"tank-cover-with-graphics-for-yamaha-fz-s-v2-0-red-set-of-3","petrol-tank"
"tank-cover-with-graphics-for-yamaha-fz-s-v2-0-black-blue-set-of-3","petrol-tank"
"tank-cover-with-graphics-for-yamaha-fz-s-v2-0-black-green","petrol-tank"
"mukut-analog-speedometer-for-honda-dio-het","speedometer"
"original-analog-speedometer-for-honda-dio-new-model","speedometer"
"original-speedometer-assembly-for-royal-enfield-thunderbird-350-chrome","speedometer"
"rear-mono-shock-absorber-for-suzuki-gixxer","shock-absorber"
"speedometer-case-for-honda-activa-6g-bs6-model","speedometer"
"ucal-carburetor-for-bajaj-pulsar-200-ns","carburetor"
"varroc-self-starter-motor-for-hero-splendor-ismart","starter-motor"
"mukut-rear-disc-brake-plate-hero-karizma","brake-disc"
"varroc-starter-motor-for-tvs-star-city-new-model-start-city-110-new-model-self-motor","starter-motor"
"varroc-starter-motor-for-bajaj-bm150-self-motor","starter-motor"
"pricol-analog-speedometer-for-tvs-radeon","speedometer"
"mukut-digital-speedometer-for-yamaha-r15-v1","speedometer"
"mukut-digital-speedometer-for-honda-dio","speedometer"
"gabriel-rear-shock-absorber-for-honda-livo-set-of-2","shock-absorber"
"pricol-analog-speedometer-for-tvs-streak","speedometer"
"endurance-front-fork-pipe-for-bajaj-pulsar-200-ns-set-of-2","fork-assembly"
"original-carburetor-for-bajaj-pulsar-ns160-bs4-twin-disc-jul-2018-march-2020-model","carburetor"
"mukut-starter-motor-for-yamaha-fz-old-black-with-clamp-self-motor","starter-motor"
"varroc-self-starter-motor-for-hero-hunk","starter-motor"
"mukut-digital-speedometer-for-bajaj-discover-125st","speedometer"
"varroc-self-starter-motor-for-bajaj-pulsar-150-180","starter-motor"
"endurance-front-fork-pipe-for-bajaj-discover-150-set-of-2","fork-assembly"
"mukut-analog-speedometer-for-tvs-jupiter-classic","speedometer"
"ucal-bike-carburetor-for-bajaj-discover-125-st","carburetor"
"mukut-digital-speedometer-for-honda-activa-old-model","speedometer"
"fuel-pump-for-suzuki-access-bs6-fuel-pump-assembly-part-no-15100-02i00-00","fuel-pump-assembly"
"ucal-bike-carburetor-for-bajaj-discover-125-m","carburetor"
"gabriel-rear-shock-absorber-for-yamaha-rx-100","shock-absorber"
"goetze-piston-cylinder-kit-for-hero-splendor","piston-kit"
"pricol-digital-speedometer-for-hero-passion-x-pro-110-disc-brake-model","speedometer"
"pricol-digital-speedometer-for-tvs-jupiter","speedometer"
"minda-speedometer-assembly-for-honda-activa-old-model","speedometer"
"mukut-analog-speedometer-for-honda-aviator-aviator-het","speedometer"
"lumax-head-light-set-for-tvs-apache-rtr-with-drl","head-light"
"pricol-analog-speedometer-for-bajaj-pulsar-150-dtsi-old-model","speedometer"
"dexo-engine-block-kit-for-hero-passion-plus-bore-piston-or-cylinder-piston","piston-kit"
"techlon-cdi-for-yamaha-fz-s-sz-r","cdi"
"mukut-analog-speedometer-for-hero-pleasure-new-model","speedometer"
"mukut-speedometer-assembly-for-tvs-apache-rtr-180","speedometer"
"enson-petrol-tank-black-yamaha-libero-g5","petrol-tank"
"ensons-petrol-tank-for-yamaha-enticer-black","petrol-tank"
"enson-petrol-tank-red-suzuki-max-100","petrol-tank"
"enson-petrol-tank-wine-red-yamaha-libero-g5","petrol-tank"
"petrol-tank-for-yamaha-libero-g5-blue","petrol-tank"
"mukut-analog-speedometer-for-tvs-scooty-pep-plus","speedometer"
"front-brake-disc-caliper-for-hero-achiever-hunk-cbz-cbz-xtreme-super-splendor-glamour-honda-shine-unicorn-golden","brake-disc"
"front-brake-disc-caliper-for-hero-cbz-old-model-cbz-star-karizma-old-model-karizma-r-ambition-tvs-apache-150-black","brake-disc"
"side-panel-for-honda-livo-set-of-4-ath-blue","side-panel"
"ensons-fuel-tank-for-bajaj-vikrant-v15-v12-black","petrol-tank"
"pricol-analog-speedometer-for-bajaj-eliminator","speedometer"
"clutch-cover-for-honda-activa-110-3g-4g-het-2008-15-model","clutch-plate"
"clutch-cover-for-honda-activa-100-cc-old-model-till-year-2007","clutch-plate"
"clutch-cover-for-tvs-xl-100-self-start","clutch-plate"
"clutch-cover-for-tvs-xl-100-kick-start","clutch-plate"
"clutch-cover-for-tvs-xl-super","clutch-plate"
"wiring-harness-for-bajaj-ct-100-bs4-kick-start-cbs-model","wiring-harness"
"wiring-harness-for-bajaj-ct-100-bs4-electric-start-cbs-model-type-2","wiring-harness"
"wiring-harness-for-bajaj-ct-100-bs4-electric-start-cbs-model-type-1","wiring-harness"
"wiring-harness-for-bajaj-ct-100-bs4-aho-kick-start-cbs-model","wiring-harness"
"wiring-harness-for-bajaj-ct-100b-bs4-kick-start-2017-model-type2","wiring-harness"
"wiring-harness-for-bajaj-ct-100b-bs4-kick-start-2017-model-type1","wiring-harness"
"wiring-harness-for-bajaj-ct-100-bs4-electric-start-2018-model","wiring-harness"
"wiring-harness-for-bajaj-ct-100-bs4-kick-start-2017-model","wiring-harness"
"wiring-harness-for-bajaj-platina-100-comfortec-bs4-electric-start-2017-model","wiring-harness"
"wiring-harness-for-bajaj-platina-100-dts-si-kick-start-2014-15-model","wiring-harness"
"wiring-harness-for-bajaj-platina-100-dts-si-electric-start-2017-ug-model","wiring-harness"
"wiring-harness-for-bajaj-platina-100-comfortec-kick-start-jun-2016-model","wiring-harness"
"wiring-harness-for-bajaj-platina-100-bs4-kick-start-cbs-model","wiring-harness"
"wiring-harness-for-bajaj-vikrant-v12-bs4-aho-electric-start-2016-17-model","wiring-harness"
"wiring-harness-for-bajaj-vikrant-v12-electric-start-2016-model","wiring-harness"
"wiring-harness-for-bajaj-vikrant-v15-bs4-aho-electric-start-2017-model","wiring-harness"
"wiring-harness-for-bajaj-vikrant-v15-electric-start-2016-model","wiring-harness"
"wiring-harness-for-bajaj-pulsar-200-ns-bs4-aho-electric-start-2017-model","wiring-harness"
"wiring-harness-for-bajaj-pulsar-200-ns-electric-start-2015-16-model","wiring-harness"
"wiring-harness-for-bajaj-pulsar-200-ns-electric-start-2016-model","wiring-harness"
"wiring-harness-for-bajaj-pulsar-160-ns-bs4-aho-electric-start-2017-model-non-tps","wiring-harness"
"wiring-harness-for-bajaj-pulsar-125-non-abs-k19b-electric-start","wiring-harness"
"wiring-harness-for-bajaj-pulsar-150-as-electric-start-2015-model","wiring-harness"
"wiring-harness-for-bajaj-pulsar-180-dtsi-k2-electric-start-2012-model","wiring-harness"
"wiring-harness-for-bajaj-pulsar-180-dtsi-ug4-5-electric-start-2015-16-model","wiring-harness"
"wiring-harness-for-bajaj-pulsar-180-ug6-electric-start-2016-model","wiring-harness"
"wiring-harness-for-bajaj-pulsar-180-bs4-electric-start-2017-model","wiring-harness"
"wiring-harness-for-bajaj-pulsar-180-dtsi-ug4-5-electric-start-2014-model","wiring-harness"
"wiring-harness-for-bajaj-pulsar-220-bs4-electric-start-2017-model","wiring-harness"
"wiring-harness-for-bajaj-pulsar-135-ls-dtsi-bs4-electric-start-2017-model-rear-wiring","wiring-harness"
"wiring-harness-for-bajaj-pulsar-135-ls-dtsi-bs4-electric-start-2017-model-front-wiring","wiring-harness"
"wiring-harness-for-bajaj-pulsar-150-bs4-electric-start-aho-2017-model-type-2","wiring-harness"
"wiring-harness-for-bajaj-pulsar-150-bs4-electric-start-2018-model","wiring-harness"
"wiring-harness-for-bajaj-pulsar-150-bs4-electric-start-2018-model-k1-r150-aho","wiring-harness"
"wiring-harness-for-bajaj-pulsar-150-bs4-electric-start-aho-2017-model-type-1","wiring-harness"
"wiring-harness-for-bajaj-pulsar-150-pulsar-180-electric-start-k19-aho-non-abs-2019-model","wiring-harness"
"wiring-harness-for-bajaj-avenger-220-bs4-electric-start-2017-model","wiring-harness"
"wiring-harness-for-bajaj-avenger-220-electric-start-2015-model","wiring-harness"
"wiring-harness-for-bajaj-avenger-220-electric-start-2016-model","wiring-harness"
"wiring-harness-for-bajaj-avenger-220-electric-start-2014-2015-model","wiring-harness"
"wiring-harness-for-bajaj-avenger-200-electric-start-2004-model","wiring-harness"
"wiring-harness-for-bajaj-avenger-200-electric-start-2005-model","wiring-harness"
"wiring-harness-for-bajaj-avenger-150-street-bs4-electric-start-2017-model","wiring-harness"
"wiring-harness-for-bajaj-avenger-150-electric-start-2016-model","wiring-harness"
"wiring-harness-for-bajaj-eliminator-electric-start-2001-model","wiring-harness"
"wiring-harness-for-bajaj-wind-125-kick-start-2006-model","wiring-harness"
"wiring-harness-for-bajaj-wind-125-kick-start-2005-model","wiring-harness"
"wiring-harness-for-suzuki-swish-125-electric-start-2015-16-model","wiring-harness"
"wiring-harness-for-suzuki-lets-110-electric-start-2014-15-model","wiring-harness"
"wiring-harness-for-suzuki-access-125-bs4-electric-start-2017-18-model","wiring-harness"
"wiring-harness-for-suzuki-access-125-bs4-electric-start-2017-model","wiring-harness"
"wiring-harness-for-suzuki-slingshot-plus-125-kick-start-2011-model","wiring-harness"
"wiring-harness-for-suzuki-slingshot-plus-125-electric-start-2011-model","wiring-harness"
"wiring-harness-for-suzuki-gixxer-sf-155-electric-start-2016-model","wiring-harness"
"wiring-harness-for-tvs-scooty-teenz-electric-start","wiring-harness"
"wiring-harness-for-tvs-scooty-zest-110-electric-start-2015-model","wiring-harness"
"wiring-harness-for-tvs-scooty-pep-plus-cvti-electric-start-2015-16-model","wiring-harness"
"wiring-harness-for-tvs-scooty-pep-90-electric-start-2013-14-model","wiring-harness"
"wiring-harness-for-tvs-jupiter-110-bs4-grand-edition-electric-start-2018-19-digital-meter-model","wiring-harness"
"wiring-harness-for-tvs-jupiter-bs4-jupiter-zx-bs4-electric-start-2017-model","wiring-harness"
"wiring-harness-for-tvs-jupiter-bs3-jupiter-bs4-jupiter-zx-bs4-electric-start-2013-17-model","wiring-harness"
"wiring-harness-for-tvs-wego-110-bs4-electric-start-2017-model","wiring-harness"
"wiring-harness-for-tvs-wego-110-electric-start-2010-14-model","wiring-harness"
"wiring-harness-for-tvs-wego-110-electric-start-2013-14-model","wiring-harness"
"wiring-harness-for-tvs-xl-hd-100-bs4-electric-start-2018-model","wiring-harness"
"wiring-harness-for-tvs-xl-100-bs4-kick-start-2017-model","wiring-harness"
"wiring-harness-for-tvs-ntorq-125-bs4-race-edition-electric-start-2019-model","wiring-harness"
"wiring-harness-for-tvs-ntorq-125-bs4-electric-start-2018-model-without-disc-brake","wiring-harness"
"wiring-harness-for-tvs-victor-glx-kick-start-2004-model","wiring-harness"
"wiring-harness-for-yamaha-alpha-113-electric-start-2014-model","wiring-harness"
"wiring-harness-for-yamaha-fascino-113-electric-start-2015-model","wiring-harness"
"wiring-harness-for-yamaha-ray-zr-113cc-electric-start-2015-model","wiring-harness"
"wiring-harness-for-yamaha-ray-110-electric-start-2012-model","wiring-harness"
"wiring-harness-for-yamaha-sz-rr-v2-150-electric-start-2013-14-disc-brake-model","wiring-harness"
"wiring-harness-for-yamaha-sz-rr-v2-150-electric-start-2012-model","wiring-harness"
"wiring-harness-for-yamaha-sz-rr-v2-150-bs4-electric-start-2018-model","wiring-harness"
"wiring-harness-for-yamaha-sz-r-153cc-electric-start-2011-model","wiring-harness"
"wiring-harness-for-yamaha-sz-x-153cc-electric-start-2011-model","wiring-harness"
"wiring-harness-for-yamaha-fz-s-150-electric-start-2014-15-carburetor-model","wiring-harness"
"wiring-harness-for-yamaha-fz-s-153-electric-start-2011-model","wiring-harness"
"wiring-harness-for-yamaha-fz-16-150-fz-s-150-electric-start-2008-model","wiring-harness"
"wiring-harness-for-yamaha-r15-150-v1-electric-start-2009-2010-model","wiring-harness"
"wiring-harness-for-yamaha-r15-150-electric-start-2008-olde-model","wiring-harness"
"wiring-harness-for-yamaha-libero-106-kick-start-2002-model","wiring-harness"
"wiring-harness-for-yamaha-saluto-rx-125-electric-start-2016-model","wiring-harness"
"wiring-harness-for-yamaha-saluto-125-electric-start-2016-disc-brake-model","wiring-harness"
"wiring-harness-for-yamaha-fazer-153-electric-start-2009-model","wiring-harness"
"wiring-harness-for-yamaha-fazer-old-model-kick-start","wiring-harness"
"wiring-harness-for-yamaha-alba-106-electric-start-2008-model","wiring-harness"
"wiring-harness-for-yamaha-gladiator-5-gear-ybr-125-electric-start-2010-model","wiring-harness"
"wiring-harness-for-yamaha-gladiator-ss-gladiator-ss-125-electric-start","wiring-harness"
"wiring-harness-for-yamaha-enticer-electric-start","wiring-harness"
"wiring-harness-for-yamaha-tz350-kick-start","wiring-harness"
"wiring-harness-for-yamaha-tz-250-kick-start","wiring-harness"
"wiring-harness-for-yamaha-rd-350-kick-start","wiring-harness"
"wiring-harness-for-hero-impulse-150-electric-start-2011-model","wiring-harness"
"wiring-harness-for-hero-ignitor-125-electric-start-2012-model","wiring-harness"
"wiring-harness-for-hero-karizma-r-electric-start-2007-model","wiring-harness"
"wiring-harness-for-hero-karizma-electric-start-2007-model","wiring-harness"
"wiring-harness-for-hero-karizma-electric-start-2003-model","wiring-harness"
"wiring-harness-for-hero-duet-bs4-electric-start-2018-model","wiring-harness"
"wiring-harness-for-hero-duet-bs4-electric-start-2017-model","wiring-harness"
"wiring-harness-for-hero-duet-125-bs4-electric-start-2017-model","wiring-harness"
"wiring-harness-for-hero-duet-electric-start-2015-model","wiring-harness"
"wiring-harness-for-hero-maestro-edge-zx-110-bs4-electric-start-2017-2018-digital-meter-model","wiring-harness"
"wiring-harness-for-hero-maestro-edge-110-bs4-electric-start-2017-model","wiring-harness"
"wiring-harness-for-hero-glamour-125-i3s-bs4-electric-start-2017-model","wiring-harness"
"wiring-harness-for-hero-achiever-kick-start-2006-2007-model","wiring-harness"
"wiring-harness-for-hero-passion-pro-100-kick-start-2015-2016-model","wiring-harness"
"wiring-harness-for-hero-passion-pro-100-electric-start-2015-2016-model","wiring-harness"
"wiring-harness-for-hero-cbz-xtreme-150-kick-start-2008-2009-model","wiring-harness"
"wiring-harness-for-hero-splendor-plus-100-bs4-electric-start-2019-model","wiring-harness"
"wiring-harness-for-hero-street-electric-start-1997-model","wiring-harness"
"wiring-harness-for-hero-sleek-kick-start-1989-model-with-fuse","wiring-harness"
"wiring-harness-for-honda-cb-unicorn-160-cbs-het-bs4-electric-start-2017-model","wiring-harness"
"wiring-harness-for-honda-unicorn-dazzler-150-electric-start-2009-20100-model","wiring-harness"
"wiring-harness-for-honda-cb-unicorn-150-electric-start-2007-model","wiring-harness"
"wiring-harness-for-honda-unicorn-150-kick-start-2006-model","wiring-harness"
"wiring-harness-for-honda-unicorn-150-electric-start-2006-model","wiring-harness"
"wiring-harness-for-honda-livo-110-bs4-electric-start-2017-2018-model","wiring-harness"
"wiring-harness-for-honda-livo-electric-start-2016-model","wiring-harness"
"wiring-harness-for-honda-eterno-eterno-150-kick-start-2003-model","wiring-harness"
"wiring-harness-for-honda-dio-110-het-electric-start-2015-2016-model","wiring-harness"
"wiring-harness-for-honda-dio-110-het-electric-start-2013-2014-model","wiring-harness"
"wiring-harness-for-honda-dio-110-electric-start-2012-model","wiring-harness"
"wiring-harness-for-honda-activa-125-bs4-electric-start-2017-digital-meter-model","wiring-harness"
"wiring-harness-for-honda-activa-5g-110-electric-start-het-bs4-2017-digital-meter-model","wiring-harness"
"wiring-harness-for-honda-activa-5g-110-electric-start-het-bs4-2017-analog-meter-model","wiring-harness"
"wiring-harness-for-honda-navi-110-het-electric-start-2016-model","wiring-harness"
"wiring-harness-for-honda-navi-110-electric-start-2016-model","wiring-harness"
"wiring-harness-for-kinetic-nova-135-electric-start-2004-model","wiring-harness"
"wiring-harness-for-kinetic-boss","wiring-harness"
"wiring-harness-for-kinetic-challenger","wiring-harness"
"wiring-harness-for-kinetic-honda-dx-honda-zx-electric-start","wiring-harness"
"wiring-harness-for-kinetic-honda-electric-start","wiring-harness"
"wiring-harness-for-mahindra-centuro-110-electric-start-2013-2014-model","wiring-harness"
"wiring-harness-for-mahindra-cenuro-110-electric-start-2013-model","wiring-harness"
"wiring-harness-for-mahindra-gusto-110-electric-start-2015-2016-model","wiring-harness"
"wiring-harness-for-mahindra-kine-71-5-electric-start-2010-model","wiring-harness"
"wiring-harness-for-mahindra-flyte-125-electric-start-2008-model","wiring-harness"
"wiring-harness-for-mahindra-rodeo-rz-125-electric-start-2012-model","wiring-harness"
"wiring-harness-for-mahindra-rodeo-125-electric-start-2009-model","wiring-harness"
"wiring-harness-for-mahindra-duro-dz-125-electric-start-2011-model","wiring-harness"
"wiring-harness-for-mahindra-duro-125-electric-start-2009-model","wiring-harness"
"wiring-harness-for-lml-freedom-125-4-5-gear-2004-model","wiring-harness"
"wiring-harness-for-lml-freedom-125-kick-start-2002-model","wiring-harness"
"wiring-harness-for-royal-enfield-bullet-electra-350-electric-start-bs4-2017-model-digital-meter","wiring-harness"
"wiring-harness-for-royal-enfield-bullet-electra-350-classic-350-electric-start-2012-2013-model","wiring-harness"
"wiring-harness-for-royal-enfield-bullet-electra-350-classic-350-electric-start","wiring-harness"
"wiring-harness-for-royal-enfield-bullet-electra-350-classic-350-electric-start-2013-2014-model","wiring-harness"
"wiring-harness-for-royal-enfield-bullet-electra-350-bullet-standard-350-uce-2010-model","wiring-harness"
"wiring-harness-for-royal-enfield-bullet-electra-350-uc-classic-2010-model","wiring-harness"
"wiring-harness-for-royal-enfield-bullet-electra-350-kick-start-4s-5s","wiring-harness"
"wiring-harness-for-royal-enfield-bullet-electra-350-kick-start","wiring-harness"
"wiring-harness-for-royal-enfield-bullet-electra-350-electric-start-right-hand-wiring","wiring-harness"
"wiring-harness-for-royal-enfield-bullet-electra-350-electric-start-left-hand-wiring","wiring-harness"
"wiring-harness-for-royal-enfield-bullet-electra-350-electric-start-5s-right-hand-wiring","wiring-harness"
"wiring-harness-for-royal-enfield-bullet-electra-350-electric-start-5s-left-hand-wiring","wiring-harness"
"wiring-harness-for-royal-enfield-bullet-electra-350-kick-start-2004-model","wiring-harness"
"wiring-harness-for-royal-enfield-bullet-electra-350-avl-kick-start","wiring-harness"
"wiring-harness-for-royal-enfield-thunderbird-350-electric-start-bs3-2014-2015-model-digital-meter","wiring-harness"
"wiring-harness-for-royal-enfield-thunderbird-350-kick-start-2008-2009-model-right-hand-wiring","wiring-harness"
"wiring-harness-for-royal-enfield-thunderbird-350-kick-start-2008-2009-model-left-hand-wiring","wiring-harness"
"wiring-harness-for-royal-enfield-thunderbird-350-kick-start-2008-2009-model-left-right-hand-wiring","wiring-harness"
"wiring-harness-for-royal-enfield-thunderbird-350-kick-start-2008-model-right-hand-wiring","wiring-harness"
"wiring-harness-for-royal-enfield-thunderbird-350-electric-start-twin-spark-right-hand-wiring","wiring-harness"
"wiring-harness-for-royal-enfield-thunderbird-350-electric-start-twin-spark-left-hand-wiring","wiring-harness"
"wiring-harness-for-royal-enfield-thunderbird-350-kick-start","wiring-harness"
"wiring-harness-for-royal-enfield-thunderbird-350-kick-start-right-hand-wiring","wiring-harness"
"wiring-harness-for-royal-enfield-thunderbird-350-kick-start-left-hand-wiring","wiring-harness"
"wiring-harness-for-royal-enfield-thunderbird-350-electric-start-right-hand-wiring","wiring-harness"
"wiring-harness-for-royal-enfield-thunderbird-350-electric-start-left-hand-wiring","wiring-harness"
"wiring-harness-for-royal-enfield-thunderbird-350-with-tail-light-harness","wiring-harness"
"wiring-harness-for-royal-enfield-bullet-standard-350-kisck-start","wiring-harness"
"wiring-harness-for-royal-enfield-bullet-standard-350-kick-start-bs4-2017-non-abs-model","wiring-harness"
"wiring-harness-for-royal-enfield-bullet-standard-350-kick-start-uce-2012-to-2013-model","wiring-harness"
"wiring-harness-for-royal-enfield-bullet-standard-350-kick-start-2012-to-2013-model","wiring-harness"
"wiring-harness-for-royal-enfield-bullet-machismo-350-kisc-start-dc-for-6v","wiring-harness"
"wiring-harness-for-royal-enfield-bullet-machismo-350-electric-start","wiring-harness"
"wiring-harness-for-royal-enfield-bullet-machismo-350-kick-start-ac-dc","wiring-harness"
"wiring-harness-for-enfield-bullet-citi-bike-kick-start","wiring-harness"
"wiring-harness-for-enfield-super-star-coupler-type","wiring-harness"
"wiring-harness-for-enfield-super-star-with-tail-light-harness","wiring-harness"
"wiring-harness-for-enfield-6v","wiring-harness"
"wiring-harness-for-honda-yezdi-jawa","wiring-harness"
"rear-suspension-u-fork-for-honda-activa-6g-bs6-jhula","shock-absorber"
"rear-suspension-u-fork-for-yamaha-fz-v1-fz16-fazer-v1-jhula","shock-absorber"
"rear-suspension-u-fork-for-tvs-victor-glx-jhula","shock-absorber"
"rear-suspension-u-fork-for-bajaj-pulsar-150-old-model-analog-meter-jhula","shock-absorber"
"rear-suspension-u-fork-for-hero-passion-x-pro-jhula","shock-absorber"
"rear-suspension-u-fork-for-bajaj-caliber-boxer-jhula","shock-absorber"
"rear-suspension-u-fork-for-bajaj-pulsar-135-jhula","shock-absorber"
"rear-suspension-u-fork-for-yamaha-sz-r-jhula","shock-absorber"
"rear-suspension-u-fork-for-tvs-star-sports-jhula","shock-absorber"
"rear-suspension-u-fork-for-suzuki-samurai-jhula","shock-absorber"
"rear-suspension-u-fork-for-honda-dream-yuga-jhula","shock-absorber"
"rear-suspension-u-fork-for-honda-unicorn-jhula","shock-absorber"
"rear-suspension-u-fork-for-honda-shine-new-model-jhula","shock-absorber"
"rear-suspension-u-fork-for-honda-shine-old-model-jhula","shock-absorber"
"rear-suspension-u-fork-for-bajaj-xcd-135-jhula","shock-absorber"
"rear-suspension-u-fork-for-bajaj-xcd-125-jhula","shock-absorber"
"rear-suspension-u-fork-for-bajaj-discover-100-jhula","shock-absorber"
"rear-suspension-u-fork-for-bajaj-discover-150-st-jhula","shock-absorber"
"rear-suspension-u-fork-for-bajaj-discover-125-135-150-112-jhula","shock-absorber"
"rear-suspension-u-fork-for-bajaj-pulsar-150-dtsi-180-dtsi-jhula","shock-absorber"
"rear-suspension-u-fork-for-bajaj-platina-jhula","shock-absorber"
"rear-suspension-u-fork-for-bajaj-ct-100-jhula","shock-absorber"
"rear-suspension-u-fork-for-bajaj-kb4s-jhula","shock-absorber"
"rear-suspension-u-fork-for-yamaha-libero-libero-g5-jhula","shock-absorber"
"rear-suspension-u-fork-for-yamaha-crux-ybx-jhula","shock-absorber"
"rear-suspension-u-fork-for-yamaha-rx-100-jhula","shock-absorber"
"rear-suspension-u-fork-for-tvs-super-xl-jhula","shock-absorber"
"rear-suspension-u-fork-for-tvs-victor-jhula","shock-absorber"
"rear-suspension-u-fork-for-tvs-star-star-city-jhula","shock-absorber"
"rear-suspension-u-fork-for-hero-hunk-jhula","shock-absorber"
"rear-suspension-u-fork-for-hero-super-splendor-glamour-jhula","shock-absorber"
"rear-suspension-u-fork-for-hero-splendor-splendor-plus-passion-passion-plus-jhula","shock-absorber"
"rear-suspension-u-fork-for-hero-cbz-jhula","shock-absorber"
"rear-suspension-u-fork-for-hero-cd-deluxe-splendor-pro-passion-pro-jhula","shock-absorber"
"rear-suspension-u-fork-for-hero-cd-100-ss-jhula","shock-absorber"
"front-brake-drum-for-bajaj-bm-150","brake-drum"
"front-brake-drum-for-tvs-xl-super-hd","brake-drum"
"front-brake-drum-for-honda-shine","brake-drum"
"front-brake-drum-for-tvs-star-sports","brake-drum"
"front-brake-drum-for-tvs-star-star-city-centra","brake-drum"
"front-brake-drum-for-hero-passion-plus-cd-deluxe","brake-drum"
"front-brake-drum-for-hero-super-splendor-glamour","brake-drum"
"front-brake-drum-for-tvs-apache-150","brake-drum"
"front-brake-drum-for-tvs-victor","brake-drum"
"front-brake-drum-for-honda-unicorn-front-disc-brake-spoke-wheel-model","brake-drum"
"front-brake-drum-for-hero-super-splendor-front-disc-brake-spoke-wheel-model","brake-drum"
"front-brake-drum-for-hero-cbz-ambition-front-disc-brake-spoke-wheel-model","brake-drum"
"front-brake-drum-for-bajaj-discover-front-disc-brake-spoke-wheel-model","brake-drum"
"front-brake-drum-for-bajaj-pulsar-150-pulsar-180-front-disc-brake-spoke-wheel-model","brake-drum"
"front-brake-drum-for-tvs-victor-glx","brake-drum"
"front-brake-drum-for-suzuki-samurai-fiero","brake-drum"
"front-brake-drum-for-hero-passion","brake-drum"
"front-brake-drum-for-hero-splendor","brake-drum"
"front-brake-drum-for-bajaj-platina","brake-drum"
"front-brake-drum-for-bajaj-ct-100","brake-drum"
"front-brake-drum-for-bajaj-kb4s-boxer-caliber-old-model","brake-drum"
"front-brake-drum-for-bajaj-discover-without-disc-brake","brake-drum"
"front-brake-drum-for-bajaj-caliber-croma-caliber-new-model","brake-drum"
"front-brake-drum-for-bajaj-pulsar-150-pulsar-180-without-disc-brake","brake-drum"
"front-brake-drum-for-bajaj-k100-wind","brake-drum"
"front-brake-drum-for-yamaha-rx-100-rxg-rx-135-fazer-ybx","brake-drum"
"front-brake-drum-for-suzuki-ax-100-max-100-max-100r","brake-drum"
"front-brake-drum-for-hero-cd-100","brake-drum"
"front-brake-drum-for-suzuki-access","brake-drum"
"front-brake-drum-for-bajaj-eterno","brake-drum"
"front-brake-drum-for-hero-pleasure","brake-drum"
"front-brake-drum-for-bajaj-chetak-chetak-4s","brake-drum"
"rear-brake-drum-for-bajaj-eterno","brake-drum"
"rear-brake-drum-for-hero-pleasure","brake-drum"
"rear-brake-drum-for-kinetic-honda","brake-drum"
"rear-brake-drum-for-bajaj-chetak","brake-drum"
"rear-brake-drum-for-tvs-scooty-pep","brake-drum"
"rear-brake-drum-for-tvs-streak","brake-drum"
"rear-brake-drum-for-tvs-scooty-new-model","brake-drum"
"rear-brake-drum-for-bajaj-m8","brake-drum"
"rear-brake-drum-for-tvs-xt-champ","brake-drum"
"rear-brake-drum-for-tvs-xl-super-hd","brake-drum"
"rear-brake-drum-for-tvs-xl-super","brake-drum"
"rear-brake-drum-for-tvs-xl","brake-drum"
"rear-brake-drum-for-bajaj-discover-bm-150","brake-drum"
"rear-brake-drum-for-honda-shine","brake-drum"
"rear-brake-drum-for-tvs-star-sports","brake-drum"
"rear-brake-drum-for-tvs-star-star-city-centra","brake-drum"
"rear-brake-drum-for-honda-unicorn-achiever","brake-drum"
"rear-brake-drum-for-hero-passion-plus-passion-pro-cd-deluxe","brake-drum"
"rear-brake-drum-for-hero-super-splendor-glamour","brake-drum"
"rear-brake-drum-for-lml-freeedom","brake-drum"
"rear-brake-drum-for-tvs-apache-150-apache-rtr-160-apache-rtr180","brake-drum"
"rear-brake-drum-for-tvs-victor","brake-drum"
"rear-brake-drum-for-tvs-fiero-victor-glx","brake-drum"
"rear-brake-drum-for-hero-cbz-ambition","brake-drum"
"rear-brake-drum-for-bajaj-caliber-115","brake-drum"
"rear-brake-drum-for-bajaj-pulsar-150-pulsar-180-caliber-new-model","brake-drum"
"rear-brake-drum-for-suzuki-samurai-flame","brake-drum"
"rear-brake-drum-for-rajdoot-rajdoot-new-model","brake-drum"
"rear-brake-drum-for-bajaj-ct-100-boxer-at","brake-drum"
"rear-brake-drum-for-bajaj-platina","brake-drum"
"rear-brake-drum-for-bajaj-kb4s-caliber-old-model","brake-drum"
"rear-brake-drum-for-yamaha-ybx-crux-r-libero","brake-drum"
"rear-brake-drum-for-yamaha-rx-100-rxg-rx-135-fazer","brake-drum"
"rear-brake-drum-for-suzuki-ax-100-max-100-max-100r","brake-drum"
"rear-brake-drum-for-hero-passion","brake-drum"
"rear-brake-drum-for-hero-splendor-splendor-plus","brake-drum"
"rear-brake-drum-for-hero-cd-100-cd-dawn","brake-drum"
"lumax-head-light-set-for-piaggio-aprilia-twin","head-light"
"original-fuel-pump-assembly-for-bajaj-pulsar-200-rs-models-starting-2017-bs4-bs6-models-jf171856","fuel-pump-assembly"
"original-fuel-pump-assembly-for-bajaj-dominar-400-models-starting-2017-bs4-models-jf171811","fuel-pump-assembly"
"front-fork-pipe-for-bajaj-pulsar-135-old-model-set-of-2-tube","fork-assembly"
"engine-belt-for-vespa-vespa-bs3-bs4-all-models-before-2020","engine-belt"
"engine-belt-for-yamaha-duro-rodeo-flyte-bs3-bs4-all-models-before-2020","engine-belt"
"engine-belt-for-yamaha-ray-alpha-fascino-bs3-bs4-all-models-before-2020","engine-belt"
"engine-belt-for-hero-maestro-edge-bs3-bs4-all-models-before-2020","engine-belt"
"engine-belt-for-tvs-wego-bs6","engine-belt"
"engine-belt-for-tvs-ntorq-bs6","engine-belt"
"engine-belt-for-tvs-wego-jupiter-zest-bs3-bs4-all-models-before-2020","engine-belt"
"engine-belt-for-tvs-scooty-pep-scooty-pep-plus-streak-bs3-bs4-all-models-before-2020","engine-belt"
"engine-belt-for-tvs-scooty-bs3-bs4-all-models-before-2020","engine-belt"
"engine-belt-for-suzuki-access-125-with-sep-technology-bs3-bs4-all-models-before-2020","engine-belt"
"engine-belt-for-suzuki-access-125-swish-125-bs3-bs4-all-models-before-2020","engine-belt"
"engine-belt-for-honda-activa-125-bs6","engine-belt"
"engine-belt-for-honda-activa-110-bs6","engine-belt"
"engine-belt-for-honda-activa-125-grazia-125-bs3-bs4-all-models-before-2020","engine-belt"
"engine-belt-for-honda-activa-het-navi-aviator-cliq-bs3-bs4-all-models-before-2020","engine-belt"
"engine-belt-for-honda-activa-old-dio-maestro-bs3-bs4-all-models-before-2020","engine-belt"
"ensons-petrol-tank-for-yamaha-crux-s-wine-red-1","petrol-tank"
"ensons-petrol-tank-for-hero-cd-dawn-deluxe-blue","petrol-tank"
"mukut-digital-speedometer-for-suzuki-gixxer-old-model","speedometer"
"mukut-digital-speedometer-for-honda-activa-6g","speedometer"
"mukut-analog-speedometer-for-tvs-scooty-pep","speedometer"
"mukut-analog-speedometer-for-suzuki-heat-with-meter-holder-blup","speedometer"
"pricol-analog-speedometer-for-hero-cbz-old-model","speedometer"
"mukut-analog-meter-assembly-for-hero-cbz-xtreme-speedometer","speedometer"
"engine-valve-set-for-honda-unicorn-160-hornet-160-2-valves-with-seal","engine"
"engine-valve-set-for-honda-activa-125-het-2-valves-with-seal","engine"
"engine-valve-set-for-honda-cbr-150-4-valves-with-seal","engine"
"engine-valve-set-for-honda-cbr-250-4-valves-with-seal","engine"
"engine-valve-set-for-honda-dream-neo-2-valves-with-seal","engine"
"engine-valve-set-for-honda-ignitor-2-valves-with-seal","engine"
"engine-valve-set-for-honda-shine-stunner-cbf-2-valves-with-seal","engine"
"engine-valve-set-for-honda-activa-110-new-model-3g-aviator-navi-2-valves-with-seal","engine"
"engine-valve-set-for-honda-eterno-110-2-valves-with-seal","engine"
"engine-valve-set-for-honda-activa-old-model-dio-pleasure-old-model-2-valves-with-seal","engine"
"engine-valve-set-for-hero-splendor-ismart-110-2-valves-with-seal","engine"
"engine-valve-set-for-hero-cbz-xtreme-hunk-unicorn-achiever-2-valves-with-seal","engine"
"engine-valve-set-for-hero-splendor-ismart-100-2-valves-with-seal","engine"
"engine-valve-set-for-hero-ambition-2-valves-with-seal","engine"
"engine-valve-set-for-hero-cbz-karizma-2-valves-with-seal","engine"
"engine-valve-set-for-hero-super-splendor-glamour-2-valves-with-seal","engine"
"engine-valve-set-for-hero-cd-100-cd-100-ss-passion-plus-pro-splendor-plus-sleek-cd-deluxe-splendor-nxg-2-valves-with-seal","engine"
"engine-valve-set-for-bajaj-vikrant-v12-125cc-2-valves-with-seal","engine"
"engine-valve-set-for-bajaj-ct-100-new-model-2-valves-with-seal","engine"
"engine-valve-set-for-bajaj-pulsar-150-as-2-valves-with-seal","engine"
"engine-valve-set-for-bajaj-pulsar-150-rs-2-valves-with-seal","engine"
"engine-valve-set-for-bajaj-platina-es-100-2-valves-with-seal","engine"
"engine-valve-set-for-bajaj-vikrant-v15-2-valves-with-seal","engine"
"engine-valve-set-for-bajaj-pulsar-180-ug4-digital-meter-2-valves-with-seal","engine"
"engine-valve-set-for-bajaj-pulsar-150-ug3-digital-meter-2-valves-with-seal","engine"
"engine-valve-set-for-bajaj-discover-100m-4-valves-with-seal","engine"
"engine-valve-set-for-bajaj-pulsar-200-ns-4-valves-with-seal","engine"
"engine-valve-set-for-bajaj-discover-100t-4-valves-with-seal","engine"
"engine-valve-set-for-bajaj-discover-125-new-model-2-valves-with-seal","engine"
"engine-valve-set-for-bajaj-discover-125-st-new-model-4-valves-with-seal","engine"
"engine-valve-set-for-bajaj-platina-125-new-model-2-valves-with-seal","engine"
"engine-valve-set-for-bajaj-eliminator-2-valves-with-seal","engine"
"engine-valve-set-for-bajaj-wind-125-2-valves-with-seal","engine"
"engine-valve-set-for-bajaj-xcd-125-135-2-valves-with-seal","engine"
"engine-valve-set-for-bajaj-discover-150-dtsi-2-valves-with-seal","engine"
"engine-valve-set-for-bajaj-discover-100-dtsi-2-valves-with-seal","engine"
"engine-valve-set-for-bajaj-pulsar-135-dtsi-4-valves-with-seal","engine"
"engine-valve-set-for-bajaj-pulsar-200-ug3-220-ug3-2-valves-with-seal","engine"
"engine-valve-set-for-bajaj-pulsar-180-dtsi-avenger-avenger-180-digital-meter-model-2-valves-with-seal","engine"
"engine-valve-set-for-bajaj-pulsar-150-dtsi-discover-125-135-150-digital-meter-model-2-valves-with-seal","engine"
"engine-valve-set-for-bajaj-pulsar-180-old-model-dtsi-without-2-valves-with-seal","engine"
"engine-valve-set-for-bajaj-pulsar-150-old-model-dtsi-without-2-valves-with-seal","engine"
"engine-valve-set-for-bajaj-caliber-ct-100-platina-discover-112-2-valves-with-seal","engine"
"engine-valve-set-for-bajaj-kb4s-boxer-2-valves-with-seal","engine"
"engine-valve-set-for-suzuki-access-125-new-model-2-valves-with-seal","engine"
"engine-valve-set-for-suzuki-lets-2-valves-with-seal","engine"
"engine-valve-set-for-suzuki-gs-150r-2-valves-with-seal","engine"
"engine-valve-set-for-suzuki-gixxer-2-valves-with-seal","engine"
"engine-valve-set-for-suzuki-hayate-125-2-valves-with-seal","engine"
"engine-valve-set-for-suzuki-swish-125-2-valves-with-seal","engine"
"engine-valve-set-for-suzuki-slingshot-2-valves-with-seal","engine"
"engine-valve-set-for-suzuki-zeus-heat-access-125-old-model-2-valves-with-seal","engine"
"engine-valve-set-for-tvs-apache-200-4-valves-with-seal","engine"
"engine-valve-set-for-tvs-xl-100-4-stroke-2-valves-with-seal","engine"
"engine-valve-set-for-tvs-phoenix-2-valves-with-seal","engine"
"engine-valve-set-for-tvs-apache-rtr-180-2-valves-with-seal","engine"
"engine-valve-set-for-tvs-wego-jupiter-2-valves-with-seal","engine"
"engine-valve-set-for-tvs-jive-2-valves-with-seal","engine"
"engine-valve-set-for-tvs-flame-3-valves-with-seal","engine"
"engine-valve-set-for-tvs-apache-rtr-160-2-valves-with-seal","engine"
"category_engine-valve-set-sparesbrand_oes-engine-valve-set-vehiclemodel_zeus-vehiclemodel_heat-vehiclemodel_access-125-old-model-vehiclebrand_suzuki","engine"
"engine-valve-set-for-tvs-pep-pep-plus-2-valves-with-seal","engine"
"engine-valve-set-for-tvs-victor-victor-glx-125-centra-star-star-city-star-sports-2-valves-with-seal","engine"
"engine-valve-set-for-bajaj-dominar-400-2-valves-with-seal","engine"
"engine-valve-set-for-mahindra-gusto-2-valves-with-seal","engine"
"engine-valve-set-for-mahindra-centuro-2-valves-with-seal","engine"
"engine-valve-set-for-mahindra-rodeo-flyte-duro-2-valves-with-seal","engine"
"engine-valve-set-for-lml-grapter-beamer-2-valves-with-seal","engine"
"engine-valve-set-for-lml-crd-100-2-valves-with-seal","engine"
"engine-valve-set-for-lml-adreno-energy-2-valves-with-seal","engine"
"engine-valve-set-for-lml-freedom-2-valves-with-seal","engine"
"engine-valve-set-for-yamaha-fz-250-2-valves-with-seal","engine"
"engine-valve-set-for-yamaha-saluto-2-valves-with-seal","engine"
"engine-valve-set-for-yamaha-fz-v2-sz-r-2-valves-with-seal","engine"
"engine-valve-set-for-yamaha-ray-fascino-alpha-2-valves-with-seal","engine"
"engine-valve-set-for-yamaha-r15-v1-v2-4-valves-with-seal","engine"
"engine-valve-set-for-yamaha-fz-v1-fazer-150-fz-s-fz16-2-valves-with-seal","engine"
"engine-valve-set-for-yamaha-crux-crux-r-libero-2-valves-with-seal","engine"
"engine-valve-set-for-yamaha-ybx-enticer-fazer-gladiator-2-valves-with-seal","engine"
"mukut-digital-speedometer-for-yamaha-r15-v3-mt-15-without-abs","speedometer"
"ucal-bike-carburetor-for-suzuki-fiero-f2","carburetor"
"speedometer-case-for-lml-freedom","speedometer"
"speedometer-case-for-suzuki-access-bs6-digital-meter-model","speedometer"
"speedometer-case-for-suzuki-access","speedometer"
"speedometer-case-for-yamaha-r15-v3","speedometer"
"speedometer-case-for-yamaha-fz-v3","speedometer"
"speedometer-case-for-yamaha-libero-new-model-libero-g5-alba","speedometer"
"speedometer-case-for-yamaha-crux-r","speedometer"
"speedometer-case-for-yamaha-crux-new-model","speedometer"
"speedometer-case-for-yamaha-crux-old-model","speedometer"
"speedometer-case-for-yamaha-rx-100","speedometer"
"speedometer-case-for-suzuki-shogun","speedometer"
"speedometer-case-for-honda-centra","speedometer"
"speedometer-case-for-honda-victor-glx","speedometer"
"speedometer-case-for-honda-victor-victor-gl","speedometer"
"speedometer-case-for-honda-apache-meter-with-rpm-gauge","speedometer"
"speedometer-case-for-honda-sport","speedometer"
"speedometer-case-for-honda-star-city-110-cvti","speedometer"
"speedometer-case-for-honda-star-city-with-fuel-gauge","speedometer"
"speedometer-case-for-honda-livo","speedometer"
"speedometer-case-for-honda-shine","speedometer"
"speedometer-case-for-honda-cliq","speedometer"
"speedometer-case-for-honda-navi","speedometer"
"speedometer-case-for-honda-dio-digital-meter-bs5-model","speedometer"
"speedometer-case-for-honda-dio-het-2017-model","speedometer"
"speedometer-case-for-honda-activa-125-new-model","speedometer"
"speedometer-case-for-honda-activa-new-model-3g-4g","speedometer"
"speedometer-case-for-honda-activa-old-model","speedometer"
"speedometer-case-for-hero-duet-new-model","speedometer"
"speedometer-case-for-hero-maestro-edge","speedometer"
"speedometer-case-for-hero-hunk-old-model","speedometer"
"speedometer-case-for-hero-cbz-star","speedometer"
"speedometer-case-for-hero-super-splendor-new-model-with-side-stand-indicator","speedometer"
"speedometer-case-for-hero-super-splendor-new-model","speedometer"
"speedometer-case-for-hero-super-splendor","speedometer"
"speedometer-case-for-hero-hf-deluxe-i3s-bs6-fi-model","speedometer"
"speedometer-case-for-hero-hf-deluxe-with-side-stand-indicator","speedometer"
"speedometer-case-for-hero-cd-deluxe-new-model","speedometer"
"speedometer-case-for-hero-cd-deluxe-old-model","speedometer"
"speedometer-case-for-hero-hf-dawn","speedometer"
"speedometer-case-for-hero-cd-dawn-deluxe","speedometer"
"speedometer-case-for-hero-cd-dawn","speedometer"
"speedometer-case-for-hero-passion-pro-bs6-digital-meter","speedometer"
"speedometer-case-for-hero-passion-pro-digital-meter-with-side-stand-indicator","speedometer"
"speedometer-case-for-hero-passion-pro","speedometer"
"speedometer-case-for-hero-passion-plus","speedometer"
"speedometer-case-for-hero-splendor-pro-new-model-with-side-stand-indicator","speedometer"
"speedometer-case-for-hero-splendor-pro","speedometer"
"speedometer-case-for-hero-splendor-bs6","speedometer"
"speedometer-case-for-hero-splendor-plus-i3s-with-side-stand-indicator","speedometer"
"speedometer-case-for-hero-splendor-plus-with-side-stand-indicator","speedometer"
"speedometer-case-for-hero-splendor-plus-i3s","speedometer"
"speedometer-case-for-hero-splendor-plus","speedometer"
"speedometer-case-for-hero-splendor","speedometer"
"speedometer-case-for-hero-cd-100-ss","speedometer"
"speedometer-case-for-hero-cd-100","speedometer"
"speedometer-case-for-bajaj-vikrant-v15-meter-cover","speedometer"
"mukut-rear-disc-brake-plate-for-honda-cbr-250-cbr-150","brake-disc"
"mukut-front-disc-brake-plate-for-honda-cbr-250","brake-disc"
"front-brake-disc-plate-for-bajaj-avenger-150-old-model","brake-disc"
"front-brake-disc-caliper-for-vespa-vespa-new-model-new-model","brake-disc"
"front-brake-disc-caliper-for-aprilia-aprilia","brake-disc"
"front-brake-disc-caliper-for-honda-grazia-activa-new-model","brake-disc"
"rear-brake-disc-caliper-for-royal-enfield-meteor-350","brake-disc"
"front-brake-disc-caliper-for-royal-enfield-meteor-350","brake-disc"
"front-brake-disc-caliper-for-tvs-victor-2019-model","brake-disc"
"front-brake-disc-caliper-for-tvs-phoenix","brake-disc"
"rear-brake-disc-caliper-for-tvs-apache-rtr-200-4v-bs4-bs6-models","brake-disc"
"front-brake-disc-caliper-for-bajaj-platina-es","brake-disc"
"pricol-oil-pump-assembly-for-yamaha-rx-100","fuel-pump-assembly"
"analog-speedometer-for-yamaha-fascino-125","speedometer"
"digital-speedometer-for-yamaha-ray-zr-125-digital-model","speedometer"
"analog-speedometer-for-yamaha-saluto-100","speedometer"
"analog-speedometer-for-yamaha-saluto-125","speedometer"
"analog-speedometer-for-yamaha-ray-zr-100","speedometer"
"analog-speedometer-for-yamaha-ray-zr-125","speedometer"
"analog-speedometer-for-yamaha-ray-z","speedometer"
"analog-speedometer-for-yamaha-fascino","speedometer"
"analog-speedometer-for-yamaha-alpha","speedometer"
"digital-speedometer-for-yamaha-fz-v3","speedometer"
"front-fork-assembly-for-bajaj-discover-125-st-150-f-set-of-2-disc-brake-model","fork-assembly"
"petrol-tank-for-hero-cbz-star-black-with-yellow-sticker","petrol-tank"
"petrol-tank-for-hero-hf-deluxe-bs4-eco-green","petrol-tank"
"enson-petrol-tank-black-red-bajaj-discover-135-125-old-model","petrol-tank"
"enson-petrol-tank-green-bajaj-boxer-ct-deluxe","petrol-tank"
"cdi-for-hero-karizma-r-part-no-38770-aar-1010","cdi"
"lumax-head-light-set-for-suzuki-slingshot","head-light"
"mukut-fuel-pump-assembly-for-hero-passion-pro-bs6-after-2018-model","fuel-pump-assembly"
"mukut-fuel-pump-assembly-for-hero-glamour-bs6-after-2018-model","fuel-pump-assembly"
"mukut-digital-speedometer-for-suzuki-hayate","speedometer"
"mukut-digital-speedometer-for-honda-activa-125-new","speedometer"
"analog-speedometer-assembly-for-bajaj-caliber-115-new","speedometer"
"mukut-analog-speedometer-for-yamaha-sz-x","speedometer"
"mukut-digital-speedometer-for-yamaha-fz-250","speedometer"
"digital-speedometer-for-yamaha-r15-v2-2014-to-2017-model","speedometer"
"fuel-pump-assembly-for-yamaha-fascino-125-bs6","fuel-pump-assembly"
"fuel-pump-assembly-for-tvs-apache-rtr-160-4v","fuel-pump-assembly"
"fuel-pump-assembly-for-tvs-apache-rtr-160-2v-bs6-180-2v-bs6","fuel-pump-assembly"
"fuel-pump-assembly-for-tvs-pep-plus-bs6-zest-110-bs6-jupiter-110-bs6-ntorq-125-bs6-socket-3-pin-k610690","fuel-pump-assembly"
"fuel-pump-assembly-for-tvs-pep-plus-bs6-zest-110-bs6-jupiter-110-bs6-ntorq-bs6","fuel-pump-assembly"
"fuel-pump-for-yamaha-mt-15-fuel-pump-assembly","fuel-pump-assembly"
"fuel-pump-motor-for-suzuki-access-bs6-burgman-street-bs6","fuel-pump-assembly"
"fuel-pump-motor-for-aprilia-160-bs6-hero-maestro-edge-110-bs6-maestro-edge-125-bs6","fuel-pump-assembly"
"fuel-pump-motor-for-tvs-xl-100-bs6","fuel-pump-assembly"
"fuel-pump-motor-for-hero-xtreme-200-bs6-xpulse-200-bs6","fuel-pump-assembly"
"fuel-pump-motor-for-yamaha-fz-250","fuel-pump-assembly"
"clutch-plate-for-royal-enfield-classic-classic-350-set-of-7","clutch-plate"
"clutch-plate-for-royal-enfield-classic-electra-350-set-of-6","clutch-plate"
"clutch-plate-for-royal-enfield-classic-350-old-bullet-350-old-electra-350-old-set-of-4","clutch-plate"
"plate-for-jawa-yezdi-set-of-5","clutch-plate"
"clutch-plate-for-bajaj-dominar-400-set-of-4-3","clutch-plate"
"clutch-plate-for-yamaha-fz-250-set-of-5-1","clutch-plate"
"mukut-digital-speedometer-for-tvs-ntorq-bs6-model","speedometer"
"lumax-tail-light-assembly-for-honda-cb-trigger-led-light","tail-light"
"rolon-chain-sprocket-kit-for-bajaj-platina-125","chain-sprocket"
"analog-speedometer-for-royal-enfield-electra-silver","speedometer"
"analog-speedometer-for-royal-enfield-electra-gold","speedometer"
"speedometer-case-for-hero-glamour-analog-meter-cover","speedometer"
"mukut-digital-speedometer-for-honda-activa-5g","speedometer"
"air-filter-box-assembly-for-suzuki-access-125-old-model-swish-old-model","shock-absorber"
"digital-speedometer-for-tvs-apache-rtr-160-abs-rtr-180-abs-carburetor-model","speedometer"
"analog-speedometer-for-honda-dio","speedometer"
"analog-speedometer-for-honda-activa-2g-3g","speedometer"
"analog-speedometer-for-tvs-xl-100-bs6","speedometer"
"analog-speedometer-for-yamaha-crux-old-model","speedometer"
"analog-speedometer-for-hero-splendor-pro","speedometer"
"analog-speedometer-for-yamaha-rx-100-rx-135-rxg","speedometer"
"analog-speedometer-for-kawasaki-bajaj-4s-kb4s","speedometer"
"analog-speedometer-for-hero-cd-100","speedometer"
"analog-speedometer-for-bajaj-discover-112","speedometer"
"analog-speedometer-for-yamaha-crux-new-model","speedometer"
"ensons-petrol-tank-for-hero-passion-pro-green","petrol-tank"
"ensons-petrol-tank-for-yamaha-crux-s-black","petrol-tank"
"front-fork-assembly-for-honda-activa-5g","fork-assembly"
"front-fork-assembly-for-honda-activa-110-new-model-3g-4g-het","fork-assembly"
"front-fork-assembly-for-honda-activa-old-model","fork-assembly"
"front-fork-assembly-for-honda-dio-old-model","fork-assembly"
"front-fork-assembly-for-honda-dio-new-model","fork-assembly"
"front-fork-assembly-for-hero-pleasure-new-model","fork-assembly"
"front-fork-assembly-for-hero-pleasure-old-model","fork-assembly"
"front-fork-assembly-for-hero-duet-old-model","fork-assembly"
"front-fork-assembly-for-hero-maestro","fork-assembly"
"mukut-analog-speedometer-for-honda-unicorn-new-model","speedometer"
"analog-speedometer-assembly-for-bajaj-caliber-115-old-model","speedometer"
"pricol-digital-speedometer-for-tvs-wego","speedometer"
"fuel-tank-cover-for-tvs-apache-rtr-200-4v-bs4-model-pearl-white-colour-set-of-2","petrol-tank"
"fuel-tank-cover-for-tvs-apache-rtr-200-4v-bs4-model-matt-red-colour-set-of-2","petrol-tank"
"fuel-tank-cover-for-tvs-apache-rtr-200-4v-bs4-model-sports-black-colour-set-of-2","petrol-tank"
"fuel-tank-cover-for-tvs-apache-rtr-160-4v-bs4-model-sports-black-colour-set-of-2","petrol-tank"
"fuel-tank-cover-for-tvs-apache-rtr-160-4v-bs4-model-matt-blue-colour-set-of-2","petrol-tank"
"fuel-tank-cover-for-tvs-apache-rtr-160-4v-bs4-model-racing-red-colour-set-of-2","petrol-tank"
"techlon-cdi-for-hero-karizma-zmr","cdi"
"techlon-cdi-for-yamaha-r15-v3-part-no-bk-60","cdi"
"graphics-sticker-set-for-tvs-jupiter-classic-blue-vinyl-decal-set","sticker-set"
"graphics-sticker-set-for-tvs-apache-rtr-200-4v-blue-bike-red-sticker-vinyl-decal-set","sticker-set"
"graphics-sticker-set-for-tvs-apache-rtr-200-4v-black-bike-red-sticker-vinyl-decal-set","sticker-set"
"graphics-sticker-set-for-tvs-apache-rtr-160-4v-2021-model-red-bike-vinyl-decal-set","sticker-set"
"graphics-sticker-set-for-tvs-apache-rtr-160-4v-2021-model-black-bike-vinyl-decal-set","sticker-set"
"graphics-sticker-set-for-tvs-apache-rtr-160-4v-blue-bike-vinyl-decal-set","sticker-set"
"graphics-sticker-set-for-tvs-apache-rtr-160-4v-red-bike-vinyl-decal-set","sticker-set"
"graphics-sticker-set-for-tvs-apache-rtr-160-4v-black-bike-vinyl-decal-set","sticker-set"
"graphics-sticker-set-for-tvs-apache-rtr-160-racing-2019-model-red-white-vinyl-decal-set","sticker-set"
"graphics-sticker-set-for-tvs-apache-rtr-160-racing-2019-model-black-blue-vinyl-decal-set","sticker-set"
"graphics-sticker-set-for-tvs-apache-rtr-160-racing-2019-model-silver-red-vinyl-decal-set","sticker-set"
"graphics-sticker-set-for-tvs-apache-rtr-160-racing-2019-model-red-silver-vinyl-decal-set","sticker-set"
"graphics-sticker-set-for-tvs-apache-rtr-160-racing-2019-model-black-red-vinyl-decal-set","sticker-set"
"graphics-sticker-set-for-tvs-apache-rtr-160-racing-2019-model-black-silver-vinyl-decal-set","sticker-set"
"graphics-sticker-set-for-tvs-apache-rtr-160-2018-model-red-vinyl-decal-set","sticker-set"
"graphics-sticker-set-for-tvs-apache-rtr-160-type-3-grey-bike-vinyl-decal-set","sticker-set"
"graphics-sticker-set-for-tvs-apache-rtr-160-type-3-blue-tank-vinyl-decal-set","sticker-set"
"graphics-sticker-set-for-tvs-apache-rtr-160-type-3-red-bike-vinyl-decal-set","sticker-set"
"graphics-sticker-set-for-tvs-apache-rtr-160-type-3-white-bike-vinyl-decal-set","sticker-set"
"graphics-sticker-set-for-tvs-apache-rtr-160-type-3-yellow-bike-vinyl-decal-set","sticker-set"
"graphics-sticker-set-for-tvs-apache-rtr-160-type-2-black-green-vinyl-decal-set","sticker-set"
"graphics-sticker-set-for-tvs-apache-rtr-160-hyper-grey-vinyl-decal-set","sticker-set"
"graphics-sticker-set-for-tvs-apache-rtr-160-hyper-red-vinyl-decal-set","sticker-set"
"graphics-sticker-set-for-tvs-apache-rtr-racing-2020-model-vinyl-decal-set","sticker-set"
"graphics-sticker-set-for-tvs-apache-rtr-160-bs6-blue-bike-vinyl-decal-set","sticker-set"
"graphics-sticker-set-for-tvs-apache-rtr-160-bs6-maroon-bike-vinyl-decal-set","sticker-set"
"graphics-sticker-set-for-tvs-apache-rtr-160-bs6-red-bike-vinyl-decal-set","sticker-set"
"graphics-sticker-set-for-tvs-apache-rtr-160-bs6-grey-bike-vinyl-decal-set","sticker-set"
"graphics-sticker-set-for-tvs-apache-rtr-180-bs6-black-bike-vinyl-decal-set","sticker-set"
"graphics-sticker-set-for-tvs-apache-abs-white-bike-vinyl-decal-set","sticker-set"
"graphics-sticker-set-for-tvs-apache-abs-black-bike-vinyl-decal-set","sticker-set"
"graphics-sticker-set-for-tvs-apache-rtr-160-beast-hyper-grey-vinyl-decal-set","sticker-set"
"graphics-sticker-set-for-tvs-apache-rtr-160-beast-hyper-red-vinyl-decal-set","sticker-set"
"graphics-sticker-set-for-tvs-apache-rtr-160-beast-hyper-black-vinyl-decal-set","sticker-set"
"graphics-sticker-set-for-tvs-apache-rtr-180-white-bike-vinyl-decal-set","sticker-set"
"graphics-sticker-set-for-tvs-apache-rtr-180-black-bike-vinyl-decal-set","sticker-set"
"graphics-sticker-set-for-tvs-apache-rtr-160-yellow-bike-vinyl-decal-set","sticker-set"
"graphics-sticker-set-for-tvs-apache-rtr-160-red-bike-vinyl-decal-set","sticker-set"
"graphics-sticker-set-for-tvs-apache-rtr-160-black-bike-vinyl-decal-set","sticker-set"
"graphics-sticker-set-for-tvs-wego-old-model-red-bike-vinyl-decal-set","sticker-set"
"graphics-sticker-set-for-tvs-wego-old-model-black-bike-vinyl-decal-set","sticker-set"
"graphics-sticker-set-for-tvs-wego-110-red-vinyl-decal-set","sticker-set"
"graphics-sticker-set-for-tvs-wego-110-blue-vinyl-decal-set","sticker-set"
"graphics-sticker-set-for-tvs-wego-110-yellow-vinyl-decal-set","sticker-set"
"graphics-sticker-set-for-tvs-wego-110-black-bike-vinyl-decal-set","sticker-set"
"graphics-sticker-set-for-tvs-ntorq-125-race-edition-black-red-vinyl-decal-set","sticker-set"
"graphics-sticker-set-for-tvs-ntorq-125-black-yellow-vinyl-decal-set","sticker-set"
"graphics-sticker-set-for-tvs-ntorq-125-super-squad-edition-black-purple-vinyl-decal-set","sticker-set"
"graphics-sticker-set-for-tvs-ntorq-125-super-squad-edition-blue-shield-red-vinyl-decal-set","sticker-set"
"side-panel-for-hero-karizma-lower-panel-black","side-panel"
"side-panel-for-honda-dream-neo-silver","side-panel"
"side-panel-for-honda-dream-neo-midnight-blue","side-panel"
"side-panel-for-honda-dream-neo-alfa-red","side-panel"
"side-panel-for-honda-dream-neo-black-purple","side-panel"
"side-panel-for-honda-dream-neo-type-2-grey","side-panel"
"side-panel-for-honda-dream-neo-type-2-black-red","side-panel"
"side-panel-for-honda-dream-neo-type-2-black-blue","side-panel"
"side-panel-for-honda-cd-110cc-set-of-2-black-grey","side-panel"
"side-panel-for-honda-cd-110cc-set-of-2-black-red","side-panel"
"side-panel-for-honda-cd-110cc-set-of-2-black-green","side-panel"
"side-panel-for-honda-cd-110cc-set-of-2-black-blue","side-panel"
"side-panel-for-bajaj-vikrant-white","side-panel"
"side-panel-for-bajaj-vikrant-red","side-panel"
"side-panel-for-bajaj-vikrant-black","side-panel"
"side-panel-for-bajaj-avenger-turqoise-blue","side-panel"
"side-panel-for-bajaj-avenger-midnight-blue","side-panel"
"side-panel-for-bajaj-avenger-red","side-panel"
"side-panel-for-bajaj-avenger-black","side-panel"
"side-panel-for-bajaj-pulsar-150-ug8-one-side-nut-bolt-red-copper","side-panel"
"side-panel-for-bajaj-pulsar-150-ug8-one-side-nut-bolt-black-silver","side-panel"
"side-panel-for-bajaj-pulsar-150-ug8-one-side-nut-bolt-black-blue","side-panel"
"side-panel-for-bajaj-pulsar-150-digital-model-one-side-nut-bolt-blue","side-panel"
"side-panel-for-bajaj-pulsar-150-digital-model-one-side-nut-bolt-red","side-panel"
"side-panel-for-bajaj-pulsar-150-digital-model-one-side-nut-bolt-black","side-panel"
"side-panel-for-bajaj-pulsar-150-digital-model-with-jaali-white","side-panel"
"side-panel-for-bajaj-pulsar-150-digital-model-with-jaali-silver","side-panel"
"side-panel-for-bajaj-pulsar-150-digital-model-with-jaali-blue","side-panel"
"side-panel-for-bajaj-pulsar-150-digital-model-with-jaali-red","side-panel"
"side-panel-for-bajaj-pulsar-150-digital-model-with-jaali-black","side-panel"
"side-panel-for-honda-twister-axis-grey","side-panel"
"side-panel-for-honda-stunner-black","side-panel"
"side-panel-for-honda-livo-bs6-set-of-4-matt-axis-grey","side-panel"
"side-panel-for-honda-livo-set-of-4-sunset-brown","side-panel"
"side-panel-for-honda-livo-set-of-4-red","side-panel"
"side-panel-for-honda-livo-set-of-4-black","side-panel"
"side-panel-for-honda-cb-unicorn-set-of-4-chrome-black","side-panel"
"side-panel-for-honda-unicorn-old-model-black","side-panel"
"side-panel-for-hero-ambition-new-model-black-blue","side-panel"
"side-panel-for-hero-ambition-new-model-black-red","side-panel"
"side-panel-for-hero-ambition-new-model-silver-black","side-panel"
"side-panel-for-hero-ambition-new-model-black-silver","side-panel"
"side-panel-for-hero-ambition-old-model-wine-red","side-panel"
"side-panel-for-hero-ambition-old-model-silver","side-panel"
"side-panel-for-hero-ambition-old-model-turqoise-blue","side-panel"
"side-panel-for-hero-ambition-old-model-black-red","side-panel"
"side-panel-for-hero-ambition-old-model-black-yellow","side-panel"
"side-panel-for-hero-karizma-r-upper-panel-turqoise-blue","side-panel"
"side-panel-for-hero-karizma-r-upper-panel-silver","side-panel"
"side-panel-for-hero-karizma-r-upper-panel-sports-red","side-panel"
"side-panel-for-hero-karizma-r-upper-panel-ebony-grey","side-panel"
"side-panel-for-hero-cbz-xtreme-type-3-silver","side-panel"
"side-panel-for-hero-cbz-xtreme-type-2-hearty-red","side-panel"
"side-panel-for-hero-cbz-xtreme-type-2-black-red","side-panel"
"side-panel-for-hero-cbz-xtreme-old-model-type-1-vibrant-blue","side-panel"
"side-panel-for-hero-cbz-xtreme-old-model-type-1-silver","side-panel"
"side-panel-for-hero-cbz-xtreme-old-model-type-1-hearty-red","side-panel"
"side-panel-for-hero-cbz-xtreme-old-model-type-1-black","side-panel"
"side-panel-for-hero-glamour-i3s-type-3-tecno-blue","side-panel"
"side-panel-for-hero-glamour-i3s-type-3-silver-black","side-panel"
"side-panel-for-hero-glamour-i3s-type-3-black-silver","side-panel"
"side-panel-for-hero-glamour-i3s-type-3-black-red","side-panel"
"side-panel-for-hero-glamour-i3s-type-3-black-blue","side-panel"
"side-panel-for-hero-karizma-r-upper-panel-white","side-panel"
"side-panel-for-hero-karizma-r-upper-panel-red","side-panel"
"side-panel-for-hero-karizma-r-upper-panel-yellow","side-panel"
"side-panel-for-hero-karizma-r-upper-panel-black","side-panel"
"side-panel-for-hero-splendor-2021-model-black-firefly-golden","side-panel"
"side-panel-for-hero-splendor-2019-model-black-blue","side-panel"
"side-panel-for-hero-splendor-2019-model-black-silver","side-panel"
"side-panel-for-hero-hunk-digital-meter-model-upper-panel-black","side-panel"
"side-panel-for-hero-splendor-2019-model-red","side-panel"
"side-panel-for-hero-splendor-bs6-2020-model-black-purple","side-panel"
"side-panel-for-hero-splendor-bs6-2020-model-black-silver","side-panel"
"side-panel-for-bajaj-xcd-135-silver","side-panel"
"side-panel-for-bajaj-xcd-135-blue","side-panel"
"side-panel-for-bajaj-xcd-135-red","side-panel"
"side-panel-for-bajaj-xcd-135-black","side-panel"
"side-panel-for-yamaha-rx-100-red","side-panel"
"side-panel-for-yamaha-rx-100-wine-red","side-panel"
"side-panel-for-yamaha-rx-100-silver","side-panel"
"side-panel-for-yamaha-rx-100-black","side-panel"
"side-panel-for-hero-achiever-vibrant-blue","side-panel"
"side-panel-for-hero-achiever-silver","side-panel"
"side-panel-for-hero-achiever-red","side-panel"
"side-panel-for-hero-achiever-black","side-panel"
"side-panel-for-hero-hunk-digital-meter-model-lower-panel-silver","side-panel"
"side-panel-for-bajaj-pulsar-135-silver","side-panel"
"side-panel-for-bajaj-pulsar-135-black","side-panel"
"side-panel-for-hero-cbz-xtreme-type-1-set-of-4-sports-red","side-panel"
"side-panel-for-hero-passion-xpro-type-1-set-of-4-black-yellow","side-panel"
"side-panel-for-hero-passion-xpro-type-1-set-of-4-black-red","side-panel"
"side-panel-for-hero-passion-xpro-type-1-set-of-4-light-blue","side-panel"
"side-panel-for-hero-passion-xpro-type-1-set-of-4-grey","side-panel"
"side-panel-for-hero-passion-xpro-type-1-set-of-4-black-blue","side-panel"
"side-panel-for-hero-passion-xpro-type-1-set-of-4-black-grey","side-panel"
"side-panel-for-hero-passion-xpro-type-1-set-of-4-red","side-panel"
"tank-cover-for-yamaha-fz-fz16-fz-s-v1-white-set-of-3","petrol-tank"
"tank-cover-for-yamaha-fz-fz16-fz-s-v1-midnight-black-set-of-3","petrol-tank"
"original-piston-cylinder-kit-for-bajaj-pulsar-f250-oct-2021-2022-model-block","piston-kit"
"original-piston-cylinder-kit-for-bajaj-pulsar-rs200-bs3-rs200-bs4-rs200-bs6-ns200-bs3-ns200-bs4-ns200-bs6-as200-200cc-dtsi-engine-block","piston-kit"
"original-piston-cylinder-kit-for-bajaj-dominar-400-bs6-dominar-400-ug-bs4-dominar-400-touring-edition-apr-2020-oct-2021-block","piston-kit"
"original-piston-cylinder-kit-for-bajaj-dominar-400-bs3-before-2019-model-block","piston-kit"
"original-piston-cylinder-kit-for-bajaj-dominar-250-bs6-march-2020-onwards-block","piston-kit"
"original-piston-cylinder-kit-for-bajaj-xcd-135-135cc-dts-si-engine-block","piston-kit"
"original-piston-cylinder-kit-for-bajaj-pulsar-as150-150-cc-dts-i-engine-block","piston-kit"
"original-piston-cylinder-kit-for-bajaj-pulsar-200-2007-2009-model-block","piston-kit"
"original-piston-cylinder-kit-for-bajaj-pulsar-180-ug5-bs4-180f-neon-bs4-180-ug4-bs3-block","piston-kit"
"original-piston-cylinder-kit-for-bajaj-pulsar-150-bs4-150-twin-disc-ug5-bs4-150cc-dtsi-engine-block","piston-kit"
"original-piston-cylinder-kit-for-bajaj-pulsar-135ls-ug-bs4-2017-2018-model-block","piston-kit"
"original-piston-cylinder-kit-for-bajaj-pulsar-135ls-bs3-2009-2016-model-block","piston-kit"
"original-piston-cylinder-kit-for-bajaj-pulsar-125-bs6-march-2020-onwards-block","piston-kit"
"original-piston-cylinder-kit-for-bajaj-platina-110-bs6-110-h-gear-bs6-february-2021-onwards-model-block","piston-kit"
"original-piston-cylinder-kit-for-bajaj-pulsar-ns160-bs6-april-2020-onwards-block","piston-kit"
"original-piston-cylinder-kit-for-bajaj-pulsar-ns160-bs3-ns160-bs4-jul2017-march2020-model-block","piston-kit"
"original-piston-cylinder-kit-for-bajaj-discover-150-2010-2013-dts-si-engine-block","piston-kit"
"original-piston-cylinder-kit-for-bajaj-bajaj-discover-125-ug-bs4-2018-2020-model-with-led-drl-block","piston-kit"
"original-piston-cylinder-kit-for-bajaj-discover-125m-125st-125t-125cc-4-valve-dtsi-engine-block","piston-kit"
"original-piston-cylinder-kit-for-bajaj-discover-125-july-2015-dec-2017-model-125cc-dtsi-engine-silver-wheel-model-block","piston-kit"
"original-piston-cylinder-kit-for-bajaj-discover-125-2011-2014-model-125-dts-si-engine-block","piston-kit"
"original-piston-cylinder-kit-for-bajaj-discover-110-110-cbs-bs4-ct-110-bs4-115cc-dtsi-engine-block","piston-kit"
"original-piston-cylinder-kit-for-bajaj-discover-100m-100t-102cc-4-valve-dtsi-block","piston-kit"
"original-piston-cylinder-kit-for-bajaj-discover-100-4g-discover-100-dts-si-5g-5-gears-95cc-dtsi-engine-block","piston-kit"
"original-piston-cylinder-kit-for-bajaj-ct-110-bs6-2020-upgraded-model-115cc-dtsi-engine-block","piston-kit"
"original-piston-cylinder-kit-for-bajaj-ct-100-bs6-platina-100-comfortec-bs6-102cc-dtsi-engine-block","piston-kit"
"original-piston-cylinder-kit-for-bajaj-boxer-bm150-block","piston-kit"
"original-piston-cylinder-kit-for-bajaj-avenger-street-160-bs4-dtsi-engine-2019-model-block","piston-kit"
"original-piston-cylinder-kit-for-bajaj-avenger-220-cruise-220-bs3-bs4-street-220-bs3-bs4-pulsar-220f-220s-220cc-dtsi-engine-block","piston-kit"
"original-piston-cylinder-kit-for-bajaj-avenger-220-pulsar-220-dts-fi-dtsi-engine-block","piston-kit"
"original-piston-cylinder-kit-for-bajaj-avenger-200-dtsi-engine-2007-to-2010-model-block","piston-kit"
"original-piston-cylinder-kit-for-bajaj-avenger-180-dtsi-engine-block","piston-kit"
"original-piston-cylinder-kit-for-bajaj-avenger-150-street-bs3-150-street-bs4-pulsar-150-ug4-dtsi-engine-block","piston-kit"
"original-carburetor-for-bajaj-xcd-135-135cc-dts-si-engine","carburetor"
"original-carburetor-for-bajaj-pulsar-ns200-bs4-2017-2019-model","carburetor"
"original-carburetor-for-bajaj-pulsar-ns160-jun-2017-jun-2018-model","carburetor"
"original-carburetor-for-bajaj-pulsar-as150-150cc-dts-i-engine","carburetor"
"original-carburetor-for-bajaj-pulsar-220f-220s-220cc-dtsi-engine","carburetor"
"original-carburetor-for-bajaj-pulsar-200-2007-2009-model","carburetor"
"original-carburetor-for-bajaj-pulsar-180-ug4-bs3-2009-2016-model","carburetor"
"original-carburetor-for-bajaj-pulsar-135ls-bs4-upgraded-2017-2018-model","carburetor"
"original-carburetor-for-bajaj-pulsar-135ls-bs3-2009-2016-model","carburetor"
"original-carburetor-for-bajaj-pulsar-125-bs6-march-2020-onwards","carburetor"
"original-carburetor-for-bajaj-platina-100-comfortec-bs6-platina-110-bs6-platina-110-h-gear-bs6","carburetor"
"original-carburetor-for-bajaj-discover-150f-150s-2014-2016-model","carburetor"
"original-carburetor-for-bajaj-discover-125-ug-bs4-2018-2020-model-with-led-drl","carburetor"
"original-carburetor-for-bajaj-discover-125t-jul-2013-aug-2014","carburetor"
"original-carburetor-for-bajaj-discover-125-july-2015-dec-2017-model-silver-wheel-model","carburetor"
"original-carburetor-for-bajaj-discover-110-110-cbs-bs4-2018-2020-model","carburetor"
"original-carburetor-for-bajaj-discover-100m-102cc-4-valve-dtsi-engine-auto-choke","carburetor"
"original-carburetor-for-bajaj-discover-100-4g-mar-2012-oct-2015-model","carburetor"
"original-carburetor-for-bajaj-ct-110-bs4-jul-2019-jan-2020-model-115cc-dtsi-engine","carburetor"
"original-carburetor-for-bajaj-ct-100-bs6-ct110-bs6","carburetor"
"original-carburetor-for-bajaj-avenger-street-160-bs-4-dtsi-engine-2019-model","carburetor"
"original-carburetor-for-bajaj-avenger-cruise-220-ug-bs4-street-220-ug-bs4-dtsi-engine-2018-upgraded-model","carburetor"
"original-carburetor-for-bajaj-avenger-cruise-220-street-220-dtsi-engine-before-2018-model","carburetor"
"original-carburetor-for-bajaj-avenger-220-dtsi-engine","carburetor"
"original-carburetor-for-bajaj-avenger-200-dtsi-engine-2007-to-2010-model-with-reed-switch","carburetor"
"original-carburetor-for-bajaj-avenger-180-dtsi-engine-with-reed-switch","carburetor"
"original-carburetor-for-bajaj-avenger-150-street-bs4-dtsi-engine","carburetor"
"enson-petrol-tank-blue-honda-shine-sp","petrol-tank"
"endurance-front-fork-pipes-for-bajaj-pulsar-150-ug3-set-of-2","fork-assembly"
"endurance-front-fork-pipe-for-bajaj-pulsar-135-set-of-2","fork-assembly"
"endurance-front-fork-pipe-for-bajaj-dominar-400-set-of-2","fork-assembly"
"endurance-front-fork-pipe-for-yamaha-saluto-ybr-110-set-of-2","fork-assembly"
"endurance-front-fork-pipe-for-honda-dream-yuga-set-of-2","fork-assembly"
"mukut-fuel-pump-motor-for-hero-glamour-bs6","fuel-pump-assembly"
"wiring-harness-for-tvs-scooty-pep-75cc-dc-coupler-end","wiring-harness"
"wiring-harness-for-tvs-scooty-pep-iii-upgraded-dc-bullet-end","wiring-harness"
"wiring-harness-for-tvs-scooty-pep-ii","wiring-harness"
"wiring-harness-for-tvs-scooty-pep-1-electric-start-nlh","wiring-harness"
"wiring-harness-for-tvs-scooty-streak-90cc-electric-start-2008-model-f-series","wiring-harness"
"wiring-harness-for-tvs-scooty-pep-90cc-pep-plus-90cc-dc","wiring-harness"
"wiring-harness-for-tvs-scooty-pep-plus-90cc-dc-electric-start-front-regulator","wiring-harness"
"wiring-harness-for-tvs-scooty-pep-plus-90cc-electric-start-ignitor-type-dc-one-side-routing","wiring-harness"
"wiring-harness-for-tvs-scooty-pep-plus-electric-start-rear-regulation-version-dc","wiring-harness"
"wiring-harness-for-tvs-jupiter-bs3-electric-start-2013-2016-model-main-wiring","wiring-harness"
"wiring-harness-for-tvs-wego-110-electric-start-2011-model","wiring-harness"
"wiring-harness-for-tvs-xl-super-hd-xln","wiring-harness"
"wiring-harness-for-tvs-xl-super-hd-ug-2","wiring-harness"
"wiring-harness-for-tvs-xl-super-hd-ug-1","wiring-harness"
"wiring-harness-for-tvs-xl-100-kick-start-2016-model","wiring-harness"
"wiring-harness-for-lml-nv-special-small-speedometer-powered-by-xpress-5","wiring-harness"
"wiring-harness-for-lml-select-ii-nightvision","wiring-harness"
"wiring-harness-for-lml-nv-special-1999-model-powered-by-xpress-5","wiring-harness"
"wiring-harness-for-lml-vespa-star-150-electric-start-1997-model","wiring-harness"
"wiring-harness-for-lml-vespa-select-ii","wiring-harness"
"wiring-harness-for-lml-vespa-select-ss-electric-start","wiring-harness"
"wiring-harness-for-lml-vespa-select","wiring-harness"
"wiring-harness-for-lml-vespa-nv-special","wiring-harness"
"wiring-harness-for-bajaj-xcd-125-dts-si-electric-start-2009-model-alloy-wheel","wiring-harness"
"wiring-harness-for-bajaj-xcd-125-dts-si-electric-start-alloy-wheel-digital-meter","wiring-harness"
"wiring-harness-for-bajaj-xcd-125-dts-si-upgraded-electric-start-2008-model-alloy-wheel","wiring-harness"
"wiring-harness-for-bajaj-xcd-125-dts-si-kick-start-2008-model","wiring-harness"
"wiring-harness-for-bajaj-xcd-125-dts-si-electric-start-2008-model","wiring-harness"
"wiring-harness-for-bajaj-ct-100-kick-start","wiring-harness"
"wiring-harness-for-bajaj-ct-100-kick-start-2006-model-alloy-wheel","wiring-harness"
"wiring-harness-for-bajaj-ct-100-new-model-round-light-kick-start","wiring-harness"
"wiring-harness-for-bajaj-ct-100-deluxe-new-model-kick-start","wiring-harness"
"wiring-harness-for-bajaj-ct-100-deluxe-discover-112-kick-start","wiring-harness"
"wiring-harness-for-bajaj-ct-100-kick-start-3-pin-holder","wiring-harness"
"wiring-harness-for-bajaj-discover-100-m-dtsi-kick-start-2011-model","wiring-harness"
"wiring-harness-for-bajaj-discover-100-m-dtsi-kick-start-2011-model-disc-brakes","wiring-harness"
"wiring-harness-for-bajaj-discover-100-m-dtsi-kick-start-2012-model","wiring-harness"
"wiring-harness-for-bajaj-discover-100-m-dtsi-kick-start-2013-model","wiring-harness"
"wiring-harness-for-bajaj-discover-100-m-5g-dtsi-electric-start-2012-model","wiring-harness"
"wiring-harness-for-bajaj-discover-100-dtsi-kick-start-alloy-wheel","wiring-harness"
"wiring-harness-for-bajaj-discover-100-t-dtsi-electric-start-2012-model","wiring-harness"
"wiring-harness-for-bajaj-discover-100-dtsi-electric-start-alloy-wheel","wiring-harness"
"wiring-harness-for-bajaj-discover-100-m-dtsi-electric-start-2014-model-ac-model","wiring-harness"
"wiring-harness-for-bajaj-discover-100-dtsi-electric-start-2013-model-regular-4-pin-socket","wiring-harness"
"wiring-harness-for-bajaj-discover-100-4g-dtsi-electric-start-2012-2014-model-regular-6-pin-socket","wiring-harness"
"wiring-harness-for-bajaj-discover-135-dtsi-electric-start-2009-model-alloy-wheel-digital-meter","wiring-harness"
"wiring-harness-for-bajaj-discover-135-dtsi-kick-start-2008-model-alloy-wheel-drum-brakes","wiring-harness"
"wiring-harness-for-bajaj-discover-135-dtsi-electric-start-2008-model-digital-meter","wiring-harness"
"wiring-harness-for-bajaj-discover-135-dtsi-kick-start","wiring-harness"
"wiring-harness-for-bajaj-discover-135-dtsi-electric-start-2008-model-alloy-wheel","wiring-harness"
"wiring-harness-for-bajaj-discover-135-dtsi-electric-start-2009-model","wiring-harness"
"wiring-harness-for-bajaj-discover-125-m-dtsi-electric-start-2013-2013-model-ac-dc","wiring-harness"
"wiring-harness-for-bajaj-discover-125-st-dtsi-electric-start-2012-model","wiring-harness"
"wiring-harness-for-bajaj-discover-125-dtsi-electric-start-2010-2011-model","wiring-harness"
"wiring-harness-for-bajaj-discover-125-dtsi-kick-start-alloy-wheel-model","wiring-harness"
"wiring-harness-for-bajaj-discover-125-m-dtsi-electric-start-2014-model-dc-model","wiring-harness"
"wiring-harness-for-bajaj-discover-125-dtsi-2006-model-alloy-wheel-model","wiring-harness"
"wiring-harness-for-bajaj-discover-125-dtsi-new-model-2005-to-2006-model","wiring-harness"
"wiring-harness-for-bajaj-discover-125-dtsi-old-model-2005","wiring-harness"
"wiring-harness-for-bajaj-discover-125-kick-start-2004-model","wiring-harness"
"wiring-harness-for-bajaj-discover-125-bs4-electric-start-2017-model","wiring-harness"
"wiring-harness-for-bajaj-discover-110-dtsi-125-dtsi-bs4-electric-start-2018-model","wiring-harness"
"wiring-harness-for-bajaj-discover-125-dtsi-electric-start-2016-model-regular-4-pin-socket","wiring-harness"
"wiring-harness-for-bajaj-discover-125-5g-dtsi-electric-start-2014-2015-model-two-plug","wiring-harness"
"wiring-harness-for-bajaj-discover-150-dtsi-electric-start-2010-model-2-plug","wiring-harness"
"wiring-harness-for-bajaj-discover-150-f-dtsi-electric-start-2013-model-12-pin-meter-socket-cdi-12-pin-socket","wiring-harness"
"wiring-harness-for-bajaj-discover-150-s-dtsi-electric-start-2013-model-cdi-12-pin-socket","wiring-harness"
"wiring-harness-for-bajaj-platina-125-dts-si-electric-start-2008-to-2009-model-single-plug","wiring-harness"
"wiring-harness-for-bajaj-platina-125-dts-si-electric-start-2008-model-alloy-wheel","wiring-harness"
"wiring-harness-for-bajaj-platina-125-dts-si-kick-start-2008-to-2009-model","wiring-harness"
"wiring-harness-for-bajaj-platina-100-dtsi-electric-start-2016-model-cdi-4-2-pin-socket","wiring-harness"
"wiring-harness-for-bajaj-platina-125-dts-si-electric-start-2008-model-single-plug-alloy-wheel","wiring-harness"
"wiring-harness-for-bajaj-platina-100-dtsi-kick-start-2010-to-2011-model","wiring-harness"
"wiring-harness-for-bajaj-platina-100-dtsi-kick-start-2009-to-2010-model","wiring-harness"
"wiring-harness-for-bajaj-platina-100-dtsi-kick-start-2008-to-2009-model","wiring-harness"
"wiring-harness-for-bajaj-platina-100-kick-start-2006-model","wiring-harness"
"wiring-harness-for-bajaj-pulsar-220-dtsi-electric-start-2010-to-2011-model-digital-meter","wiring-harness"
"wiring-harness-for-bajaj-pulsar-220-dtsi-electric-start-2011-model-digital-meter","wiring-harness"
"wiring-harness-for-bajaj-pulsar-220-dtsi-electric-start-2007-model-digital-meter","wiring-harness"
"wiring-harness-for-bajaj-pulsar-220-dtsi-electric-start-2006-model","wiring-harness"
"wiring-harness-for-bajaj-pulsar-135-ls-dtsi-electric-start-2013-to-2015-model-rear-alloy-wheel","wiring-harness"
"wiring-harness-for-bajaj-pulsar-135-ls-dtsi-electric-start-2010-model-rear-alloy-wheel","wiring-harness"
"wiring-harness-for-bajaj-pulsar-135-ls-dtsi-electric-start-2010-model-front-alloy-wheel","wiring-harness"
"wiring-harness-for-bajaj-pulsar-135-dtsi-electric-start-2010-model-front-alloy-wheel-digital-meter-16-pin-socket","wiring-harness"
"wiring-harness-for-bajaj-pulsar-200-ns-dtsi-electric-start-2012-to-2013-model","wiring-harness"
"wiring-harness-for-bajaj-pulsar-200-ns-dtsi-electric-start-2012-model","wiring-harness"
"wiring-harness-for-bajaj-pulsar-200-dtsi-electric-start-2006-to-2007-model","wiring-harness"
"wiring-harness-for-bajaj-pulsar-200-dtsi-electric-start-2008-model-alloy-wheel","wiring-harness"
"wiring-harness-for-bajaj-pulsar-200-dtsi-electric-start-2007-model","wiring-harness"
"wiring-harness-for-bajaj-pulsar-180-dtsi-ug3-electric-start-2010-model-magnet-wire-4-pin-3-socket","wiring-harness"
"wiring-harness-for-bajaj-pulsar-150-180-dtsi-ug2-electric-start-2006-2007-model","wiring-harness"
"wiring-harness-for-bajaj-pulsar-150-180-dtsi-ug4-electric-start-2008-2009-model-without-kick","wiring-harness"
"wiring-harness-for-bajaj-pulsar-150-180-dtsi-ug4-electric-start-2008-2009-model","wiring-harness"
"wiring-harness-for-bajaj-pulsar-150-180-dtsi-ug3-electric-start-2007-2008-model","wiring-harness"
"wiring-harness-for-bajaj-pulsar-150-180-dtsi-ug3-electric-start-2011-model-digial-meter","wiring-harness"
"wiring-harness-for-bajaj-pulsar-150-180-dtsi-electric-start-2003-2004-model-with-multiple-socket","wiring-harness"
"wiring-harness-for-bajaj-pulsar-150-180-dtsi-electric-start-2008-model-digial-meter","wiring-harness"
"wiring-harness-for-bajaj-pulsar-150-180-dtsi-type-4-electric-start-3-pin-side-stand-switch-alloy-wheel","wiring-harness"
"wiring-harness-for-bajaj-pulsar-150-180-ug3-2007-model-digital-meter","wiring-harness"
"wiring-harness-for-bajaj-pulsar-150-180-dtsi-type-3-electric-start","wiring-harness"
"wiring-harness-for-bajaj-pulsar-150-180-dtsi-type-2-electric-start-2-pin-side-stand-switch-red-coupler-alloy-wheel","wiring-harness"
"wiring-harness-for-bajaj-pulsar-150-180-dtsi-electric-start-2-pin-side-stand-switch-alloy-wheel","wiring-harness"
"wiring-harness-for-bajaj-pulsar-150-180-electric-start-2004-to-2005-model","wiring-harness"
"wiring-harness-for-bajaj-pulsar-150-180-electric-start-2001-model","wiring-harness"
"wiring-harness-for-bajaj-pulsar-150-type-2-electric-start-2014-to-2015-model-digital-meter-12-pin-socket","wiring-harness"
"wiring-harness-for-bajaj-pulsar-150-electric-start-2014-to-2015-model-digital-meter-12-pin-socket","wiring-harness"
"wiring-harness-for-bajaj-pulsar-150-ug5-electric-start-2014-to-2015-model-digital-meter-12-pin-socket","wiring-harness"
"wiring-harness-for-bajaj-pulsar-150-dtsi-ug4-electric-start-2013-to-2014-model","wiring-harness"
"wiring-harness-for-bajaj-pulsar-150-dtsi-kick-start-2004-model","wiring-harness"
"wiring-harness-for-bajaj-pulsar-150-180-old-ug1-2002-model-round-headlight","wiring-harness"
"wiring-harness-for-bajaj-pulsar-150-180-dtsi-kick-start-2004-2005-model","wiring-harness"
"wiring-harness-for-bajaj-pulsar-150-180-dtsi-ug2-kick-start-2003-model","wiring-harness"
"wiring-harness-for-bajaj-pulsar-150-kick-start-2001-model","wiring-harness"
"wiring-harness-for-bajaj-caliber-115-kick-start-2003-model","wiring-harness"
"wiring-harness-for-bajaj-caliber-upgrade-new-model-kick-start","wiring-harness"
"wiring-harness-for-bajaj-caliber-croma-kick-start","wiring-harness"
"wiring-harness-for-bajaj-caliber-upgrade","wiring-harness"
"wiring-harness-for-bajaj-caliber-kick-start-1998-model-ignition-switch-4-pin","wiring-harness"
"wiring-harness-for-bajaj-boxer-bm-150-electric-start-2012-model","wiring-harness"
"wiring-harness-for-bajaj-boxer-bm-100-kick-start-2012-model","wiring-harness"
"wiring-harness-for-bajaj-boxer-ct-deluxe-kick-start","wiring-harness"
"wiring-harness-for-bajaj-boxer-ct-kick-start-with-parking-light-wire","wiring-harness"
"wiring-harness-for-bajaj-boxer-ar-kick-start","wiring-harness"
"wiring-harness-for-bajaj-boxer-ct-kick-start-2004-model","wiring-harness"
"wiring-harness-for-bajaj-boxer-at-kick-start-without-battery","wiring-harness"
"wiring-harness-for-bajaj-boxer-kick-start-2001-model","wiring-harness"
"wiring-harness-for-bajaj-kb4s-1997-model","wiring-harness"
"wiring-harness-for-bajaj-kb4s-kick-start-regulator-rectifier-type","wiring-harness"
"wiring-harness-for-bajaj-kb4s-kick-start","wiring-harness"
"wiring-harness-for-bajaj-kb-100-4s-1986-model","wiring-harness"
"wiring-harness-for-suzuki-access-125-2012-model","wiring-harness"
"wiring-harness-for-suzuki-access-125-2010-model","wiring-harness"
"wiring-harness-for-suzuki-access-125-2009-model","wiring-harness"
"wiring-harness-for-suzuki-hayate-110-electric-start-2012-model","wiring-harness"
"wiring-harness-for-suzuki-heat-125-kick-start","wiring-harness"
"wiring-harness-for-suzuki-zeus-125-electric-start-2006-model","wiring-harness"
"wiring-harness-for-suzuki-zeus-125-kick-start-2006-model","wiring-harness"
"wiring-harness-for-suzuki-shogun-110-kick-start-1993-model-6-wire-switch-sap-44-c","wiring-harness"
"wiring-harness-for-suzuki-samurai-1994-model","wiring-harness"
"wiring-harness-for-tvs-phoenix-electric-start-2012-model","wiring-harness"
"wiring-harness-for-tvs-star-city-plus-110-kick-start-2014-to-2015-model","wiring-harness"
"wiring-harness-for-tvs-star-city-plus-110-bs4-electric-start-2017model","wiring-harness"
"wiring-harness-for-tvs-star-city-plus-110-electric-start-2014-to-2015-model","wiring-harness"
"wiring-harness-for-tvs-star-city-100-electric-start-2009-model-cvti-engine","wiring-harness"
"wiring-harness-for-tvs-star-city-100-kick-start-2009-model-cvti-engine","wiring-harness"
"wiring-harness-for-tvs-star-city-kick-start-2008-model-for-fuel-gauge","wiring-harness"
"wiring-harness-for-tvs-star-city-110-electric-start","wiring-harness"
"wiring-harness-for-tvs-star-city-110-kick-start","wiring-harness"
"wiring-harness-for-tvs-star-city-electric-start-2006-to-2007-model","wiring-harness"
"wiring-harness-for-tvs-star-city-kick-start-2006-to-2007-model","wiring-harness"
"wiring-harness-for-tvs-star-city-100-kick-start-2005-to-2006-model","wiring-harness"
"wiring-harness-for-tvs-star-star-deluxe-100-kick-start-2004-model","wiring-harness"
"wiring-harness-for-tvs-star-sports-100-kick-start-2007-model-ignition-coil-red-socket-6-pin-3-wire-mobile-socket-2-pin-meter-socket-blue-9-pin-8-wire","wiring-harness"
"wiring-harness-for-tvs-star-sports-100-electric-start-2007-model","wiring-harness"
"wiring-harness-for-tvs-star-sports-100-kick-start-2007-model","wiring-harness"
"wiring-harness-for-tvs-sport-cvti-100-bs4-electric-start-2017-model-ignition-coil-8-pin-socket","wiring-harness"
"wiring-harness-for-tvs-sport-cvti-100-es","wiring-harness"
"wiring-harness-for-tvs-sport-cvti-100-electric-start-2011-model-meter-socket-blue-9-pin-6-wire","wiring-harness"
"wiring-harness-for-tvs-centra-100-kick-start-2004-model","wiring-harness"
"wiring-harness-for-tvs-jive-110-tmatic-electric-start-2010-model","wiring-harness"
"wiring-harness-for-tvs-apache-rtr-200-electric-start-bs4-non-abs-2017-model-without-relay","wiring-harness"
"wiring-harness-for-tvs-apache-rtr-160-fi-electric-start-fuel-indicator","wiring-harness"
"wiring-harness-for-tvs-apache-rtr-180-electric-start-refresh-model-2014-to-2015-rear-disc-digital-meter-with-3-pin-head-lamp-holder","wiring-harness"
"wiring-harness-for-tvs-apache-rtr-160-rtr-180-electric-start-bs4-2017-model-digital-meter","wiring-harness"
"wiring-harness-for-tvs-apache-rtr-160-rtr-180-electric-start-2008-to-2011-model-digital-meter","wiring-harness"
"wiring-harness-for-tvs-apache-rtr-160-rtr-180-2007-to-2008-model","wiring-harness"
"wiring-harness-for-tvs-apache-150-electric-start-start-2006-model","wiring-harness"
"wiring-harness-for-tvs-apache-150-kick-start-2006-model","wiring-harness"
"wiring-harness-for-tvs-flame-125-electric-start-2008-model-starter-relay-5-pin-socket","wiring-harness"
"wiring-harness-for-tvs-flame-125-electric-start-alloy-wheel-2008-model","wiring-harness"
"wiring-harness-for-tvs-fiero-f2-kick-start-2003-to-2004-model","wiring-harness"
"wiring-harness-for-tvs-fiero-f2-electric-start-2003-to-2004-model","wiring-harness"
"wiring-harness-for-tvs-fiero","wiring-harness"
"wiring-harness-for-tvs-max-100-deluxe-ac-kick-start","wiring-harness"
"wiring-harness-for-tvs-max-ve-model-kick-start","wiring-harness"
"wiring-harness-for-tvs-max-100-deluxe-new-model-kick-start","wiring-harness"
"wiring-harness-for-tvs-max-100-deluxe-old-model-kick-start","wiring-harness"
"wiring-harness-for-tvs-max-100-r","wiring-harness"
"wiring-harness-for-tvs-max-100-ac-4-wire-switch-sap-440a","wiring-harness"
"wiring-harness-for-tvs-victor-glx-125-electric-start","wiring-harness"
"wiring-harness-for-tvs-victor-glx-125-kick-start-2004-model","wiring-harness"
"wiring-harness-for-tvs-victor-edge-125-kick-start-2005-model","wiring-harness"
"wiring-harness-for-tvs-victor-gx-100-kisc-start-2004-model","wiring-harness"
"wiring-harness-for-tvs-victor-gl-110-kick-start-2001-model","wiring-harness"
"wiring-harness-for-tvs-victor-110-electric-sart-bs4-2017-model-digital-meter-20-pin-socket-mobile-socket-rear-side","wiring-harness"
"wiring-harness-for-tvs-victor-110-electric-start-2016-model","wiring-harness"
"wiring-harness-for-tvs-victor-110-kick-start-2001-model","wiring-harness"
"wiring-harness-for-tvs-suzuki-ax-100-6v-kick-start-1984-model-10-wire-switch-sap-440","wiring-harness"
"front-fork-leg-for-yamaha-fz-v1-fz-v2-fazer-v1-fazer-v2-fz-s-fz16-fz-r-disc-brakes-right-side","fork-assembly"
"front-fork-leg-for-yamaha-fz-v1-fz-v2-fazer-v1-fazer-v2-fz-s-fz16-fz-r-disc-brakes-left-side","fork-assembly"
"front-fork-leg-for-yamaha-enticer-disc-brakes-right-side","fork-assembly"
"front-fork-leg-for-yamaha-enticer-disc-brakes-left-side","fork-assembly"
"front-fork-leg-for-yamaha-fazer-old-model-disc-brakes-right-side","fork-assembly"
"front-fork-leg-for-yamaha-fazer-old-model-disc-brakes-left-side","fork-assembly"
"front-fork-leg-for-yamaha-gladiator-disc-brakes-right-side","fork-assembly"
"front-fork-leg-for-yamaha-gladiator-disc-brakes-left-side","fork-assembly"
"front-fork-leg-for-bajaj-platina-100-es-disc-brakes-right-side","fork-assembly"
"front-fork-leg-for-bajaj-platina-100-es-disc-brakes-left-side","fork-assembly"
"front-fork-leg-for-bajaj-pulsar-135-black-fork-leg-disc-brakes-right-side","fork-assembly"
"front-fork-leg-for-bajaj-pulsar-135-black-fork-leg-disc-brakes-left-side","fork-assembly"
"front-fork-leg-for-bajaj-pulsar-180-220-220-f-ug3-ug4-digital-meter-models-disc-brakes-right-side","fork-assembly"
"front-fork-leg-for-bajaj-pulsar-180-220-220-f-ug3-ug4-digital-meter-models-disc-brakes-left-side","fork-assembly"
"front-fork-leg-for-bajaj-pulsar-150-dtsi-ug3-ug4-disc-brakes-right-side","fork-assembly"
"front-fork-leg-for-bajaj-pulsar-150-dtsi-ug3-ug4-disc-brakes-left-side","fork-assembly"
"front-fork-leg-for-bajaj-xcd-135-disc-brakes-right-side","fork-assembly"
"front-fork-leg-for-bajaj-xcd-135-disc-brakes-left-side","fork-assembly"
"front-fork-leg-for-bajaj-xcd-125-disc-brakes-right-side","fork-assembly"
"front-fork-leg-for-bajaj-xcd-125-disc-brakes-left-side","fork-assembly"
"front-fork-leg-for-bajaj-discover-100-m-125-m-100-t-disc-brakes-right-side","fork-assembly"
"front-fork-leg-for-bajaj-discover-100-m-125-m-100-t-disc-brakes-left-side","fork-assembly"
"front-fork-leg-for-bajaj-discover-150-s-150-f-disc-brakes-right-side","fork-assembly"
"front-fork-leg-for-bajaj-discover-150-s-150-f-disc-brakes-left-side","fork-assembly"
"front-fork-leg-for-bajaj-discover-125-st-125-t-black-fork-leg-disc-brakes-right-side","fork-assembly"
"front-fork-leg-for-bajaj-discover-125-st-125-t-black-fork-leg-disc-brakes-left-side","fork-assembly"
"front-fork-leg-for-bajaj-discover-100-125-150-new-model-disc-brakes-right-side","fork-assembly"
"front-fork-leg-for-bajaj-discover-100-125-150-new-model-disc-brakes-left-side","fork-assembly"
"front-fork-leg-for-bajaj-discover-125-135-old-model-disc-brakes-right-side","fork-assembly"
"front-fork-leg-for-bajaj-discover-125-135-old-model-disc-brakes-left-side","fork-assembly"
"front-fork-leg-for-bajaj-pulsar-150-ug2-dtsi-alloy-wheel-disc-brakes-right-side","fork-assembly"
"front-fork-leg-for-bajaj-pulsar-150-ug2-dtsi-alloy-wheel-disc-brakes-left-side","fork-assembly"
"front-fork-leg-for-bajaj-wind-disc-brakes-right-side","fork-assembly"
"front-fork-leg-for-bajaj-wind-disc-brakes-left-side","fork-assembly"
"front-fork-leg-for-bajaj-aspire-disc-brakes-right-side","fork-assembly"
"front-fork-leg-for-bajaj-aspire-disc-brakes-left-side","fork-assembly"
"front-fork-leg-for-bajaj-caliber-croma-disc-brakes-right-side","fork-assembly"
"front-fork-leg-for-bajaj-caliber-croma-disc-brakes-left-side","fork-assembly"
"front-fork-leg-for-bajaj-pulsar-150-old-model-round-headlight-non-dtsi-disc-brakes-right-side","fork-assembly"
"front-fork-leg-for-bajaj-pulsar-150-old-model-round-headlight-non-dtsi-disc-brakes-left-side","fork-assembly"
"front-fork-leg-for-honda-dream-yuga-dream-neo-black-colour-fork-leg-disc-brakes-right-side","fork-assembly"
"front-fork-leg-for-honda-dream-yuga-dream-neo-black-colour-fork-leg-disc-brakes-left-side","fork-assembly"
"front-fork-leg-for-honda-twister-black-colour-fork-leg-disc-brakes-right-side","fork-assembly"
"front-fork-leg-for-honda-twister-black-colour-fork-leg-disc-brakes-left-side","fork-assembly"
"front-fork-leg-for-honda-shine-disc-brakes-right-side","fork-assembly"
"front-fork-leg-for-honda-shine-disc-brakes-left-side","fork-assembly"
"front-fork-leg-for-honda-stunner-disc-brakes-right-side","fork-assembly"
"front-fork-leg-for-honda-stunner-disc-brakes-left-side","fork-assembly"
"front-fork-leg-for-honda-unicorn-disc-brakes-right-side","fork-assembly"
"front-fork-leg-for-honda-unicorn-disc-brakes-left-side","fork-assembly"
"front-fork-leg-for-hero-passion-pro-bs6-disc-brakes-right-side","fork-assembly"
"front-fork-leg-for-hero-passion-pro-bs6-disc-brakes-left-side","fork-assembly"
"front-fork-leg-for-hero-passion-x-pro-disc-brakes-right-side","fork-assembly"
"front-fork-leg-for-hero-passion-x-pro-disc-brakes-left-side","fork-assembly"
"front-fork-leg-for-hero-hunk-disc-brakes-right-side","fork-assembly"
"front-fork-leg-for-hero-hunk-disc-brakes-left-side","fork-assembly"
"front-fork-leg-for-hero-cbz-xtreme-disc-brakes-right-side","fork-assembly"
"front-fork-leg-for-hero-cbz-xtreme-disc-brakes-left-side","fork-assembly"
"front-fork-leg-for-hero-karizma-r-disc-brakes-right-side","fork-assembly"
"front-fork-leg-for-hero-karizma-r-disc-brakes-left-side","fork-assembly"
"front-fork-leg-for-hero-karizma-disc-brakes-right-side","fork-assembly"
"front-fork-leg-for-hero-karizma-disc-brakes-left-side","fork-assembly"
"front-fork-leg-for-hero-passion-plus-disc-brakes-right-side","fork-assembly"
"front-fork-leg-for-hero-passion-plus-disc-brakes-left-side","fork-assembly"
"front-fork-leg-for-hero-splendor-plus-disc-brakes-right-side","fork-assembly"
"front-fork-leg-for-hero-splendor-plus-disc-brakes-left-side","fork-assembly"
"front-fork-leg-for-hero-glamour-disc-brakes-right-side","fork-assembly"
"front-fork-leg-for-hero-glamour-disc-brakes-left-side","fork-assembly"
"front-fork-leg-for-hero-ambition-disc-brakes-right-side","fork-assembly"
"front-fork-leg-for-hero-ambition-disc-brakes-left-side","fork-assembly"
"front-fork-leg-for-hero-cbz-disc-brakes-right-side","fork-assembly"
"front-fork-leg-for-hero-cbz-disc-brakes-left-side","fork-assembly"
"front-fork-leg-for-honda-dream-yuga-dream-neo-drum-brakes-right-side","fork-assembly"
"front-fork-leg-for-honda-dream-yuga-dream-neo-drum-brakes-left-side","fork-assembly"
"front-fork-leg-for-honda-twister-trigger-drum-brakes-right-side","fork-assembly"
"front-fork-leg-for-honda-twister-trigger-drum-brakes-left-side","fork-assembly"
"front-fork-leg-for-honda-shine-drum-brakes-right-side","fork-assembly"
"front-fork-leg-for-honda-shine-drum-brakes-left-side","fork-assembly"
"front-fork-leg-for-honda-stunner-drum-brakes-right-side","fork-assembly"
"front-fork-leg-for-honda-stunner-drum-brakes-left-side","fork-assembly"
"front-fork-leg-for-suzuki-shogun-black-paint-finish-fork-leg-right-side","fork-assembly"
"front-fork-leg-for-suzuki-shogun-black-paint-finish-fork-leg-left-side","fork-assembly"
"front-fork-leg-for-suzuki-shaolin-paint-finish-fork-leg-right-side","fork-assembly"
"front-fork-leg-for-suzuki-shaolin-paint-finish-fork-leg-left-side","fork-assembly"
"front-fork-leg-for-suzuki-max-100-old-paint-finish-fork-leg-right-side","fork-assembly"
"front-fork-leg-for-suzuki-samurai-old-model-chrome-finish-fork-leg-right-side","fork-assembly"
"front-fork-leg-for-suzuki-samurai-old-model-chrome-finish-fork-leg-left-side","fork-assembly"
"front-fork-leg-for-tvs-radeon-drum-brakes-right-side","fork-assembly"
"front-fork-leg-for-tvs-radeon-drum-brakes-left-side","fork-assembly"
"front-fork-leg-for-tvs-phoenix-125-drum-brakes-right-side","fork-assembly"
"front-fork-leg-for-tvs-phoenix-125-drum-brakes-left-side","fork-assembly"
"front-fork-leg-for-tvs-flame-drum-brakes-right-side","fork-assembly"
"front-fork-leg-for-tvs-flame-drum-brakes-left-side","fork-assembly"
"front-fork-leg-for-tvs-sport-new-black-colour-leg-right-side","fork-assembly"
"front-fork-leg-for-tvs-sport-new-black-colour-leg-left-side","fork-assembly"
"front-fork-leg-for-tvs-jive-right-side","fork-assembly"
"front-fork-leg-for-tvs-jive-left-side","fork-assembly"
"front-fork-leg-for-tvs-star-city-110-right-side","fork-assembly"
"front-fork-leg-for-tvs-star-city-110-left-side","fork-assembly"
"front-fork-leg-for-tvs-max-100-new-model-right-side","fork-assembly"
"front-fork-leg-for-tvs-max-100-new-model-left-side","fork-assembly"
"front-fork-leg-for-tvs-max-r-right-side","fork-assembly"
"front-fork-leg-for-tvs-max-r-left-side","fork-assembly"
"front-fork-leg-for-tvs-samurai-new-model-right-side","fork-assembly"
"front-fork-leg-for-tvs-samurai-new-model-left-side","fork-assembly"
"front-fork-leg-for-tvs-fiero-right-side","fork-assembly"
"front-fork-leg-for-tvs-star-sport-right-side","fork-assembly"
"front-fork-leg-for-tvs-star-sport-left-side","fork-assembly"
"front-fork-leg-for-tvs-star-city-spokes-wheel-right-side","fork-assembly"
"front-fork-leg-for-tvs-star-city-spokes-wheel-left-side","fork-assembly"
"front-fork-leg-for-tvs-star-city-alloy-wheel-right-side","fork-assembly"
"front-fork-leg-for-tvs-star-city-alloy-wheel-left-side","fork-assembly"
"front-fork-leg-for-tvs-victor-gx-drum-brakes-right-side","fork-assembly"
"front-fork-leg-for-tvs-victor-gx-drum-brakes-left-side","fork-assembly"
"front-fork-leg-for-tvs-victor-glx-drum-brakes-right-side","fork-assembly"
"front-fork-leg-for-tvs-victor-glx-drum-brakes-left-side","fork-assembly"
"front-fork-leg-for-tvs-fiero-f2-drum-brakes-right-side","fork-assembly"
"front-fork-leg-for-tvs-fiero-f2-drum-brakes-left-side","fork-assembly"
"front-fork-leg-for-tvs-centra-right-side","fork-assembly"
"front-fork-leg-for-tvs-centra-left-side","fork-assembly"
"front-fork-leg-for-tvs-star-deluxe-right-side","fork-assembly"
"front-fork-leg-for-tvs-star-deluxe-left-side","fork-assembly"
"front-fork-leg-for-tvs-victor-gl-right-side","fork-assembly"
"front-fork-leg-for-tvs-victor-gl-left-side","fork-assembly"
"front-fork-leg-for-tvs-victor-right-side","fork-assembly"
"front-fork-leg-for-tvs-victor-left-side","fork-assembly"
"front-fork-leg-for-tvs-star-right-side","fork-assembly"
"front-fork-leg-for-tvs-star-left-side","fork-assembly"
"front-fork-leg-for-lml-crd-100-drum-brakes-right-side","fork-assembly"
"front-fork-leg-for-lml-crd-100-drum-brakes-left-side","fork-assembly"
"front-fork-leg-for-lml-prima-125-drum-brakes-right-side","fork-assembly"
"front-fork-leg-for-lml-prima-125-drum-brakes-left-side","fork-assembly"
"front-fork-leg-for-lml-freedom-topper-drum-brakes-right-side","fork-assembly"
"front-fork-leg-for-lml-freedom-topper-drum-brakes-left-side","fork-assembly"
"front-fork-leg-for-lml-energy-fx-right-side","fork-assembly"
"front-fork-leg-for-lml-energy-fx-left-side","fork-assembly"
"front-fork-leg-for-lml-adreno-right-side","fork-assembly"
"front-fork-leg-for-lml-adreno-left-side","fork-assembly"
"front-fork-leg-for-lml-freedom-right-side","fork-assembly"
"front-fork-leg-for-lml-freedom-left-side","fork-assembly"
"front-fork-leg-for-yamaha-fazer-drum-brakes-right-side","fork-assembly"
"front-fork-leg-for-yamaha-fazer-drum-brakes-left-side","fork-assembly"
"front-fork-leg-for-yamaha-gladiator-right-side","fork-assembly"
"front-fork-leg-for-yamaha-gladiator-left-side","fork-assembly"
"front-fork-leg-for-yamaha-alba-right-side","fork-assembly"
"front-fork-leg-for-yamaha-alba-left-side","fork-assembly"
"front-fork-leg-for-yamaha-libero-g5-right-side","fork-assembly"
"front-fork-leg-for-yamaha-libero-g5-left-side","fork-assembly"
"front-fork-leg-for-yamaha-crux-s-right-side","fork-assembly"
"front-fork-leg-for-yamaha-crux-s-left-side","fork-assembly"
"front-fork-leg-for-yamaha-libero-right-side","fork-assembly"
"front-fork-leg-for-yamaha-libero-left-side","fork-assembly"
"front-fork-leg-for-yamaha-crux-r-right-side","fork-assembly"
"front-fork-leg-for-yamaha-crux-r-left-side","fork-assembly"
"front-fork-leg-for-yamaha-yd-125-right-side","fork-assembly"
"front-fork-leg-for-yamaha-yd-125-left-side","fork-assembly"
"front-fork-leg-for-yamaha-ybx-right-side","fork-assembly"
"front-fork-leg-for-yamaha-ybx-left-side","fork-assembly"
"front-fork-leg-for-yamaha-crux-right-side","fork-assembly"
"front-fork-leg-for-yamaha-crux-left-side","fork-assembly"
"front-fork-leg-for-yamaha-rxz-right-side","fork-assembly"
"front-fork-leg-for-yamaha-rxz-left-side","fork-assembly"
"front-fork-leg-for-yamaha-rx-135-right-side","fork-assembly"
"front-fork-leg-for-yamaha-rx-135-left-side","fork-assembly"
"front-fork-leg-for-yamaha-rx-100-right-side","fork-assembly"
"front-fork-leg-for-yamaha-rx-100-left-side","fork-assembly"
"front-fork-leg-for-bajaj-platina-es-new-model-drum-brakes-right-side","fork-assembly"
"front-fork-leg-for-bajaj-platina-es-new-model-drum-brakes-left-side","fork-assembly"
"front-fork-leg-for-bajaj-platina-es-old-model-drum-brakes-right-side","fork-assembly"
"front-fork-leg-for-bajaj-platina-es-old-model-drum-brakes-left-side","fork-assembly"
"front-fork-leg-for-bajaj-discover-100m-drum-brakes-right-side","fork-assembly"
"front-fork-leg-for-bajaj-discover-100m-drum-brakes-left-side","fork-assembly"
"front-fork-leg-for-bajaj-discover-100t-drum-brakes-right-side","fork-assembly"
"front-fork-leg-for-bajaj-discover-100t-drum-brakes-left-side","fork-assembly"
"front-fork-leg-for-bajaj-discover-150s-drum-brakes-right-side","fork-assembly"
"front-fork-leg-for-bajaj-discover-150s-drum-brakes-left-side","fork-assembly"
"front-fork-leg-for-bajaj-platina-100-black-colour-leg-drum-brakes-right-side","fork-assembly"
"front-fork-leg-for-bajaj-platina-100-black-colour-leg-drum-brakes-left-side","fork-assembly"
"front-fork-leg-for-bajaj-discover-100-black-colour-leg-drum-brakes-right-side","fork-assembly"
"front-fork-leg-for-bajaj-discover-100-black-colour-leg-drum-brakes-left-side","fork-assembly"
"front-fork-leg-for-bajaj-discover-150-black-colour-leg-drum-brakes-right-side","fork-assembly"
"front-fork-leg-for-bajaj-discover-150-black-colour-leg-drum-brakes-left-side","fork-assembly"
"front-fork-leg-for-bajaj-discover-112cc-drum-brakes-right-side","fork-assembly"
"front-fork-leg-for-bajaj-discover-112cc-drum-brakes-left-side","fork-assembly"
"front-fork-leg-for-bajaj-xcd-135-drum-brakes-right-side","fork-assembly"
"front-fork-leg-for-bajaj-xcd-135-drum-brakes-left-side","fork-assembly"
"front-fork-leg-for-bajaj-kawasaki-125-right-side","fork-assembly"
"front-fork-leg-for-bajaj-kawasaki-125-left-side","fork-assembly"
"front-fork-leg-for-bajaj-kb-100-right-side","fork-assembly"
"front-fork-leg-for-bajaj-kb-100-left-side","fork-assembly"
"front-fork-leg-for-bajaj-discover-135-black-colour-right-side","fork-assembly"
"front-fork-leg-for-bajaj-discover-135-black-colour-left-side","fork-assembly"
"front-fork-leg-for-bajaj-xcd-125-right-side","fork-assembly"
"front-fork-leg-for-bajaj-xcd-125-left-side","fork-assembly"
"front-fork-leg-for-bajaj-platina-alloy-rim-right-side","fork-assembly"
"front-fork-leg-for-bajaj-platina-alloy-rim-left-side","fork-assembly"
"front-fork-leg-for-bajaj-discover-125-135-old-model-spokes-rim-drum-brakes-right-side","fork-assembly"
"front-fork-leg-for-bajaj-discover-125-135-old-model-spokes-rim-drum-brakes-left-side","fork-assembly"
"front-fork-leg-for-bajaj-discover-125-135-old-model-alloy-rim-drum-brakes-right-side","fork-assembly"
"front-fork-leg-for-bajaj-discover-125-135-old-model-alloy-rim-drum-brakes-left-side","fork-assembly"
"front-fork-leg-for-bajaj-ct-100-deluxe-right-side","fork-assembly"
"front-fork-leg-for-bajaj-ct-100-deluxe-left-side","fork-assembly"
"front-fork-leg-for-bajaj-boxer-ar-right-side","fork-assembly"
"front-fork-leg-for-bajaj-boxer-ar-left-side","fork-assembly"
"front-fork-leg-for-bajaj-platina-spokes-rim-old-model-right-side","fork-assembly"
"front-fork-leg-for-bajaj-platina-spokes-rim-old-model-left-side","fork-assembly"
"front-fork-leg-for-bajaj-ct-100-right-side","fork-assembly"
"front-fork-leg-for-bajaj-ct-100-left-side","fork-assembly"
"front-fork-leg-for-bajaj-boxer-at-right-side","fork-assembly"
"front-fork-leg-for-bajaj-boxer-at-left-side","fork-assembly"
"front-fork-leg-for-bajaj-boxer-ct-right-side","fork-assembly"
"front-fork-leg-for-bajaj-boxer-ct-left-side","fork-assembly"
"front-fork-leg-for-bajaj-aspire-drum-brakes-right-side","fork-assembly"
"front-fork-leg-for-bajaj-aspire-drum-brakes-left-side","fork-assembly"
"front-fork-leg-for-bajaj-caliber-wind-125-drum-brakes-right-side","fork-assembly"
"front-fork-leg-for-bajaj-caliber-wind-125-drum-brakes-left-side","fork-assembly"
"front-fork-leg-for-bajaj-caliber-115-hoodi-baba-right-side","fork-assembly"
"front-fork-leg-for-bajaj-caliber-115-hoodi-baba-left-side","fork-assembly"
"front-fork-leg-for-bajaj-caliber-new-model-upper-grade-right-side","fork-assembly"
"front-fork-leg-for-bajaj-caliber-new-model-upper-grade-left-side","fork-assembly"
"front-fork-leg-for-bajaj-caliber-croma-drum-brakes-right-side","fork-assembly"
"front-fork-leg-for-bajaj-caliber-croma-drum-brakes-left-side","fork-assembly"
"front-fork-leg-for-bajaj-boxer-right-side","fork-assembly"
"front-fork-leg-for-bajaj-boxer-left-side","fork-assembly"
"front-fork-leg-for-bajaj-caliber-right-side","fork-assembly"
"front-fork-leg-for-bajaj-caliber-left-side","fork-assembly"
"front-fork-leg-for-bajaj-kb4s-right-side","fork-assembly"
"front-fork-leg-for-bajaj-kb4s-left-side","fork-assembly"
"front-fork-leg-for-hero-splendor-pro-bs6-right-side","fork-assembly"
"front-fork-leg-for-hero-splendor-pro-bs6-left-side","fork-assembly"
"front-fork-leg-for-hero-splendor-nxg-bs6-right-side","fork-assembly"
"front-fork-leg-for-hero-splendor-nxg-bs6-left-side","fork-assembly"
"front-fork-leg-for-hero-glamour-bs6-drum-brakes-right-side","fork-assembly"
"front-fork-leg-for-hero-glamour-bs6-drum-brakes-left-side","fork-assembly"
"front-fork-leg-for-hero-super-splendor-bs6-right-side","fork-assembly"
"front-fork-leg-for-hero-super-splendor-bs6-left-side","fork-assembly"
"front-fork-leg-for-hero-hf-deluxe-bs6-right-side","fork-assembly"
"front-fork-leg-for-hero-hf-deluxe-bs6-left-side","fork-assembly"
"front-fork-leg-for-hero-passion-pro-bs6-drum-brakes-right-side","fork-assembly"
"front-fork-leg-for-hero-passion-pro-bs6-drum-brakes-left-side","fork-assembly"
"front-fork-leg-for-hero-passion-xpro-drum-brakes-right-side","fork-assembly"
"front-fork-leg-for-hero-passion-xpro-drum-brakes-left-side","fork-assembly"
"front-fork-leg-for-hero-ambition-drum-brakes-right-side","fork-assembly"
"front-fork-leg-for-hero-ambition-drum-brakes-left-side","fork-assembly"
"front-fork-leg-for-hero-cbz-drum-brakes-right-side","fork-assembly"
"front-fork-leg-for-hero-cbz-drum-brakes-left-side","fork-assembly"
"front-fork-leg-for-hero-splendor-ismart-right-side","fork-assembly"
"front-fork-leg-for-hero-splendor-ismart-left-side","fork-assembly"
"front-fork-leg-for-hero-splendor-pro-right-side","fork-assembly"
"front-fork-leg-for-hero-splendor-pro-left-side","fork-assembly"
"front-fork-leg-for-hero-passion-pro-right-side","fork-assembly"
"front-fork-leg-for-hero-passion-pro-left-side","fork-assembly"
"front-fork-leg-for-hero-splendor-nxg-right-side","fork-assembly"
"front-fork-leg-for-hero-splendor-nxg-left-side","fork-assembly"
"front-fork-leg-for-hero-passion-plus-new-model-right-side","fork-assembly"
"front-fork-leg-for-hero-passion-plus-new-model-left-side","fork-assembly"
"front-fork-leg-for-hero-dawn-deluxe-right-side","fork-assembly"
"front-fork-leg-for-hero-dawn-deluxe-left-side","fork-assembly"
"front-fork-leg-for-hero-glamour-drum-brakes-right-side","fork-assembly"
"front-fork-leg-for-hero-glamour-drum-brakes-left-side","fork-assembly"
"front-fork-leg-for-hero-cd-deluxe-new-right-side","fork-assembly"
"front-fork-leg-for-hero-cd-deluxe-new-left-side","fork-assembly"
"front-fork-leg-for-hero-super-splendor-right-side","fork-assembly"
"front-fork-leg-for-hero-super-splendor-left-side","fork-assembly"
"front-fork-leg-for-hero-splendor-plus-right-side","fork-assembly"
"front-fork-leg-for-hero-splendor-plus-left-side","fork-assembly"
"front-fork-leg-for-hero-passion-plus-old-model-right-side","fork-assembly"
"front-fork-leg-for-hero-passion-plus-old-model-left-side","fork-assembly"
"front-fork-leg-for-hero-cd-dawn-right-side","fork-assembly"
"front-fork-leg-for-hero-cd-dawn-left-side","fork-assembly"
"front-fork-leg-for-hero-joy-right-side","fork-assembly"
"front-fork-leg-for-hero-joy-left-side","fork-assembly"
"front-fork-leg-for-hero-sleek-right-side","fork-assembly"
"front-fork-leg-for-hero-sleek-left-side","fork-assembly"
"front-fork-leg-for-hero-splendor-right-side","fork-assembly"
"front-fork-leg-for-hero-splendor-left-side","fork-assembly"
"front-fork-leg-for-hero-passion-right-side","fork-assembly"
"front-fork-leg-for-hero-passion-left-side","fork-assembly"
"front-fork-leg-for-hero-honda-ss-right-side","fork-assembly"
"front-fork-leg-for-hero-honda-ss-left-side","fork-assembly"
"front-fork-leg-for-hero-cd-100-deluxe-right-side","fork-assembly"
"front-fork-leg-for-hero-cd-100-deluxe-left-side","fork-assembly"
"front-fork-leg-for-hero-cd-100-old-model-right-side","fork-assembly"
"front-fork-leg-for-hero-cd-100-old-model-left-side","fork-assembly"
"front-fork-leg-for-yamaha-ray-silver-colour-right-side","fork-assembly"
"front-fork-leg-for-yamaha-ray-silver-colour-left-side","fork-assembly"
"front-fork-leg-for-tvs-ntorq-right-side","fork-assembly"
"front-fork-leg-for-tvs-ntorq-disc-brakes-left-side","fork-assembly"
"front-fork-leg-for-tvs-jupiter-right-side","fork-assembly"
"front-fork-leg-for-tvs-jupiter-disc-brakes-left-side","fork-assembly"
"front-fork-leg-for-tvs-jupiter-drum-brakes-right-side","fork-assembly"
"front-fork-leg-for-tvs-jupiter-drum-brakes-left-side","fork-assembly"
"front-fork-leg-for-tvs-streak-right-side","fork-assembly"
"front-fork-leg-for-suzuki-swish-right-side","fork-assembly"
"front-fork-leg-for-suzuki-swish-left-side","fork-assembly"
"front-fork-leg-for-suzuki-access-right-side","fork-assembly"
"front-fork-leg-for-suzuki-access-left-side","fork-assembly"
"front-fork-leg-for-honda-aviator-disc-brakes-right-side","fork-assembly"
"front-fork-leg-for-honda-aviator-disc-brakes-left-side","fork-assembly"
"front-fork-leg-for-honda-aviator-drum-brakes-right-side","fork-assembly"
"front-fork-leg-for-honda-aviator-drum-brakes-left-side","fork-assembly"
"front-fork-assembly-for-tvs-wego-set-of-2","fork-assembly"
"front-fork-assembly-for-mahindra-flyte-set-of-2","fork-assembly"
"front-fork-assembly-for-mahindra-duro-set-of-2","fork-assembly"
"front-fork-assembly-for-tvs-ntorq-set-of-2","fork-assembly"
"front-fork-assembly-for-tvs-jupiter-disc-brake-model-set-of-2","fork-assembly"
"front-fork-assembly-for-tvs-jupiter-without-disc-brake-set-of-2","fork-assembly"
"front-fork-assembly-for-tvs-apache-160-4v-set-of-2","fork-assembly"
"front-fork-assembly-for-tvs-apache-200-set-of-2","fork-assembly"
"front-fork-assembly-for-tvs-zest-set-of-2","fork-assembly"
"front-fork-assembly-for-tvs-xl-100-heavy-duty-set-of-2","fork-assembly"
"front-fork-assembly-for-tvs-xl-super-heavy-duty-set-of-2","fork-assembly"
"front-fork-assembly-for-tvs-apache-rtr-160-rtr-180-phoenix-set-of-2","fork-assembly"
"front-fork-assembly-for-tvs-star-star-city-old-model-set-of-2","fork-assembly"
"front-fork-assembly-for-tvs-star-star-city-alloy-wheel-models-set-of-2","fork-assembly"
"front-fork-assembly-for-tvs-star-city-plus-set-of-2","fork-assembly"
"front-fork-assembly-for-tvs-victor-victor-gl-victor-gx-victor-glx-set-of-2","fork-assembly"
"front-fork-assembly-for-yamaha-fz-v2-fazer-v2-set-of-2","fork-assembly"
"front-fork-assembly-for-yamaha-fz-v1-fz-s-fz16-fz-r-fazer-v1-set-of-2","fork-assembly"
"front-fork-assembly-for-yamaha-sz-r-sz-s-sz-rr-set-of-2","fork-assembly"
"front-fork-assembly-for-yamaha-r15-v1-v2-set-of-2","fork-assembly"
"front-fork-assembly-for-yamaha-libero-libero-g5-alba-set-of-2","fork-assembly"
"front-fork-assembly-for-yamaha-crux-set-of-2","fork-assembly"
"front-fork-assembly-for-suzuki-gixxer-gixxer-sf-set-of-2","fork-assembly"
"front-fork-assembly-for-suzuki-access-125-disc-brake-model-new-model-set-of-2","fork-assembly"
"front-fork-assembly-for-suzuki-access-125-without-disc-brake-new-model-set-of-2","fork-assembly"
"front-fork-assembly-for-suzuki-access-old-model-swish-set-of-2","fork-assembly"
"front-fork-assembly-for-suzuki-slingshot-heat-zeus-hayate-set-of-2","fork-assembly"
"front-fork-assembly-for-bajaj-vikrant-v12-set-of-2-disc-brake","fork-assembly"
"front-fork-assembly-for-bajaj-vikrant-v12-set-of-2","fork-assembly"
"front-fork-assembly-for-bajaj-vikrant-v15-disc-brake-set-of-2","fork-assembly"
"front-fork-assembly-for-bajaj-vikrant-v15-set-of-2","fork-assembly"
"front-fork-assembly-for-bajaj-pulsar-160-ns-set-of-2","fork-assembly"
"front-fork-assembly-for-bajaj-pulsar-200-ns-200-as-200-rs-set-of-2","fork-assembly"
"front-fork-assembly-for-bajaj-pulsar-220-rs-set-of-2","fork-assembly"
"front-fork-assembly-for-bajaj-pulsar-220-as-set-of-2","fork-assembly"
"front-fork-assembly-for-bajaj-pulsar-220-220f-set-of-2","fork-assembly"
"front-fork-assembly-for-bajaj-pulsar-200-set-of-2","fork-assembly"
"front-fork-assembly-for-bajaj-eliminator-avenger-220-set-of-2","fork-assembly"
"front-fork-assembly-for-bajaj-pulsar-135-old-model-set-of-2","fork-assembly"
"front-fork-assembly-for-bajaj-xcd-125-xcd-135-set-of-2","fork-assembly"
"front-fork-assembly-for-bajaj-platina-100es-set-of-2","fork-assembly"
"front-fork-assembly-for-bajaj-pulsar-150-ug3-bush-type-digital-meter-set-of-2","fork-assembly"
"front-fork-assembly-for-bajaj-discover-125-st-set-of-2","fork-assembly"
"front-fork-assembly-for-bajaj-pulsar-150-ug4-digital-meter-set-of-2","fork-assembly"
"front-fork-assembly-for-bajaj-discover-100-dtsi-150-dtsi-125-dtsi-new-model-set-of-2","fork-assembly"
"front-fork-assembly-for-bajaj-discover-125-old-model-135-old-model-set-of-2","fork-assembly"
"front-fork-assembly-for-bajaj-ct-100-set-of-2","fork-assembly"
"front-fork-assembly-for-bajaj-platina-100-old-model-set-of-2","fork-assembly"
"front-fork-assembly-for-bajaj-pulsar-150-ug2-dtsi-analog-meter-set-of-2","fork-assembly"
"front-fork-assembly-for-honda-livo-disc-brake-model-set-of-2","fork-assembly"
"front-fork-assembly-for-honda-livo-without-disc-brake-set-of-2","fork-assembly"
"front-fork-assembly-for-honda-dream-yuga-disc-brake-model-set-of-2","fork-assembly"
"front-fork-assembly-for-honda-shine-sp-new-model-disc-brake-set-of-2","fork-assembly"
"front-fork-assembly-for-honda-shine-disc-brake-model-set-of-2","fork-assembly"
"front-fork-assembly-for-honda-hornet-new-model-bs4-set-of-2","fork-assembly"
"front-fork-assembly-for-honda-hornet-old-model-bs3-set-of-2","fork-assembly"
"front-fork-assembly-for-honda-unicorn-160-new-model-set-of-2","fork-assembly"
"front-fork-assembly-for-honda-cbr-150-set-of-2","fork-assembly"
"front-fork-assembly-for-honda-activa-125-new-model-set-of-2","fork-assembly"
"front-fork-assembly-for-honda-activa-125-bs6-set-of-2","fork-assembly"
"front-fork-assembly-for-honda-aviator-set-of-2","fork-assembly"
"front-fork-assembly-for-honda-dream-yuga-set-of-2","fork-assembly"
"front-fork-assembly-for-honda-cbr-250-set-of-2","fork-assembly"
"front-fork-assembly-for-honda-twister-shine-new-model-black-colour-assembly-set-of-2","fork-assembly"
"front-fork-assembly-for-honda-dazzler-trigger-set-of-2","fork-assembly"
"front-fork-assembly-for-honda-unicorn-new-model-black-colour-assembly-set-of-2","fork-assembly"
"front-fork-assembly-for-honda-stunner-set-of-2","fork-assembly"
"front-fork-assembly-for-honda-shine-silver-colour-assembly-set-of-2","fork-assembly"
"front-fork-assembly-for-honda-unicorn-silver-colour-assembly-set-of-2","fork-assembly"
"front-fork-assembly-for-hero-splendor-disc-brake-model-set-of-2","fork-assembly"
"front-fork-assembly-for-hero-maestro-maestro-edge-set-of-2","fork-assembly"
"front-fork-assembly-for-hero-karizma-zmr-set-of-2","fork-assembly"
"front-fork-assembly-for-hero-duet-set-of-2","fork-assembly"
"front-fork-assembly-for-hero-ignitor-set-of-2","fork-assembly"
"front-fork-assembly-for-hero-cbz-xtreme-new-model-double-seat-bike-set-of-2","fork-assembly"
"front-fork-assembly-for-hero-splendor-bs6-set-of-2","fork-assembly"
"front-fork-assembly-for-hero-glamour-bs6-set-of-2","fork-assembly"
"front-fork-assembly-for-hero-passion-x-pro-black-colour-assembly-set-of-2","fork-assembly"
"front-fork-assembly-for-hero-cbz-xtreme-new-model-single-seat-bike-hunk-black-colour-assembly-set-of-2","fork-assembly"
"front-fork-assembly-for-hero-hunk-silver-colour-assembly-set-of-2","fork-assembly"
"front-fork-assembly-for-hero-cbz-xtreme-achiever-silver-colour-assembly-set-of-2","fork-assembly"
"front-fork-assembly-for-hero-karizma-karizma-r-set-of-2","fork-assembly"
"front-fork-assembly-for-hero-glamour-splendor-nxg-passion-pro-splendor-pro-set-of-2","fork-assembly"
"front-fork-assembly-for-hero-cbz-ambition-set-of-2","fork-assembly"
"front-fork-assembly-for-hero-splendor-splendor-plus-ss-passion-passion-plus-super-splendor-sleek-cd-dawn-cd-dlx-hf-dawn-hf-dlx-set-of-2","fork-assembly"
"front-fork-assembly-for-hero-cd-100-set-of-2","fork-assembly"
"starter-motor-for-yamaha-fz-250","starter-motor"
"starter-motor-for-royal-enfield-bullet-350-2007-model-electra-350-classic-350-grey-colour","starter-motor"
"starter-motor-for-suzuki-gixxer","starter-motor"
"starter-motor-for-yamaha-enticer","starter-motor"
"starter-motor-for-mahindra-duro-flyte","starter-motor"
"starter-motor-for-suzuki-gs-150r-slingshot","starter-motor"
"starter-motor-for-suzuki-heat-zeus-hayate","starter-motor"
"starter-motor-for-tvs-apache-320","starter-motor"
"starter-motor-for-honda-scooty-new-nova-kinetic-honda","starter-motor"
"starter-motor-for-honda-cb-unicorn-160-hornet-160","starter-motor"
"starter-motor-for-hero-passion-x-pro-2012-to-2014-model","starter-motor"
"starter-motor-for-hero-hunk-achiever-2006-model-ignitor-cbz-xtreme-shine-cb-shine-sp-shine-unicorn-150-stunner","starter-motor"
"starter-motor-for-hero-splendor-ismart-old-splendor-pro-passion-pro-splendor-nxg-cd-dlx-hf-dlx-all-old-models","starter-motor"
"starter-motor-for-bajaj-vikrant-15-v15-thick-shaft","starter-motor"
"starter-motor-for-bajaj-vikrant-12-v12-thin-shaft","starter-motor"
"starter-motor-for-bajaj-discover-125-135-with-clamp","starter-motor"
"mukut-analog-speedometer-for-tvs-scooty-pep-brown-dial","speedometer"
"ensons-petrol-tank-for-hero-cd-deluxe-old-model-red","petrol-tank"
"ensons-petrol-tank-for-bajaj-ct-100-new-model-bs4-black-red","petrol-tank"
"tank-cover-for-yamaha-r15-v3-blue-set-of-3","petrol-tank"
"tank-cover-for-yamaha-fz-fz16-fz-s-v1-orange-black-set-of-3","petrol-tank"
"tank-cover-for-yamaha-fz-fz16-fz-s-v1-yellow-black-set-of-3","petrol-tank"
"tank-cover-for-yamaha-fz-fz16-fz-s-v1-dark-blue-set-of-3","petrol-tank"
"tank-cover-for-yamaha-fz-fz16-fz-s-v1-black-green-set-of-3","petrol-tank"
"tank-cover-for-yamaha-fz-fz16-fz-s-v1-black-set-of-3","petrol-tank"
"tank-cover-for-yamaha-fz-fz16-fz-s-v1-sports-red-set-of-3","petrol-tank"
"tank-cover-for-yamaha-fz-fz16-fz-s-v1-military-green-set-of-3","petrol-tank"
"tank-cover-for-yamaha-fz-s-v2-black-green-set-of-3","petrol-tank"
"tank-cover-for-yamaha-fz-s-v2-matt-red-golden-set-of-3","petrol-tank"
"tank-cover-for-yamaha-fz-s-v2-white-red-set-of-3","petrol-tank"
"mukut-self-starter-motor-for-yamaha-fz-fz-s-fz-16-fz-fi-v2-sz-s-sz-r","starter-motor"
"copy-of-copy-of-varroc-self-starter-motor-for-hero-nxg","starter-motor"
"varroc-self-starter-motor-for-bajaj-avenger-220","starter-motor"
"minda-lock-set-for-tvs-apache-rtr-160-apache-rtr-180-all-bs4-models","ignition-lock-set"
"clutch-plate-for-hero-karizma-karizma-r-karizma-zmr-paper-type","clutch-plate"
"clutch-plate-for-yamaha-r15-v1-v2-v3-s-paper-type","clutch-plate"
"clutch-plate-for-yamaha-fz16-fz-s-fz-r-fazer-v1-fazer-v2-fz-v1-fz-v2-paper-type","clutch-plate"
"clutch-plate-for-tvs-apache-rtr-160-rtr-180-paper-type","clutch-plate"
"clutch-plate-for-suzuki-gs-150r-paper-type","clutch-plate"
"clutch-plate-for-suzuki-gixxer-gixxer-sf-gixxer-sp-gixxer-sf-sp-paper-type","clutch-plate"
"clutch-plate-for-honda-unicorn-cbz-xtreme-hunk-achiever-trigger-paper-type","clutch-plate"
"clutch-plate-for-honda-twister-stunner-ignitor-paper-type","clutch-plate"
"clutch-plate-for-honda-shine-cb-shine-sp-shine-paper-type","clutch-plate"
"clutch-plate-for-honda-shine-bs6-paper-type","clutch-plate"
"clutch-plate-for-honda-dream-neo-paper-type","clutch-plate"
"clutch-plate-for-hero-super-splendor-glamour-paper-type","clutch-plate"
"clutch-plate-for-hero-super-splendor-bs6-paper-type","clutch-plate"
"clutch-plate-for-hero-splendor-spl-plus-spl-pro-passion-passion-plus-pro-cd-dawn-cd-dlx-cd-100-cd-100-ss-hf-dawn-hf-dlx-hf-100-paper-type","clutch-plate"
"clutch-plate-for-hero-passion-pro-bs6-paper-type","clutch-plate"
"clutch-plate-for-hero-glamour-bs6-paper-type","clutch-plate"
"clutch-plate-for-hero-discover-150-pulsar-135-paper-type","clutch-plate"
"clutch-plate-for-bajaj-xcd-135-xcd-125-paper-type","clutch-plate"
"clutch-plate-for-bajaj-pulsar-200-ns-200-rs-paper-type","clutch-plate"
"clutch-plate-for-bajaj-pulsar-180-ug4-200-ug4-220-ug4-paper-type","clutch-plate"
"clutch-plate-for-bajaj-pulsar-180-ug3-200-ug3-220-ug3-paper-type","clutch-plate"
"clutch-plate-for-bajaj-pulsar-150-ug4-paper-type","clutch-plate"
"clutch-plate-for-bajaj-pulsar-150-ug3-paper-type","clutch-plate"
"clutch-plate-for-bajaj-pulsar-150-bs4-paper-type","clutch-plate"
"clutch-pulley-for-tvs-ntorq","clutch-plate"
"clutch-pulley-for-hero-maestro-edge","clutch-plate"
"clutch-assembly-for-yamaha-r15-v2","clutch-assembly"
"ask-clutch-shoe-for-yamaha-alfa","clutch-plate"
"ask-clutch-shoe-for-tvs-wego","clutch-plate"
"ask-clutch-shoe-for-tvs-scooty-pep","clutch-plate"
"ask-clutch-shoe-for-suzuki-access-125","clutch-plate"
"ask-clutch-shoe-for-mahindra-rodeo","clutch-plate"
"ask-clutch-shoe-for-honda-activa-het-3g-4g-5g","clutch-plate"
"ask-clutch-shoe-for-hero-maestro","clutch-plate"
"ask-clutch-shoe-for-hero-duet","clutch-plate"
"usha-piston-cylinder-kit-for-bajaj-discover-135-dtsi-engine-block","piston-kit"
"usha-piston-cylinder-kit-for-bajaj-pulsar-150-ug3-digital-meter-white-engine-block","piston-kit"
"usha-piston-cylinder-kit-for-bajaj-pulsar-135-engine-block","piston-kit"
"usha-piston-cylinder-kit-for-bajaj-pulsar-150-dtsi-ug2-engine-block","piston-kit"
"usha-piston-cylinder-kit-for-bajaj-compact-bs4-engine-block","piston-kit"
"usha-piston-cylinder-kit-for-bajaj-discover-125-dtsi-new-model-engine-block","piston-kit"
"usha-piston-cylinder-kit-for-honda-activa-125-engine-block","piston-kit"
"usha-piston-cylinder-kit-for-hero-cd-deluxe-hf-deluxe-passion-pro-splendor-pro-splendor-i3s-engine-block","piston-kit"
"usha-piston-cylinder-kit-for-tvs-king-4s-engine-block","piston-kit"
"usha-piston-cylinder-kit-for-suzuki-access-125-swish-engine-block","piston-kit"
"usha-piston-cylinder-kit-for-bajaj-pulsar-150-ug4-digital-meter-black-engine-block","piston-kit"
"usha-piston-cylinder-kit-for-bajaj-discover-100-engine-block","piston-kit"
"usha-piston-cylinder-kit-for-tvs-scooty-pep-plus-streak-engine-block","piston-kit"
"usha-piston-cylinder-kit-for-tvs-star-city-electric-start-kick-start-engine-block","piston-kit"
"usha-piston-cylinder-kit-for-honda-cb-twister-dream-yuga-dream-neo-hero-passion-x-pro-engine-block","piston-kit"
"usha-piston-cylinder-kit-for-honda-activa-110-new-model-engine-block","piston-kit"
"usha-piston-cylinder-kit-for-bajaj-ct-100-platina-engine-block","piston-kit"
"usha-piston-cylinder-kit-for-honda-activa-het-110-engine-block","piston-kit"
"usha-piston-cylinder-kit-for-hero-glamour-super-splendor-engine-block","piston-kit"
"usha-piston-cylinder-kit-for-tvs-jupiter-wego-zest-engine-block","piston-kit"
"usha-piston-cylinder-kit-for-bajaj-kb4s-engine-block","piston-kit"
"usha-piston-cylinder-kit-for-honda-shine-cb-shine-sp-shine-hero-ignitor-stunner-black-colour-block-engine-block","piston-kit"
"usha-piston-cylinder-kit-for-honda-achiever-cbz-xtreme-hunk-honda-unicorn-black-colour-block-engine-block","piston-kit"
"usha-piston-cylinder-kit-for-honda-shine-cb-shine-sp-shine-hero-ignitor-stunner-silver-colour-block-engine-block","piston-kit"
"usha-piston-cylinder-kit-for-hero-achiever-cbz-xtreme-hunk-honda-unicorn-silver-colour-block-engine-block","piston-kit"
"usha-piston-cylinder-kit-for-tvs-victor-victor-gl-engine-block","piston-kit"
"usha-piston-cylinder-kit-for-honda-activa-100-old-model-engine-block","piston-kit"
"usha-piston-cylinder-kit-for-hero-cd-dawn-cd-deluxe-kick-start-hf-dawn-passion-passion-plus-splendor-splendor-plus-splendor-ismart-100-old-engine-block","piston-kit"
"usha-piston-cylinder-kit-for-hero-honda-sleek-cd-100-ss-cd-100-engine-block","piston-kit"
"self-armature-for-yamaha-fz-v1-fz-s-fz16-fazer-v1","starter-motor"
"self-armature-for-royal-enfield-bullet-350-classic-350-small-size-armature","starter-motor"
"self-armature-for-royal-enfield-bullet-350-classic-350-big-size-armature","starter-motor"
"self-armature-for-bajaj-vikrant-v15-old-v12-old","starter-motor"
"self-armature-for-tvs-scooty-pep-scooty-pep-plus","starter-motor"
"self-armature-for-bajaj-discover-100-discover-125-new-model-discover-150","starter-motor"
"self-armature-for-bajaj-pulsar-150-pulsar-180-flash-type","starter-motor"
"self-armature-for-bajaj-pulsar-150-pulsar-180-varroc-type","starter-motor"
"self-armature-for-tvs-wego-jupiter","starter-motor"
"self-armature-for-tvs-apache-rtr-160-new-rtr-180-new","starter-motor"
"self-armature-for-tvs-apache-rtr-160-old-rtr-180-old","starter-motor"
"self-armature-for-tvs-star-city","starter-motor"
"self-armature-for-hero-karizma","starter-motor"
"self-armature-for-hero-splendor-ismart-2021-model","starter-motor"
"self-armature-for-hero-splendor-ismart-110-long-size","starter-motor"
"self-armature-for-hero-splendor-ismart-old-small-size","starter-motor"
"self-armature-for-hero-unicorn-160-hornet-160","starter-motor"
"self-armature-for-hero-super-splendor-bs6","starter-motor"
"self-armature-for-hero-super-splendor-glamour","starter-motor"
"self-armature-for-hero-passion-pro-i3s","starter-motor"
"self-armature-for-hero-passion-pro-cd-deluxe-splendor-pro","starter-motor"
"self-armature-for-honda-shine-honda-unicorn-hero-hunk-hero-cbz-xtreme","starter-motor"
"self-armature-for-honda-activa-3g-4g-5g","starter-motor"
"self-armature-for-honda-activa-old-dio-activa-125-maestro","starter-motor"
"wiring-harness-for-yamaha-enticer-125-kick-start-2002-model","wiring-harness"
"wiring-harness-for-yamaha-crux-r-kick-start","wiring-harness"
"wiring-harness-for-yamaha-crux-110-kick-start-2013-to-2014-model","wiring-harness"
"wiring-harness-for-yamaha-crux-110-kick-start-2012-to-2013-model","wiring-harness"
"wiring-harness-for-yamaha-crux-110-kick-start-2010-to-2012-model","wiring-harness"
"wiring-harness-for-yamaha-crux-100-kick-start-2006-model","wiring-harness"
"wiring-harness-for-yamaha-ybx-125-kick-start-1998-model","wiring-harness"
"wiring-harness-for-yamaha-rxg-135-kick-start-12v","wiring-harness"
"wiring-harness-for-yamaha-rx-100-kick-start-1985-model","wiring-harness"
"wiring-harness-for-hero-maestro-110-zx-electric-start-bs4-2017-model","wiring-harness"
"wiring-harness-for-hero-maestro-edge-110-electric-start-2015-model-digital-meter","wiring-harness"
"wiring-harness-for-hero-maestro-110-electric-start-2012-model-digital-meter","wiring-harness"
"wiring-harness-for-hero-pleasure-electric-start-bs4-2017-to-2018-model","wiring-harness"
"wiring-harness-for-hero-pleasure-2014-to-2015-model","wiring-harness"
"wiring-harness-for-hero-pleasure-electric-start-2008-model","wiring-harness"
"wiring-harness-for-hero-hunk-150-electric-start-2011-model","wiring-harness"
"wiring-harness-for-hero-hunk-150-electric-start-2007-model","wiring-harness"
"wiring-harness-for-hero-glamour-125-electric-start-2011-model-4-pin-relay-socket","wiring-harness"
"wiring-harness-for-hero-glamour-125-electric-start-2011-model-digital-meter","wiring-harness"
"wiring-harness-for-hero-glamour-electric-start-2005-model","wiring-harness"
"wiring-harness-for-hero-glamour-kick-start-2005-model","wiring-harness"
"wiring-harness-for-hero-cd-deluxe-100-i3s-electric-start-bs4-2017-model","wiring-harness"
"wiring-harness-for-hero-cd-deluxe-kick-start","wiring-harness"
"wiring-harness-for-hero-hf-deluxe-100-electric-start-2015-model","wiring-harness"
"wiring-harness-for-hero-cd-deluxe-kick-start-2007-to-2008-model","wiring-harness"
"wiring-harness-for-hero-hf-deluxe-100-kick-start-2013-to-2014-model","wiring-harness"
"wiring-harness-for-hero-cd-deluxe-100-electric-start-2012-to-2013-model","wiring-harness"
"wiring-harness-for-hero-cd-deluxe-100-kick-start-2012-to-2013-model","wiring-harness"
"wiring-harness-for-hero-cd-deluxe-hf-deluxe-100-electric-start-2010-model","wiring-harness"
"wiring-harness-for-hero-cd-deluxe-100-kick-start-2010-model","wiring-harness"
"wiring-harness-for-hero-cd-deluxe-kick-start-2005-model","wiring-harness"
"wiring-harness-for-hero-cd-dawn-kick-start-2004-to-2005-model","wiring-harness"
"wiring-harness-for-hero-achiever-kick-start-2005-model","wiring-harness"
"wiring-harness-for-hero-achiever-electric-start-2005-model","wiring-harness"
"wiring-harness-for-hero-ambition-135-electric-start-2004-model","wiring-harness"
"wiring-harness-for-hero-ambition-kick-start-disc-brake-2002-model","wiring-harness"
"wiring-harness-for-hero-ambition-kick-start-drum-brake-2002-model","wiring-harness"
"wiring-harness-for-hero-passion-x-pro-110-electric-start-2012-model","wiring-harness"
"wiring-harness-for-hero-passion-x-pro-110-kick-start-2012-model","wiring-harness"
"wiring-harness-for-hero-passion-pro-i3s-electric-start-bs4-2017-model","wiring-harness"
"wiring-harness-for-hero-passion-pro-electric-start-2015-to-2016-model","wiring-harness"
"wiring-harness-for-hero-passion-pro-kick-start-2012-to-2013-model","wiring-harness"
"wiring-harness-for-hero-passion-pro-electric-start-2010-to-2012-model","wiring-harness"
"wiring-harness-for-hero-passion-pro-kick-start-2008-model","wiring-harness"
"wiring-harness-for-hero-passion-pro-electric-start-2008-model","wiring-harness"
"wiring-harness-for-hero-passion-pro-electric-start-2016-model","wiring-harness"
"wiring-harness-for-hero-passion-plus-kick-start-2003-model","wiring-harness"
"wiring-harness-for-hero-passion-100-kick-start-2001-model","wiring-harness"
"wiring-harness-for-hero-xtreme-sports-150-electric-start-2015-to-2016-model","wiring-harness"
"wiring-harness-for-hero-cbz-xtreme-150-electric-start-2011-model","wiring-harness"
"wiring-harness-for-hero-cbz-xtreme-150-electric-start-2008-model","wiring-harness"
"wiring-harness-for-hero-cbz-150-kick-start-disc-brake-2004-model","wiring-harness"
"wiring-harness-for-hero-cbz-150-kick-start-1999-model","wiring-harness"
"wiring-harness-for-hero-super-splendor-125-electric-start-bs4-2017-model","wiring-harness"
"wiring-harness-for-hero-super-splendor-125-electric-start-2016-model","wiring-harness"
"wiring-harness-for-hero-super-splendor-125-electric-start-2008-model","wiring-harness"
"wiring-harness-for-hero-super-splendor-125-kick-start-2005-model","wiring-harness"
"wiring-harness-for-hero-super-splendor-125-electric-start-2005-model","wiring-harness"
"wiring-harness-for-hero-splendor-nxg-100-electric-start-2008-model","wiring-harness"
"wiring-harness-for-hero-splendor-nxg-electric-start-2007-model","wiring-harness"
"wiring-harness-for-hero-splendor-nxg-kick-start-2007-model","wiring-harness"
"wiring-harness-for-hero-splendor-ismart-110-i3s-electric-start-2016-model","wiring-harness"
"wiring-harness-for-hero-splendor-ismart-100-electric-start-2014-model","wiring-harness"
"wiring-harness-for-hero-splendor-pro-100-electric-start-2014-to-2015-model","wiring-harness"
"wiring-harness-for-hero-splendor-pro-100-electric-start-2010-model","wiring-harness"
"wiring-harness-for-hero-splendor-pro-100-kick-start-2010-model","wiring-harness"
"wiring-harness-for-hero-splendor-plus-i3s-electric-start-2016-model","wiring-harness"
"wiring-harness-for-hero-splendor-plus-i3s-electric-start-2017-model","wiring-harness"
"wiring-harness-for-hero-splendor-plus-100-electric-start-2016-model","wiring-harness"
"wiring-harness-for-hero-splendor-plus-100-electric-start-bs4-2017-model","wiring-harness"
"wiring-harness-for-hero-splendor-plus-100-kick-start-2015-model","wiring-harness"
"wiring-harness-for-hero-splendor-100-kick-start-2010-model","wiring-harness"
"wiring-harness-for-hero-cd-100-kick-start","wiring-harness"
"wiring-harness-for-honda-cb-shine-125-sp-electric-start-het-bs4-2018-model","wiring-harness"
"wiring-harness-for-honda-cb-shine-125-sp-electric-start-het-bs4-2017-model","wiring-harness"
"wiring-harness-for-honda-cb-shine-125-electric-start-het-2016-model","wiring-harness"
"wiring-harness-for-honda-cb-shine-125-electric-start-het-2015-to-2016-model","wiring-harness"
"wiring-harness-for-honda-cb-shine-125-electric-start-bs4-2017-model","wiring-harness"
"wiring-harness-for-honda-shine-125-electric-start-2012-to-2013-model","wiring-harness"
"wiring-harness-for-honda-shine-125-kick-start-2012-to-2013-model","wiring-harness"
"wiring-harness-for-honda-cbf-shine-125-kick-start-2006-model","wiring-harness"
"wiring-harness-for-honda-cbf-shine-125-electric-start-2007-model","wiring-harness"
"wiring-harness-for-honda-shine-125-electric-start","wiring-harness"
"wiring-harness-for-honda-shine-125-kick-start-2004-model","wiring-harness"
"wiring-harness-for-honda-cb-twister-110-kick-start-2009-model","wiring-harness"
"wiring-harness-for-honda-cb-twister-electric-start-2010-model","wiring-harness"
"wiring-harness-for-honda-dream-yuga-neo-110-kick-start-2013-model","wiring-harness"
"wiring-harness-for-honda-dream-yuga-neo-110-electric-start-2013-model","wiring-harness"
"wiring-harness-for-honda-dream-yuga-110-electric-start-2014-model","wiring-harness"
"wiring-harness-for-honda-dream-yuga-110-electric-start-2013-to-2014-model","wiring-harness"
"wiring-harness-for-honda-dream-yuga-110-electric-start-2012-model","wiring-harness"
"wiring-harness-for-honda-dream-yuga-110-kick-start-2009-to-2010-model","wiring-harness"
"wiring-harness-for-honda-stunner-cbf-kick-start-2010-model","wiring-harness"
"wiring-harness-for-honda-stunner-cbf-electric-start-2010-model","wiring-harness"
"wiring-harness-for-honda-stunner-cbf-electric-start-2009-model","wiring-harness"
"wiring-harness-for-honda-aviator-110-electric-start-het-2013-to-2014-model","wiring-harness"
"wiring-harness-for-honda-aviator-110-electric-start-latest-2009-model","wiring-harness"
"wiring-harness-for-honda-aviator-110-electric-start-2009-model","wiring-harness"
"wiring-harness-for-honda-aviator-100-electric-start","wiring-harness"
"wiring-harness-for-honda-activa-125-electric-start-digital-meter","wiring-harness"
"wiring-harness-for-honda-activa-4g-110-electric-start-bs4-2017-model","wiring-harness"
"wiring-harness-for-honda-activa-125-het-electric-start-2013-to-2014-model","wiring-harness"
"wiring-harness-for-honda-activa-i-het-110-electric-start-2014-model","wiring-harness"
"wiring-harness-for-honda-activa-i-het-110-electric-start-2014-to-2015-model","wiring-harness"
"wiring-harness-for-honda-activa-3g-110-electric-start-het-2013-model","wiring-harness"
"wiring-harness-for-honda-activa-i-110-2013-model","wiring-harness"
"wiring-harness-for-honda-activa-110-electric-start-2012-model","wiring-harness"
"wiring-harness-for-honda-activa-100-electric-start-deluxe-2010-model","wiring-harness"
"wiring-harness-for-honda-activa-110-electric-start-2009-model","wiring-harness"
"wiring-harness-for-honda-activa-110-3g-electric-start","wiring-harness"
"wiring-harness-for-honda-activa-electric-start-2004-model","wiring-harness"
"wiring-harness-for-honda-activa-electric-start-2000-to-2001-model","wiring-harness"
"wiring-harness-for-honda-activa-electric-start-2000-model","wiring-harness"
"carburetor-repair-kit-for-yamaha-rx-135","carburetor"
"carburetor-repair-kit-for-yamaha-rx-100","carburetor"
"carburetor-repair-kit-for-yamaha-ray","carburetor"
"carburetor-repair-kit-for-yamaha-r15-v1-v2-s","carburetor"
"carburetor-repair-kit-for-yamaha-gladiator","carburetor"
"carburetor-repair-kit-for-yamaha-fz-s-fz-16-fazer-sz-r","carburetor"
"carburetor-repair-kit-for-yamaha-enticer","carburetor"
"carburetor-repair-kit-for-yamaha-crux-libero-ybr","carburetor"
"carburetor-repair-kit-for-tvs-xl-100","carburetor"
"carburetor-repair-kit-for-tvs-wego","carburetor"
"carburetor-repair-kit-for-tvs-victor-gl-glx","carburetor"
"carburetor-repair-kit-for-tvs-star-city-old-model-kick-start","carburetor"
"carburetor-repair-kit-for-tvs-star-city-110-star-sports-self-start","carburetor"
"carburetor-repair-kit-for-tvs-scooty-pep-pep-plus-streak","carburetor"
"carburetor-repair-kit-for-tvs-phoenix","carburetor"
"carburetor-repair-kit-for-tvs-ntorq","carburetor"
"carburetor-repair-kit-for-tvs-jupiter","carburetor"
"carburetor-repair-kit-for-tvs-apache-200","carburetor"
"carburetor-repair-kit-for-tvs-apache-150-rtr-160-rtr-180","carburetor"
"carburetor-repair-kit-for-suzuki-max-100-samurai","carburetor"
"carburetor-repair-kit-for-suzuki-lets","carburetor"
"carburetor-repair-kit-for-suzuki-gs-150r","carburetor"
"carburetor-repair-kit-for-suzuki-gixxer","carburetor"
"carburetor-repair-kit-for-suzuki-access-new-model","carburetor"
"carburetor-repair-kit-for-suzuki-access-125","carburetor"
"carburetor-repair-kit-for-mahindra-rodeo","carburetor"
"carburetor-repair-kit-for-mahindra-duro","carburetor"
"carburetor-repair-kit-for-honda-shine-stunner-ignitor","carburetor"
"carburetor-repair-kit-for-honda-hornet","carburetor"
"carburetor-repair-kit-for-honda-dream-yuga-livo","carburetor"
"carburetor-repair-kit-for-honda-cb-twister","carburetor"
"carburetor-repair-kit-for-honda-activa-old-model-pleasure","carburetor"
"carburetor-repair-kit-for-honda-activa-125","carburetor"
"carburetor-repair-kit-for-honda-activa-110-new-model-het-3g-4g-dio-new-model-dio-het","carburetor"
"carburetor-repair-kit-for-hero-super-splendor-splendor-pro-glamour-passion-pro-cd-deluxe-self-start","carburetor"
"carburetor-repair-kit-for-hero-splendor-spl-plus-passion-cd-dawn-cd-deluxe-kick-start","carburetor"
"carburetor-repair-kit-for-hero-passion-x-pro-dream-neo","carburetor"
"carburetor-repair-kit-for-hero-masetro-edge","carburetor"
"carburetor-repair-kit-for-hero-karizma-karizma-zmr","carburetor"
"carburetor-repair-kit-for-hero-cbz-xtreme-hunk-unicorn-achiever","carburetor"
"carburetor-repair-kit-for-bajaj-wind","carburetor"
"carburetor-repair-kit-for-bajaj-pulsar-220-avenger-220","carburetor"
"carburetor-repair-kit-for-bajaj-pulsar-200-ns","carburetor"
"carburetor-repair-kit-for-bajaj-pulsar-180-old-model-without-digital-meter-round-light","carburetor"
"carburetor-repair-kit-for-bajaj-pulsar-150-ug3-ug4-180-ug3-ug4-digital-meter","carburetor"
"carburetor-repair-kit-for-bajaj-pulsar-150-old-model-without-digital-meter-round-light","carburetor"
"carburetor-repair-kit-for-bajaj-pulsar-150-dtsi-old-model","carburetor"
"carburetor-repair-kit-for-bajaj-pulsar-135","carburetor"
"carburetor-repair-kit-for-bajaj-platina-125-xcd-125","carburetor"
"carburetor-repair-kit-for-bajaj-platina-100-es","carburetor"
"carburetor-repair-kit-for-bajaj-platina-100","carburetor"
"carburetor-repair-kit-for-bajaj-kb4s-boxer-caliber","carburetor"
"carburetor-repair-kit-for-bajaj-discover-150","carburetor"
"carburetor-repair-kit-for-bajaj-discover-125-135-old-model","carburetor"
"carburetor-repair-kit-for-bajaj-discover-125-st","carburetor"
"carburetor-repair-kit-for-bajaj-discover-112-cc","carburetor"
"carburetor-repair-kit-for-bajaj-discover-100-xcd-135","carburetor"
"carburetor-repair-kit-for-bajaj-caliber-115","carburetor"
"rear-shock-absorber-for-hero-cd-100-ss-set-of-2-red","shock-absorber"
"rear-shock-absorber-for-hero-cd-100-cd-100-ss-set-of-2-red","shock-absorber"
"rear-shock-absorber-for-hero-cd-100-ss-set-of-2-black","shock-absorber"
"rear-shock-absorber-for-hero-cd-100-cd-100-ss-set-of-2-black","shock-absorber"
"enson-petrol-tank-black-red-bajaj-discover-125st-100t","petrol-tank"
"ensons-petrol-tank-for-tvs-victor-old-model-blue","petrol-tank"
"ensons-petrol-tank-for-tvs-victor-gl-black-with-golden-sticker","petrol-tank"
"ensons-petrol-tank-for-kawasaki-bajaj-4s-champion-kb4s-red-blue-white-sticker","petrol-tank"
"engine-guard-for-bajaj-pulsar-150-pulsar-180-black-blue","engine"
"engine-guard-for-bajaj-pulsar-150-pulsar-180-black-red","engine"
"engine-guard-for-bajaj-pulsar-220-black-red","engine"
"engine-guard-for-bajaj-pulsar-220-black-blue","engine"
"engine-guard-for-tvs-apache-rtr-160-new-model-rtr-180-new-model-matt-red","engine"
"engine-guard-for-tvs-apache-rtr-160-new-model-rtr-180-new-model-matt-blue","engine"
"engine-guard-for-tvs-apache-rtr-160-new-model-rtr-180-new-model-green","engine"
"engine-guard-for-tvs-apache-rtr-160-new-model-rtr-180-new-model-yellow","engine"
"engine-guard-for-tvs-apache-rtr-160-new-model-rtr-180-new-model-white","engine"
"engine-guard-for-tvs-apache-rtr-160-new-model-rtr-180-new-model-red","engine"
"engine-guard-for-tvs-apache-rtr-160-new-model-rtr-180-new-model-black","engine"
"side-panel-for-yamaha-gladiator-ss-set-of-2-red","side-panel"
"side-panel-for-yamaha-gladiator-ss-set-of-2-black","side-panel"
"side-panel-for-hero-cbz-xtreme-type-2-set-of-2-red","side-panel"
"side-panel-for-hero-cbz-xtreme-type-2-set-of-2-black","side-panel"
"side-panel-for-yamaha-libero-g5-set-of-2-blue","side-panel"
"side-panel-for-yamaha-libero-g5-set-of-2-silver","side-panel"
"side-panel-for-yamaha-libero-g5-set-of-2-red","side-panel"
"side-panel-for-yamaha-libero-g5-set-of-2-black","side-panel"
"side-panel-for-hero-pleasure-white","side-panel"
"side-panel-for-hero-pleasure-grey","side-panel"
"side-panel-for-hero-pleasure-silver","side-panel"
"side-panel-for-hero-pleasure-red","side-panel"
"side-panel-for-hero-pleasure-black","side-panel"
"mukut-front-brake-disc-caliper-for-yamaha-fz-s-fz-fi-fz-v2-fazer-fz-16-gladiator-r15-v3-golden","brake-disc"
"endurance-mono-shock-absorber-for-bajaj-dominar","shock-absorber"
"ensons-petrol-tank-for-tvs-apache-rtr-160-rtr-180-grey","petrol-tank"
"enson-petrol-tank-wine-red-hero-hunk","petrol-tank"
"ensons-petrol-tank-for-tvs-victor-old-model-black","petrol-tank"
"ensons-petrol-tank-for-hero-cbz-xtreme-latest-model-indicator-type","petrol-tank"
"ensons-petrol-tank-for-hero-super-splendor-alloy-wheel-new-model-silver","petrol-tank"
"enson-petrol-tank-red-bajaj-discover-125st-100t","petrol-tank"
"enson-petrol-tank-blue-silver-bajaj-caliber-115","petrol-tank"
"ensons-fuel-tank-for-bajaj-avenger-220-new-model-red-with-fuel-gauge-slot","petrol-tank"
"ensons-fuel-tank-for-bajaj-avenger-220-old-model-black-without-fuel-gauge-slot","petrol-tank"
"ensons-fuel-tank-for-bajaj-avenger-220-old-model-without-fuel-gauge-slot","petrol-tank"
"ensons-petrol-tank-for-tvs-victor-gl-silver","petrol-tank"
"ensons-petrol-tank-for-tvs-victor-gl-victor-old-model-green","petrol-tank"
"ensons-petrol-tank-for-tvs-victor-gl-victor-old-model-purple","petrol-tank"
"enson-petrol-tank-black-grey-honda-shine-type-3","petrol-tank"
"enson-petrol-tank-grey-honda-shine-type-3","petrol-tank"
"enson-petrol-tank-red-honda-shine-type-3","petrol-tank"
"enson-petrol-tank-grey-honda-twister","petrol-tank"
"enson-petrol-tank-black-honda-twister","petrol-tank"
"enson-petrol-tank-yellow-honda-twister","petrol-tank"
"enson-petrol-tank-yellow-honda-stunner","petrol-tank"
"enson-petrol-tank-red-honda-stunner","petrol-tank"
"enson-petrol-tank-black-honda-stunner","petrol-tank"
"ensons-petrol-tank-for-honda-dream-neo-red","petrol-tank"
"ensons-petrol-tank-for-honda-dream-neo-black-red","petrol-tank"
"ensons-petrol-tank-for-tvs-victor-gl-golden","petrol-tank"
"ensons-petrol-tank-for-tvs-victor-gl-blue","petrol-tank"
"speedometer-case-for-honda-activa-6g-digital-bs6-model-meter-cover","speedometer"
"speedometer-case-for-tvs-radeon-meter-cover","speedometer"
"speedometer-case-for-honda-shine-bs6-meter-cover","speedometer"
"speedometer-case-for-honda-sp-shine-digital-meter-cover","speedometer"
"speedometer-case-for-bajaj-platina-digital-meter-cover","speedometer"
"speedometer-case-for-hero-glamour-digital-bs6-meter-cover","speedometer"
"speedometer-case-for-hero-passion-x-pro-new-model-meter-cover","speedometer"
"speedometer-case-for-hero-hf-deluxe-i3s-fi-bs6-model-meter-cover","speedometer"
"speedometer-case-for-bajaj-pulsar-150-dtsi-meter-cover","speedometer"
"speedometer-case-for-bajaj-pulsar-150-digital-meter-cover","speedometer"
"speedometer-case-for-bajaj-discover-125-st-discover-125-t-meter-cover","speedometer"
"speedometer-case-for-bajaj-platina-es-type-3-meter-cover","speedometer"
"speedometer-case-for-honda-activa-125-meter-cover","speedometer"
"speedometer-case-for-honda-activa-5g-digital-meter-meter-cover","speedometer"
"speedometer-case-for-honda-activa-5g-analog-meter-meter-cover","speedometer"
"speedometer-case-for-honda-unicorn-new-model-meter-cover","speedometer"
"speedometer-case-for-honda-dream-neo-meter-cover","speedometer"
"speedometer-case-for-honda-dream-yuga-meter-cover","speedometer"
"speedometer-case-for-honda-shine-125-bs6-meter-cover","speedometer"
"speedometer-case-for-honda-sb-shine-deluxe-2015-model-meter-cover","speedometer"
"speedometer-case-for-honda-cb-shine-meter-cover","speedometer"
"speedometer-case-for-livo-meter-cover","speedometer"
"speedometer-case-for-honda-twister-meter-cover","speedometer"
"speedometer-case-for-suzuki-heat-meter-cover","speedometer"
"speedometer-case-for-yamaha-r15-meter-cover","speedometer"
"speedometer-case-for-yamaha-fz-v2-meter-cover","speedometer"
"speedometer-case-for-yamaha-fz-v1-fz-s-fz16-meter-cover","speedometer"
"speedometer-case-for-tvs-jupiter-meter-cover","speedometer"
"speedometer-case-for-tvs-fiero-meter-cover","speedometer"
"speedometer-case-for-tvs-apache-without-rpm-gauge-meter-cover","speedometer"
"speedometer-case-for-honda-dio-2017-model-meter-cover","speedometer"
"speedometer-case-for-honda-aviator-aviator-het-meter-cover","speedometer"
"speedometer-case-for-hero-duet-old-meter-cover","speedometer"
"speedometer-case-for-hero-maestro-meter-cover","speedometer"
"speedometer-case-for-hero-pleasure-new-model-meter-cover","speedometer"
"speedometer-case-for-hero-pleasure-meter-cover","speedometer"
"speedometer-case-for-hero-cbz-xtreme-meter-cover","speedometer"
"speedometer-case-for-hero-glamour-digital-meter-cover","speedometer"
"speedometer-case-for-hero-super-splendor-new-model-meter-cover","speedometer"
"speedometer-case-for-hero-splendor-nxg-meter-cover","speedometer"
"speedometer-case-for-hero-splendor-ismart-110-digital-meter-cover","speedometer"
"speedometer-case-for-hero-hf-deluxe-i3s-with-side-stand-meter-cover","speedometer"
"speedometer-case-for-hero-splendor-ismart-meter-cover","speedometer"
"speedometer-case-for-hero-passion-xpro-meter-cover","speedometer"
"speedometer-case-for-hero-passion-pro-digital-meter-cover","speedometer"
"ensons-petrol-tank-for-tvs-star-city-plus-red","petrol-tank"
"enson-petrol-tank-black-orange-hero-passion-plus","petrol-tank"
"enson-petrol-tank-red-silver-bajaj-platina-100","petrol-tank"
"ensons-petrol-tank-for-bajaj-discover-125-135-digital-kann-type-grey","petrol-tank"
"dexo-piston-cylinder-kit-for-tvs-jupiter-bore-piston-or-block","piston-kit"
"mukut-analog-speedometer-for-tvs-fiero","speedometer"
"mukut-analog-speedometer-for-honda-stunner-new-model","speedometer"
"techlon-bike-carburetor-for-yamaha-rx-100","carburetor"
"rear-shock-absorber-for-bajaj-platina-100-es-black-cover","shock-absorber"
"rear-shock-absorber-for-bajaj-platina-100-ct-deluxe-black","shock-absorber"
"mukut-digital-speedometer-for-tvs-apache-rtr-160-non-abs-rtr-180-non-abs-without-abs","speedometer"
"enson-petrol-tank-red-bajaj-xcd-125","petrol-tank"
"enson-petrol-tank-blue-bajaj-xcd-125","petrol-tank"
"enson-petrol-tank-red-bajaj-xcd-135","petrol-tank"
"enson-petrol-tank-blue-bajaj-xcd-135","petrol-tank"
"enson-petrol-tank-black-green-tvs-star-sports","petrol-tank"
"enson-petrol-tank-red-honda-shine-sp","petrol-tank"
"enson-petrol-tank-sports-red-honda-cb-shine-deluxe","petrol-tank"
"enson-petrol-tank-t-blue-hero-super-splendor-alloy-wheel-new-model","petrol-tank"
"enson-petrol-tank-sports-red-hero-hunk","petrol-tank"
"enson-petrol-tank-silver-hero-hunk","petrol-tank"
"enson-petrol-tank-wine-red-hero-hf-deluxe-2016","petrol-tank"
"enson-petrol-tank-c-red-orange-hero-cd-dawn","petrol-tank"
"enson-petrol-tank-sports-red-hero-cbz-xtreme-type-2","petrol-tank"
"enson-petrol-tank-black-hero-cbz-xtreme-type-2","petrol-tank"
"royal-enfield-original-fuel-pump-assembly-for-bullet-500-efi-classic-350-efi-classic-500-efi-desertstorm-chrome-all-bs4-fi-models","fuel-pump-assembly"
"lumax-head-light-set-for-tvs-victor-125","head-light"
"lumax-head-light-set-for-honda-livo","head-light"
"lumax-head-light-set-for-tvs-ntorq-led-light","head-light"
"lumax-head-light-set-for-tvs-ntorq","head-light"
"lumax-head-light-set-for-tvs-jupiter-led-light","head-light"
"lumax-head-light-set-for-hero-glamour-bs6-model","head-light"
"lumax-head-light-set-for-royal-enfield-classic-350-bullet-350-with-parking-drl","head-light"
"lumax-head-light-set-for-royal-enfield-electra-without-parking","head-light"
"lumax-head-light-set-for-royal-enfield-classic-black-rim-with-parking","head-light"
"lumax-head-light-set-for-royal-enfield-classic-350-led-with-drl","head-light"
"lumax-head-light-assembly-for-yamaha-fazer-v2","head-light"
"lumax-head-light-set-for-yamaha-fazer-v1","head-light"
"ensons-petrol-tank-for-yamaha-enticer-golden","petrol-tank"
"ensons-petrol-tank-for-yamaha-sz-r-blue","petrol-tank"
"ensons-petrol-tank-for-yamaha-sz-r-red","petrol-tank"
"ensons-petrol-tank-for-yamaha-sz-r-black","petrol-tank"
"ensons-petrol-tank-for-yamaha-fazer-2006-2016-model-red","petrol-tank"
"ensons-petrol-tank-for-honda-shine-bs4-black-with-red-sticker","petrol-tank"
"ensons-petrol-tank-for-honda-cb-shine-deluxe-white-bs4-2017-model","petrol-tank"
"ensons-petrol-tank-for-hero-hunk-blue","petrol-tank"
"endurance-rear-shock-absorber-for-royal-enfield-classic-350-classic-500-electra-350-bullet-500-efi-set-of-2-thunderbird-350-500-bs3-bs4","shock-absorber"
"eauto-analog-speedometer-assembly-for-tvs-xl-super-new-model","speedometer"
"mukut-digital-speedometer-for-hero-duet-old-model","speedometer"
"eauto-digital-speedometer-assembly-for-tvs-apache-rtr-160-bs6-rtr-180-bs6","speedometer"
"ensons-fuel-tank-for-bajaj-discover-125-bs4-black-with-red-sticker","petrol-tank"
"enson-petrol-tank-black-honda-shine-sp","petrol-tank"
"enson-petrol-tank-black-yellow-honda-shine-sp","petrol-tank"
"ensons-petrol-tank-for-bajaj-xcd-135-black-with-blue-sticker","petrol-tank"
"ensons-petrol-tank-for-kawasaki-bajaj-caliber-115-red-2004-2006-model","petrol-tank"
"ensons-petrol-tank-for-bajaj-discover-100-old-model","petrol-tank"
"star-fuel-pump-for-hero-maestro-edge-aprilia-fuel-pump-assembly","fuel-pump-assembly"
"carburetor-for-lml-freedom","carburetor"
"cdi-part-no-k24f","cdi"
"cdi-for-suzuki-gixxer-part-no-32920-41k00","cdi"
"cdi-for-hero-glamour-pgm-fi-part-no-38770-ktr-942","cdi"
"cdi-for-hero-super-splendor-bs6","cdi"
"cdi-for-hero-splendor-bs6","cdi"
"cdi-for-hero-maestro-edge-part-no-abt-0010","cdi"
"mukut-fuel-pump-motor-for-hero-hf-deluxe-bs6","fuel-pump-assembly"
"suzuki-original-digital-speedometer-for-suzuki-burgman-street-125","speedometer"
"ucal-bike-carburetor-for-bajaj-pulsar-135-cc-bs4-model","carburetor"
"ucal-bike-carburetor-for-bajaj-discover-125-bs4-model","carburetor"
"suzuki-original-digital-speedometer-for-suzuki-swish","speedometer"
"ensons-petrol-tank-for-yamaha-rx135-5-speed-black","petrol-tank"
"dexo-piston-cylinder-kit-for-yamaha-r15-v3-bore-piston-or-block","piston-kit"
"minda-speedometer-assembly-for-suzuki-access-old-model","speedometer"
"ensons-petrol-tank-for-bajaj-pulsar-150-180-bs3-ug6-silver","petrol-tank"
"ensons-petrol-tank-for-lml-freedom-silver","petrol-tank"
"ensons-fuel-tank-for-hero-super-splendor-black-red-petrol-tank-or-tanki","petrol-tank"
"pricol-digital-speedometer-for-bajaj-platina-110-bs6","speedometer"
"pricol-digital-speedometer-for-bajaj-pulsar-150-bs4-white-dial","speedometer"
"mukut-analog-speedometer-for-tvs-star-sport-new-model-electric-start","speedometer"
"minda-analog-speedometer-for-honda-dream-neo-1","speedometer"
"minda-analog-speedometer-for-honda-dream-yuga","speedometer"
"ucal-carburetor-for-bajaj-boxer-150","carburetor"
"ucal-carburetor-for-tvs-scooty-zest-bs4","carburetor"
"ucal-carburetor-for-bajaj-pulsar-180-bs4","carburetor"
"ucal-carburetor-for-bajaj-avenger-150-bs4","carburetor"
"ucal-carburetor-for-bajaj-pulsar-160-ns","carburetor"
"ensons-petrol-tank-for-hero-splendor-pro-black-blue-type-2","petrol-tank"
"ensons-petrol-tank-for-bajaj-caliber-115-black-2004-2006-model","petrol-tank"
"ensons-petrol-tank-for-hero-splendor-nxg-red-2013-2014-model-type-4","petrol-tank"
"ensons-petrol-tank-for-hero-splendor-nxg-blue-2013-2014-model-type-4","petrol-tank"
"ensons-petrol-tank-for-hero-splendor-nxg-black-grey-silver-2013-2014-model-type-4","petrol-tank"
"ensons-petrol-tank-for-hero-splendor-nxg-black-grey-2013-2014-model-type-4","petrol-tank"
"ensons-petrol-tank-for-suzuki-zeus-red-2006-model","petrol-tank"
"ensons-petrol-tank-for-suzuki-zeus-silver-2006-model","petrol-tank"
"rear-mono-shock-absorber-for-suzuki-access-old-model","shock-absorber"
"mukut-front-brake-disc-caliper-for-bajaj-pulsar-200-ns-200-rs-black","brake-disc"
"gabriel-front-fork-leg-assembly-for-tvs-scooty-pep-plus-streak-left-side-right-side","fork-assembly"
"eauto-digital-speedometer-assembly-for-hero-splendor-pro-digital","speedometer"
"eauto-digital-speedometer-assembly-for-hero-splendor-plus-digital","speedometer"
"eauto-digital-speedometer-assembly-for-tvs-rtr-310","speedometer"
"eauto-digital-speedometer-assembly-for-yamaha-fascino","speedometer"
"eauto-analog-speedometer-assembly-for-bajaj-platina-100-e-s-2017-model","speedometer"
"eauto-analog-speedometer-for-royal-enfield-bullet-350-black-dial","speedometer"
"eauto-analog-speedometer-for-royal-enfield-bullet-350-white-dial","speedometer"
"eauto-analog-speedometer-for-honda-unicorn-old-model","speedometer"
"minda-analog-speedometer-for-honda-dream-neo","speedometer"
"analog-speedometer-assembly-for-bajaj-boxer-ct-deluxe","speedometer"
"analog-speedometer-assembly-for-bajaj-boxer-ct","speedometer"
"analog-speedometer-assembly-for-suzuki-max-100","speedometer"
"analog-speedometer-assembly-for-suzuki-max-deluxe","speedometer"
"ensons-fuel-tank-for-bajaj-vikrant-v15-v12-white-with-red-sticker-1","petrol-tank"
"ensons-fuel-tank-for-bajaj-vikrant-v15-v12-blue","petrol-tank"
"ensons-petrol-tank-for-hero-splendor-plus-bs4-2018-model-black-blue","petrol-tank"
"ensons-petrol-tank-for-bajaj-platina-bs4-blacl-silver-or-grey","petrol-tank"
"ensons-petrol-tank-for-hero-passion-plus-turqoise-blue","petrol-tank"
"ensons-petrol-tank-for-hero-cd-deluxe-bs6-hf-deluxe-bs6-black-red","petrol-tank"
"ensons-petrol-tank-for-bajaj-pulsar-150-180-ug2-old-model-purple","petrol-tank"
"ensons-petrol-tank-for-yamaha-rx100-rx135-rxg-wine-red-type-2","petrol-tank"
"ensons-petrol-tank-for-hero-splendor-plus-bs4-old-model-black-grey","petrol-tank"
"ensons-petrol-tank-for-tvs-star-city-plus-white-golden","petrol-tank"
"ensons-petrol-tank-for-yamaha-rx100-6-volt-black-purple","petrol-tank"
"ensons-petrol-tank-for-yamaha-rx100-rx135-rxg-black-purple","petrol-tank"
"ensons-petrol-tank-for-tvs-star-city-plus-black-red","petrol-tank"
"censons-fuel-tank-for-hero-super-splendor-old-model-black-blue-petrol-tank-or-tanki","petrol-tank"
"ensons-petrol-tank-for-honda-dream-neo-black-purple","petrol-tank"
"bigi-analog-speedometer-assembly-for-hero-hunk-old-model","speedometer"
"mukut-analog-speedometer-for-honda-livo","speedometer"
"ensons-fuel-tank-for-bajaj-vikrant-v15-red-colour","petrol-tank"
"graphics-sticker-set-for-tvs-apache-rtr-200-4v-black-yellow-vinyl-decal-set","sticker-set"
"graphics-sticker-set-for-tvs-apache-rtr-200-4v-black-red-vinyl-decal-set","sticker-set"
"graphics-sticker-set-for-tvs-apache-rtr-200-4v-black-grey-vinyl-decal-set","sticker-set"
"graphics-sticker-set-for-suzuki-gixxer-sf-black-bike-type-4-vinyl-decal-set","sticker-set"
"graphics-sticker-set-for-suzuki-gixxer-sf-red-bike-type-2-vinyl-decal-set","sticker-set"
"graphics-sticker-set-for-suzuki-gixxer-sf-black-bike-type-2-vinyl-decal-set","sticker-set"
"graphics-sticker-set-for-yamaha-fz-s-type-8-black-orange-sticker-vinyl-decal-set","sticker-set"
"graphics-sticker-set-for-yamaha-fz-s-type-8-black-green-sticker-vinyl-decal-set","sticker-set"
"graphics-sticker-set-for-yamaha-fz-s-type-6-sp-black-mild-green-sticker-vinyl-decal-set","sticker-set"
"graphics-sticker-set-for-yamaha-fz-s-type-4-black-orange-sticker-vinyl-decal-set","sticker-set"
"graphics-sticker-set-for-yamaha-fz-s-type-4-black-green-sticker-vinyl-decal-set","sticker-set"
"graphics-sticker-set-for-yamaha-r15-v3-black-red-sticker-vinyl-decal-set","sticker-set"
"graphics-sticker-set-for-yamaha-r15-v2-red-sticker-vinyl-decal-set","sticker-set"
"graphics-sticker-set-for-yamaha-r15-v1-yellow-bike-vinyl-decal-set","sticker-set"
"graphics-sticker-set-for-yamaha-r15-v1-white-bike-vinyl-decal-set","sticker-set"
"graphics-sticker-set-for-yamaha-enticer-red-bike-vinyl-decal-set","sticker-set"
"graphics-sticker-set-for-hero-xpulse-bike-vinyl-decal-set","sticker-set"
"graphics-sticker-set-for-hero-karizma-zmr-red-bike-vinyl-decal-set","sticker-set"
"graphics-sticker-set-for-hero-karizma-zmr-black-vinyl-decal-set","sticker-set"
"front-fork-pipe-for-suzuki-burgman-street-set-of-2-tube","fork-assembly"
"front-fork-pipe-for-suzuki-access-new-model-set-of-2-tube","fork-assembly"
"front-fork-pipe-for-suzuki-gixxer-new-model-set-of-2-tube","fork-assembly"
"front-fork-pipe-for-suzuki-gixxer-old-model-set-of-2-tube","fork-assembly"
"front-fork-pipe-for-suzuki-gs-150r-set-of-2-tube","fork-assembly"
"front-fork-pipe-for-suzuki-access-old-model-swish-set-of-2-tube","fork-assembly"
"front-fork-pipe-for-suzuki-slingshot-set-of-2-tube","fork-assembly"
"front-fork-pipe-for-suzuki-hayate-set-of-2-tube","fork-assembly"
"front-fork-pipe-for-suzuki-heat-set-of-2-tube","fork-assembly"
"front-fork-pipe-for-suzuki-zeus-set-of-2-tube","fork-assembly"
"front-fork-pipe-for-lml-freedom-prima-crd-100-set-of-2-tube","fork-assembly"
"front-fork-pipe-for-lml-adreno-energy-set-of-2-tube","fork-assembly"
"front-fork-pipe-for-mahindra-gusto-set-of-2-tube","fork-assembly"
"front-fork-pipe-for-mahindra-rodeo-set-of-2-tube","fork-assembly"
"front-fork-pipe-for-mahindra-duro-set-of-2-tube","fork-assembly"
"front-fork-pipe-for-mahindra-flyte-set-of-2-tube","fork-assembly"
"front-fork-pipe-for-mahindra-pantero-set-of-2-tube","fork-assembly"
"front-fork-pipe-for-mahindra-centuro-set-of-2-tube","fork-assembly"
"front-fork-pipe-for-tvs-ntorq-set-of-2-tube","fork-assembly"
"front-fork-pipe-for-tvs-apache-160-4v-set-of-2-tube","fork-assembly"
"front-fork-pipe-for-tvs-xl-100-set-of-2-tube","fork-assembly"
"front-fork-pipe-for-tvs-wego-new-model-zest-set-of-2-tube","fork-assembly"
"front-fork-pipe-for-tvs-wego-old-model-set-of-2-tube","fork-assembly"
"front-fork-pipe-for-tvs-scooty-pep-plus-set-of-2-tube","fork-assembly"
"front-fork-pipe-for-tvs-jupiter-set-of-2-tube","fork-assembly"
"front-fork-pipe-for-tvs-streak-set-of-2-tube","fork-assembly"
"front-fork-pipe-for-tvs-xl-super-heavy-duty-set-of-2-tube","fork-assembly"
"front-fork-pipe-for-tvs-star-city-alloy-wheel-phoenix-set-of-2-tube","fork-assembly"
"front-fork-pipe-for-tvs-scooty-pep-bush-type-set-of-2-tube","fork-assembly"
"front-fork-pipe-for-tvs-apache-rtr-160-apache-rtr-180-flame-jive-set-of-2-tube","fork-assembly"
"front-fork-pipe-for-tvs-star-star-city-apache-150-phoenix-set-of-2-tube","fork-assembly"
"front-fork-pipe-for-tvs-centra-star-city-plus-set-of-2-tube","fork-assembly"
"front-fork-pipe-for-tvs-victor-glx-fiero-f2-set-of-2-tube","fork-assembly"
"front-fork-pipe-for-tvs-victor-victor-gl-victor-gx-set-of-2-tube","fork-assembly"
"front-fork-pipe-for-tvs-fiero-set-of-2-tube","fork-assembly"
"front-fork-pipe-for-suzuki-max-100-dlx-set-of-2-tube","fork-assembly"
"front-fork-pipe-for-suzuki-samurai-max-100-max-r-set-of-2-tube","fork-assembly"
"front-fork-pipe-for-tvs-suzuki-r-set-of-2-tube","fork-assembly"
"front-fork-pipe-for-tvs-suzuki-old-model-set-of-2-tube","fork-assembly"
"front-fork-pipe-for-yamaha-ray-zr-set-of-2-tube","fork-assembly"
"front-fork-pipe-for-yamaha-saluto-set-of-2-tube","fork-assembly"
"front-fork-pipe-for-yamaha-ray-z-set-of-2-tube","fork-assembly"
"front-fork-pipe-for-yamaha-sz-r-set-of-2-tube","fork-assembly"
"front-fork-pipe-for-yamaha-r15-set-of-2-tube","fork-assembly"
"front-fork-pipe-for-yamaha-fz-set-of-2-tube","fork-assembly"
"front-fork-pipe-for-yamaha-rx-135-set-of-2-tube","fork-assembly"
"front-fork-pipe-for-yamaha-gladiator-crux-s-alba-106-set-of-2-tube","fork-assembly"
"front-fork-pipe-for-yamaha-enticer-set-of-2-tube","fork-assembly"
"front-fork-pipe-for-yamaha-libero-set-of-2-tube","fork-assembly"
"front-fork-pipe-for-yamaha-crux-r-set-of-2-tube","fork-assembly"
"front-fork-pipe-for-yamaha-crux-set-of-2-tube","fork-assembly"
"front-fork-pipe-for-yamaha-ybx-set-of-2-tube","fork-assembly"
"front-fork-pipe-for-yamaha-rx-100-rxg-g5-set-of-2-tube","fork-assembly"
"front-fork-pipe-for-bajaj-platina-100-es-set-of-2-tube","fork-assembly"
"front-fork-pipe-for-bajaj-discover-125-st-set-of-2-tube","fork-assembly"
"front-fork-pipe-for-bajaj-pulsar-135-new-model-set-of-2-tube","fork-assembly"
"front-fork-pipe-for-bajaj-discover-100-dtsi-discover-150-dtsi-set-of-2-tube","fork-assembly"
"front-fork-pipe-for-bajaj-pulsar-180-digital-ug4-pulsar-135-old-model-set-of-2-tube","fork-assembly"
"front-fork-pipe-for-bajaj-pulsar-150-digital-ug4-set-of-2-tube","fork-assembly"
"front-fork-pipe-for-bajaj-pulsar-150-digital-ug3-set-of-2-tube","fork-assembly"
"front-fork-pipe-for-bajaj-discover-100-discover-125-set-of-2-tube","fork-assembly"
"front-fork-pipe-for-bajaj-pulsar-220-set-of-2-tube","fork-assembly"
"front-fork-pipe-for-bajaj-pulsar-200-set-of-2-tube","fork-assembly"
"front-fork-pipe-for-bajaj-eliminator-avenger-set-of-2-tube","fork-assembly"
"front-fork-pipe-for-bajaj-byk-set-of-2-tube","fork-assembly"
"front-fork-pipe-for-bajaj-xcd-125-xcd-135-set-of-2-tube","fork-assembly"
"front-fork-pipe-for-bajaj-ct-100-platina-set-of-2-tube","fork-assembly"
"front-fork-pipe-for-bajaj-discover-100-t-100-m-set-of-2-tube","fork-assembly"
"front-fork-pipe-for-bajaj-pulsar-alloy-wheel-discover-alloy-wheel-135cc-set-of-2-tube","fork-assembly"
"front-fork-pipe-for-bajaj-pulsar-150-dtsi-pulsar-180-dtsi-set-of-2-tube","fork-assembly"
"front-fork-pipe-for-bajaj-pulsar-150-old-model-180-old-model-set-of-2-tube","fork-assembly"
"front-fork-pipe-for-bajaj-kb4s-champion-set-of-2-tube","fork-assembly"
"front-fork-pipe-for-bajaj-caliber-croma-caliber-115-set-of-2-tube","fork-assembly"
"front-fork-pipe-for-bajaj-boxer-ar-set-of-2-tube","fork-assembly"
"front-fork-pipe-for-bajaj-kb4s-boxer-boxer-at-boxer-ct-set-of-2-tube","fork-assembly"
"front-fork-pipe-for-bajaj-kb-100-set-of-2-tube","fork-assembly"
"front-fork-pipe-for-honda-hornet-new-model-set-of-2-tube","fork-assembly"
"front-fork-pipe-for-honda-hornet-set-of-2-tube","fork-assembly"
"front-fork-pipe-for-honda-unicorn-160-new-model-set-of-2-tube","fork-assembly"
"front-fork-pipe-for-honda-activa-125-new-model-set-of-2-tube","fork-assembly"
"front-fork-pipe-for-honda-aviator-set-of-2-tube","fork-assembly"
"front-fork-pipe-for-honda-dream-yuga-set-of-2-tube","fork-assembly"
"front-fork-pipe-for-honda-twister-shine-new-model-set-of-2-tube","fork-assembly"
"front-fork-pipe-for-honda-dazzler-trigger-set-of-2-tube","fork-assembly"
"front-fork-pipe-for-honda-unicorn-new-model-set-of-2-tube","fork-assembly"
"front-fork-pipe-for-honda-stunner-set-of-2-tube","fork-assembly"
"front-fork-pipe-for-honda-shine-old-model-set-of-2-tube","fork-assembly"
"front-fork-pipe-for-honda-unicorn-set-of-2-tube","fork-assembly"
"front-fork-pipe-for-hero-maestro-maestro-edge-set-of-2-tube","fork-assembly"
"front-fork-pipe-for-hero-karizma-zmr-set-of-2-tube","fork-assembly"
"front-fork-pipe-for-hero-ignitor-set-of-2-tube","fork-assembly"
"front-fork-pipe-for-hero-puch-new-model-set-of-2-tube","fork-assembly"
"front-fork-pipe-for-hero-puch-old-model-set-of-2-tube","fork-assembly"
"front-fork-pipe-for-hero-street-set-of-2-tube","fork-assembly"
"front-fork-pipe-for-hero-cbz-xtreme-new-model-passion-x-pro-set-of-2-tube","fork-assembly"
"front-fork-pipe-for-hero-hunk-set-of-2-tube","fork-assembly"
"front-fork-pipe-for-hero-cbz-xtreme-achiever-set-of-2-tube","fork-assembly"
"front-fork-pipe-for-hero-karizma-karizma-r-set-of-2-tube","fork-assembly"
"front-fork-pipe-for-hero-glamour-splendor-nxg-passion-pro-splendor-pro-set-of-2-tube","fork-assembly"
"front-fork-pipe-for-hero-cbz-ambition-set-of-2-tube","fork-assembly"
"front-fork-pipe-for-hero-splendor-splendor-plus-super-splendor-passion-passion-plus-sleek-cd-dawn-cd-deluxe-set-of-2-tube","fork-assembly"
"front-fork-pipe-for-hero-cd-100-set-of-2-tube","fork-assembly"
"ensons-petrol-tank-for-tvs-apache-rtr-180-bs6-white","petrol-tank"
"ensons-petrol-tank-for-hero-splendor-bs6-black-silver-sticker","petrol-tank"
"ensons-petrol-tank-for-yamaha-crux-r-wine-red","petrol-tank"
"rear-shock-absorber-for-hero-glamour-passion-passion-plus-passion-pro-set-of-2-grey","shock-absorber"
"clutch-assembly-for-bajaj-pulsar-150-ug5","clutch-assembly"
"bigi-digital-speedometer-assembly-for-honda-dream-yuga","speedometer"
"bigi-digital-speedometer-assembly-for-bajaj-pulsar-150-bs4-2017-2020-model-with-abs-drum-brake","speedometer"
"bigi-digital-speedometer-assembly-for-bajaj-pulsar-150-bs6","speedometer"
"mukut-fuel-pump-for-suzuki-gixxer-bs6-fuel-pump-assembly","fuel-pump-assembly"
"rear-shock-absorber-for-tvs-xl-super-set-of-2-black","shock-absorber"
"rear-shock-absorber-for-tvs-jupiter","shock-absorber"
"rear-mono-shock-absorber-for-suzuki-access-new-model","shock-absorber"
"rear-shock-absorber-for-tvs-ntorq-red-colour-1-shock-absorber","shock-absorber"
"rear-shock-absorber-for-hero-super-splendor-bs6-set-of-2-silver","shock-absorber"
"mono-rear-shock-absorber-for-tvs-apache-rtr-160-4v-200-4v","shock-absorber"
"rear-shock-absorber-for-tvs-star-city-110-set-of-2","shock-absorber"
"front-shock-absorber-for-honda-activa-3g-4g-5g-activa-125-dio","shock-absorber"
"rear-shock-absorber-for-honda-activa-6g","shock-absorber"
"rear-mono-shock-absorber-for-yamaha-r15-v1-v2-v3-s","shock-absorber"
"rear-shock-absorber-for-yamaha-fz-fz-fz-s-fz-fi-fz-v2-fz-16-fz-v3-fazer-fz-250-yellow-colour","shock-absorber"
"rear-shock-absorber-for-yamaha-fz-fz-fz-s-fz-fi-fz-v2-fz-16-fz-v3-fazer-fz-250-red-colour","shock-absorber"
"rear-mono-shock-absorber-for-honda-cb-hornet-160-cb-hornet-160-r-cb-unicorn-160","shock-absorber"
"rear-shock-absorber-for-honda-shine-silver","shock-absorber"
"rear-shock-absorber-for-honda-shine-red","shock-absorber"
"rear-shock-absorber-for-honda-shine-black","shock-absorber"
"rear-shock-absorber-for-hero-glamour-passion-passion-plus-passion-pro-set-of-2-black","shock-absorber"
"rear-shock-absorber-for-hero-glamour-passion-passion-plus-passion-pro-set-of-2-red","shock-absorber"
"rear-shock-absorber-for-hero-splendor-splendor-pro-splendor-plus-super-splendor-cd-dawn-cd-deluxe-hf-dawn-hf-deluxe-set-of-2-blue","shock-absorber"
"rear-shock-absorber-for-hero-splendor-splendor-pro-splendor-plus-super-splendor-cd-dawn-cd-deluxe-hf-dawn-hf-deluxe-set-of-2-silver","shock-absorber"
"rear-shock-absorber-for-hero-splendor-splendor-pro-splendor-plus-super-splendor-cd-dawn-cd-deluxe-hf-dawn-hf-deluxe-set-of-2-red","shock-absorber"
"rear-shock-absorber-for-hero-splendor-splendor-pro-splendor-plus-super-splendor-cd-dawn-cd-deluxe-hf-dawn-hf-deluxe-set-of-2-black","shock-absorber"
"gabriel-rear-shock-absorber-for-honda-activa-3g-4g-5g","shock-absorber"
"rear-shock-absorber-for-yamaha-sz-r-sz-x","shock-absorber"
"ensons-petrol-tank-for-hero-super-splendor-bs4-black-blue","petrol-tank"
"pricol-digital-speedometer-for-hero-glamour-125-bs6-disc-brake","speedometer"
"ucal-bike-carburetor-for-bajaj-vikrant-v15-150cc-bs4","carburetor"
"ensons-fuel-tank-for-hero-super-splendor-bs4-black-grey","petrol-tank"
"ensons-petrol-tank-for-bajaj-pulsar-150-180-bs4-ug6-with-monogram-black-red","petrol-tank"
"ensons-petrol-tank-for-hero-cd-deluxe-bs4-hf-deluxe-bs4-black-grey","petrol-tank"
"ensons-petrol-tank-for-hero-cd-deluxe-bs4-hf-deluxe-bs4-black-purple","petrol-tank"
"ensons-petrol-tank-for-hero-cd-deluxe-bs4-hf-deluxe-bs4-grey-green","petrol-tank"
"ensons-petrol-tank-for-hero-cd-110-black-green","petrol-tank"
"ensons-petrol-tank-for-hero-cd-110-black-red","petrol-tank"
"ensons-petrol-tank-for-honda-dream-yuga-type-3-black-red","petrol-tank"
"ensons-petrol-tank-for-honda-dream-yuga-type-2-black-red","petrol-tank"
"ensons-petrol-tank-for-honda-dream-yuga-black-grey","petrol-tank"
"ensons-petrol-tank-for-hero-splendor-plus-black-orange","petrol-tank"
"ensons-petrol-tank-for-hero-glamour-bs4-black-blue","petrol-tank"
"ensons-petrol-tank-for-hero-splendor-ismart-110-i3s-silver-red","petrol-tank"
"enson-petrol-tank-silver-yamaha-gladiator","petrol-tank"
"enson-petrol-tank-blue-yamaha-gladiator","petrol-tank"
"ensons-petrol-tank-for-hero-splendor-bs6-black","petrol-tank"
"silencer-for-tvs-star-city-plus-phoenix","silencer"
"tvs-original-rear-brake-disc-caliper-for-tvs-apache-rtr-200-4v-bs4-bs6-models","brake-disc"
"star-fuel-pump-for-mahindra-duro-fuel-pump-assembly","fuel-pump-assembly"
"hero-original-bike-carburetor-for-hero-karizma-karizma-r-karizma-zmr","carburetor"
"honda-original-bike-carburetor-for-honda-shine-bs4-all-shine-bs4-models","carburetor"
"ensons-petrol-tank-for-bajaj-discover-125-new-model-150-new-model-black-red","petrol-tank"
"dexo-engine-block-kit-for-tvs-scooty-pep-plus-bs4-bs6-model-bore-piston-or-cylinder-piston","piston-kit"
"ensons-petrol-tank-for-tvs-apache-150-red-with-sticker","petrol-tank"
"honda-original-bike-carburetor-for-honda-hornet-160-bs3-bs4","carburetor"
"star-lever-assembly-for-activa-125-bs6-master-cylinder-disc-caliper-assembly","brake-disc"
"star-front-brake-disc-caliper-for-hero-impulse","brake-disc"
"star-front-brake-disc-caliper-for-suzuki-gs-150r","brake-disc"
"star-front-brake-disc-caliper-for-honda-shine-sp-125-cbr-150","brake-disc"
"star-front-brake-disc-caliper-for-hero-glamour-bs6","brake-disc"
"star-front-brake-disc-caliper-for-bajaj-pulsar-150-abs","brake-disc"
"star-digital-speedometer-for-hero-passion-x-pro","speedometer"
"mukut-front-brake-disc-caliper-for-honda-activa-125-combo-brake","brake-disc"
"pricol-digital-speedometer-for-hero-glamour-125-bs6-drum-brake","speedometer"
"pricol-analog-speedometer-for-honda-cb-shine-125-bs6","speedometer"
"pricol-analog-speedometer-for-hero-splendor-i3s-bs6-kick-start","speedometer"
"pricol-analog-speedometer-for-hero-splendor-i3s-bs6-self-start","speedometer"
"pricol-analog-speedometer-for-hero-hf-deluxe-bs6-kick-start","speedometer"
"pricol-analog-speedometer-for-hero-hf-deluxe-bs6-self-start","speedometer"
"mukut-cdi-for-hero-xtreme-sports-4-4-pin","cdi"
"minda-digital-speedometer-for-bajaj-discover-150","speedometer"
"minda-analog-speedometer-for-bajaj-boxer-bm-150","speedometer"
"minda-analog-speedometer-assembly-for-bajaj-ct-100-with-fuel-gauge","speedometer"
"minda-analog-speedometer-for-bajaj-boxer-100","speedometer"
"minda-analog-speedometer-assembly-for-tvs-star-sports","speedometer"
"techlon-starter-motor-for-tvs-scooty-pep-pep-plus-starter-motor","starter-motor"
"techlon-starter-motor-for-honda-twister-self-motor","starter-motor"
"techlon-starter-motor-for-tvs-wego-starter-motor","starter-motor"
"techlon-starter-motor-for-hero-super-splendor-glamour-starter-motor","starter-motor"
"techlon-starter-motor-for-tvs-star-city-starter-motor","starter-motor"
"techlon-starter-motor-for-yamaha-r15-v1-v2-s-v3-starter-motor","starter-motor"
"techlon-starter-motor-for-bajaj-pulsar-180-200-220-starter-motor","starter-motor"
"techlon-starter-motor-for-bajaj-pulsar-150-starter-motor","starter-motor"
"techlon-starter-motor-for-hero-passion-pro-new-model-starter-motor","starter-motor"
"techlon-starter-motor-for-splendor-passion-pro-old-model-starter-motor","starter-motor"
"techlon-starter-motor-for-splendor-ismart-110-starter-motor","starter-motor"
"techlon-starter-motor-for-yamaha-fazer-fz-fz-s-fz-16-fz-fi-v2-sz-s-sz-r-alfa-ray-fascino","starter-motor"
"techlon-starter-motor-for-yamaha-fz-old-black-with-clamp-self-motor","starter-motor"
"techlon-starter-motor-for-mahindra-duro-rodeo-flyte-self-motor","starter-motor"
"techlon-starter-motor-for-bajaj-discover-100-self-motor","starter-motor"
"techlon-starter-motor-for-tvs-apache-150-apache-rtr-160-180-self-motor","starter-motor"
"techlon-starter-motor-for-suzuki-activa-new-model-self-motor","starter-motor"
"techlon-starter-motor-for-suzuki-access-125-old-model-self-motor-1","starter-motor"
"techlon-starter-motor-for-suzuki-access-125-old-model-self-motor","starter-motor"
"gabriel-rear-shock-absorber-for-honda-dream-neo-dream-yuga-hero-passion-x-pro-red-set-of-2","shock-absorber"
"endurance-rear-shock-absorber-for-bajaj-discover-135-all-models","shock-absorber"
"rear-brake-drum-for-mahindra-duro-rodeo-4-nut","brake-drum"
"silencer-for-tvs-star-city-110-black","silencer"
"ensons-petrol-tank-for-royal-enfield-classic-350-bs3-grey-colour-before-2017-models","petrol-tank"
"minda-analog-speedometer-assembly-for-bajaj-ct-100-without-fuel-gauge-7-pin-coupler","speedometer"
"minda-analog-speedometer-assembly-for-tvs-star-city-110","speedometer"
"ensons-petrol-tank-for-royal-enfield-bullet-350-bs4-black-golden-apr-2017-to-mar-2020-models-with-abs","petrol-tank"
"mukut-digital-speedometer-for-hero-splendor-bs6","speedometer"
"ensons-fuel-tank-for-hero-super-splendor-bs4-red","petrol-tank"
"ensons-fuel-tank-for-bajaj-discover-125-black-red-petrol-tank-or-tanki","petrol-tank"
"ensons-fuel-tank-for-hero-super-splendor-black-grey-petrol-tank","petrol-tank"
"ensons-petrol-tank-for-royal-enfield-classic-350-bs4-with-abs-black-apr-2017-to-mar-2020-models-with-abs","petrol-tank"
"ensons-fuel-tank-for-bajaj-vikrant-v15-black-red-colour","petrol-tank"
"ucal-bike-carburetor-for-bajaj-pulsar-220-bs4","carburetor"
"ucal-bike-carburetor-for-bajaj-pulsar-150-bs5","carburetor"
"ucal-bike-carburetor-for-tvs-apache-rtr-180-bs4","carburetor"
"mukut-fuel-pump-for-yamaha-fz-250-fuel-pump-assembly","fuel-pump-assembly"
"mukut-cdi-for-bajaj-discover-100-t-part-no-pa351206-12-pin-ink-blue-colour","cdi"
"gabriel-rear-shock-absorber-for-bajaj-pulsar-220-all-models","shock-absorber"
"gabriel-front-fork-leg-assembly-for-royal-enfield-classic-350-right-side","fork-assembly"
"gabriel-front-fork-leg-assembly-for-royal-enfield-classic-350-left-side","fork-assembly"
"ensons-petrol-tank-for-yamaha-rx100-rx135-rxg-dark-blue","petrol-tank"
"bajaj-original-bike-carburetor-for-bajaj-discover-100m-jun-2014-oct-2015-model-with-manual-choke","carburetor"
"ensons-petrol-tank-for-hero-cd-deluxe-old-model-wine-red","petrol-tank"
"ensons-petrol-tank-for-hero-passion-pro-red-black","petrol-tank"
"royal-enfield-original-engine-block-kit-for-bullet-350-electra-350-classic-350-all-bs3-350-models","piston-kit"
"tvs-original-rear-disc-brake-master-cylinder-assembly-for-tvs-160-4v-200-4v-bs4-bs6-models-part-no-n9112070","brakes"
"tvs-original-front-disc-brake-master-cylinder-assembly-for-tvs-160-4v-200-4v-bs4-bs6-models-part-no-n9115100","brakes"
"tvs-original-tci-for-tvs-apache-rtr-160-4v-bs4-carburetor-model-part-no-n9060880","cdi"
"tvs-original-tail-light-assembly-for-tvs-apache-rtr-160-4v-200-4v-all-bs4-bs6-models-part-no-n9225730","tail-light"
"tvs-original-bike-carburetor-for-tvs-apache-rtr-160-4v-bs4-n9042580","carburetor"
"tvs-original-engine-block-kit-for-tvs-apache-rtr-200-4v-bs4-both-carburetor-and-fi-model-bore-piston-or-cylinder-piston","piston-kit"
"tvs-original-engine-block-kit-for-tvs-apache-rtr-160-4v-bs4-both-carburetor-and-fi-model-bore-piston-or-cylinder-piston","piston-kit"
"ensons-petrol-tank-for-royal-enfield-thunderbird-500-red","petrol-tank"
"ensons-petrol-tank-for-royal-enfield-classic-350-bs4-matt-silver-or-gun-metal-greycolour-apr-2017-to-mar-2020-models","petrol-tank"
"ensons-petrol-tank-for-royal-enfield-bullet-500-bs4-white-apr-2017-to-mar-2020-models","petrol-tank"
"ensons-petrol-tank-for-royal-enfield-classic-350-bs4-with-abs-wine-red-colour-apr-2017-to-mar-2020-models-with-abs","petrol-tank"
"ensons-petrol-tank-for-royal-enfield-classic-350-bs6-red-colour-after-mar-2020-models","petrol-tank"
"ensons-petrol-tank-for-royal-enfield-classic-350-bs4-red-colour-apr-2017-to-mar-2020-models","petrol-tank"
"ensons-petrol-tank-for-royal-enfield-classic-350-bs6-matt-silver-colour-models-after-mar-2020","petrol-tank"
"ensons-petrol-tank-for-royal-enfield-bullet-350-bs3-old-model-black-colour-before-apr-2014-models","petrol-tank"
"ensons-petrol-tank-for-royal-enfield-classic-350-bs4-white-colour-apr-2017-to-mar-2020-models","petrol-tank"
"techlon-carburetor-for-bajaj-caliber-boxer-boxer-ct-kawasaki-bajaj-4-stroke-kb4s","carburetor"
"mukut-digital-speedometer-for-hero-passion-pro-bs6","speedometer"
"clutch-one-way-assembly-for-royal-enfield-bullet-350-classic-350","clutch-plate"
"mukut-rear-brake-disc-caliper-for-royal-enfield-bullet-350-bullet-500-classic-350-classic-500-thunderbird-350-thunderbird-500-chrome-desertstorm-rear-all-bs4-models","brake-disc"
"mukut-front-brake-disc-caliper-for-royal-enfield-bullet-350-bullet-500-classic-350-classic-500-thunderbird-350-thunderbird-500-chrome-desertstormfront","brake-disc"
"mukut-front-brake-disc-caliper-for-hero-glamour-fi","brake-disc"
"mukut-cdi-for-tvs-radeon-part-no-14-2-pin","cdi"
"mukut-cdi-for-tvs-wego-part-no-k6060230-4-2-2-pin","cdi"
"mukut-cdi-for-honda-unicorn-160r-part-no-4-4-pin","cdi"
"mukut-cdi-for-honda-stunner-cbf-part-no-4-2-1-pin","cdi"
"mukut-cdi-for-honda-cbr-250","cdi"
"mukut-cdi-for-honda-cbr-150","cdi"
"mukut-cdi-for-honda-grazia-part-no-30410-k86a-d010-m1","cdi"
"mukut-cdi-for-hero-glamour-fi-part-no-ktr-4-pin","cdi"
"mukut-cdi-for-bajaj-pulsar-220-part-no-dk111072-dk11073-4-2-2-pin","cdi"
"mukut-cdi-for-bajaj-pulsar-135-part-no-je351200-4-2-4-pin","cdi"
"mukut-cdi-for-bajaj-pulsar-150-ug4-180-ug4-part-no-dj111092-dh111072-4-2-pin","cdi"
"mukut-cdi-for-bajaj-pulsar-150-ug3-180-ug3-part-no-dj111023-dh111064-6-2-pin","cdi"
"mukut-cdi-for-bajaj-pulsar-150-dtsi-180-dtsi-non-digital-meter-part-no-dh111019-dj111008","cdi"
"mukut-cdi-for-bajaj-platina-100-es-ac-part-no-pf351206-6-4-pin-green-colour","cdi"
"mukut-cdi-for-bajaj-xcd-135-platina-125-part-no-jw351200-jk351200-4-2-2-pin","cdi"
"mukut-cdi-for-bajaj-xcd-125-part-no-ja351200-3-6-pin","cdi"
"mukut-cdi-for-bajaj-discover-150-m-150-s-part-no-jz351208-12-pin-green-colour","cdi"
"mukut-cdi-for-bajaj-discover-125-new-part-no-jz351206-4-2-2-pin","cdi"
"mukut-cdi-for-bajaj-discover-100-m-part-no-pa351217-12-pin-chocolate-brown-colour","cdi"
"mukut-cdi-for-bajaj-discover-100-4-gear-part-no-jb351201-6-4-pin","cdi"
"mukut-cdi-for-honda-cb-trigger-part-no-30400-k21a-9010-4-4-pin","cdi"
"mukut-cdi-for-honda-cb-dazzler-part-no-30400-ksp-b010-4-4-pin","cdi"
"mukut-cdi-for-honda-unicorn-part-no-30400-kspg-8610-m1-4-2-1-pin","cdi"
"mukut-cdi-for-honda-cb-twister-part-no-30410-kws-901-4-2-pin","cdi"
"mukut-cdi-for-honda-shine-new-part-no-kten-4-2-pin","cdi"
"mukut-cdi-for-honda-shine-part-no-30410-kte-911-4-2-pin","cdi"
"mukut-cdi-for-hero-maestro-edge-duet-part-no-30400-aay-0010-4-2-4-pin-without-immobiliser","cdi"
"mukut-cdi-for-hero-maestro-edge-i3s-part-no-4-2-4-2-1-pin-with-immobiliser","cdi"
"mukut-cdi-for-hero-maestro-edge-part-no-30400-aaw-0010-4-2-4-2-pin-with-immobiliser","cdi"
"mukut-cdi-for-hero-impulse-part-no-30400-kzj-9010-4-4-pin","cdi"
"mukut-cdi-for-hero-ambition-part-no-30410-krc-900-4-2-pin","cdi"
"mukut-cdi-for-hero-splendor-ismart-110-part-no-12-1-pin","cdi"
"mukut-cdi-for-hero-hunk-cbz-xtreme-achiever-part-no-30410-ksp-911-4-2-1-pinn","cdi"
"mukut-cdi-for-hero-hf-deluxe-part-no-4-2-pin","cdi"
"mukut-cdi-for-hero-cd-deluxe-new-splendor-nxg-part-no-30410-kst-941-4-pin","cdi"
"mukut-cdi-for-hero-passion-pro-splendor-pro-part-no-30410-kwa-931s-4-2-pin","cdi"
"mukut-cdi-for-hero-super-splendor-glamour-part-no-30410-ktc-900s-4-2-pin","cdi"
"mukut-cdi-for-suzuki-heat-zeus-part-no-32900-28g00","cdi"
"mukut-cdi-for-suzuki-access-125-new-part-no-tci","cdi"
"mukut-cdi-for-suzuki-access-part-no-32900-33g00-000","cdi"
"mukut-cdi-for-yamaha-r15-new-part-no-2fb","cdi"
"mukut-cdi-for-yamaha-r15-old","cdi"
"mukut-cdi-for-yamaha-fz-s-sz-r-part-no-54b-10-21c-10-10-1-pin","cdi"
"mukut-cdi-for-yamaha-fz-fz-s-fazer-new-part-no-21c-h5540-00-8-4-pin","cdi"
"mukut-cdi-for-yamaha-gladiator-ss-ybr-125-fazer-part-no-5yy-h5540-00-5yy-h5540-10-small-size-white-coupler","cdi"
"mukut-cdi-for-tvs-xl-100-part-no-ecm-silver-colour","cdi"
"mukut-cdi-for-tvs-xl-100-part-no-ecm-black-colour","cdi"
"mukut-cdi-for-tvs-jupiter-part-no-k6060360-2-4-2-2-pin","cdi"
"mukut-cdi-for-tvs-apache-rtr-200-part-no-20-pin-black-colour","cdi"
"mukut-cdi-for-tvs-apache-rtr-160-apache-rtr-180-part-no-n9060370-grey-colour","cdi"
"mukut-cdi-for-tvs-apache-part-no-n9060370-3-2-2-1-2-pin-black-colour","cdi"
"mukut-cdi-for-tvs-streak-pep-plus-new-part-no-2-2-2-1-pin","cdi"
"mukut-cdi-for-tvs-scooty-pep-plus-part-no-k3060470-ncv0047-4-1-2-4-pin","cdi"
"mukut-cdi-for-tvs-scooty-pep-part-no-k3060330-4-2-1-pin","cdi"
"mukut-cdi-for-tvs-star-city-110-plus-part-no-na060010-8-2-pin","cdi"
"mukut-cdi-for-tvs-star-city-110-self-start-part-no-n8060630-4-2-2-1-pin-tci","cdi"
"mukut-cdi-for-bajaj-vikrant-v15-part-no-jh351200-15b-12-pin","cdi"
"mukut-cdi-for-bajaj-avenger-220-part-no-pd13-4-2-pin-pink-colour","cdi"
"mukut-cdi-for-bajaj-avenger-220-part-no-pd00-4-2-pin-blue-colour","cdi"
"mukut-cdi-for-bajaj-platina-100-part-no-pf351220-comfotec-blue-colour-dc","cdi"
"mukut-cdi-for-bajaj-discover-135-part-no-jn351200-4-2-2-pin","cdi"
"mukut-cdi-for-bajaj-discover-150-part-no-je351205-4-2-2-pin","cdi"
"mukut-cdi-for-bajaj-discover-125-m-part-no-pa351214-12-pin-purple-colour","cdi"
"mukut-cdi-for-bajaj-discover-125-st-part-no-je351206-12-pin-grey-colour","cdi"
"mukut-cdi-for-bajaj-discover-125-t-part-no-je351207-12-pin-sky-blue-colour","cdi"
"mukut-cdi-for-bajaj-discover-100-m-part-no-pa351215-12-pin-pink-colour-dc","cdi"
"mukut-cdi-for-bajaj-discover-100-part-no-pa351200-4-2-2-pin","cdi"
"mukut-cdi-for-bajaj-discover-125-part-no-ds111003-6-2-pin","cdi"
"mukut-cdi-for-honda-hornet-160r-het-part-no-37100-k43-d019-4-4-pin","cdi"
"mukut-cdi-for-hero-splendor-ismart-old-part-no-4-2-4-1-pin","cdi"
"mukut-cdi-for-hero-hf-deluxe-i3s-part-no-4-2-4-1-pin","cdi"
"mukut-cdi-for-hero-passion-x-pro-part-no-30400-kzaa-w010-m1-4-2-pin","cdi"
"mukut-cdi-for-hero-passion-pro-splendor-pro-i3s-part-no-4-2-4-1-pin","cdi"
"mukut-cdi-for-hero-super-splendor-i3s-new-part-no-4-2-4-1-pin","cdi"
"mukut-cdi-for-yamaha-ray-alfa","cdi"
"mukut-cdi-for-yamaha-fz-s-sz-r-part-no-54b-8-pin","cdi"
"mukut-cdi-for-tvs-victor-digital-meter-part-no-n3060400-14-2-pin","cdi"
"mukut-cdi-for-bajaj-pulsar-200-ns-part-no-jl351200-12-pin-light-brown","cdi"
"yamaha-oe-radiator-assembly-for-yamaha-r15-yzf-v1-s-v2","radiator"
"minda-analog-speedometer-for-hero-cd-deluxe","speedometer"
"minda-analog-speedometer-for-yamaha-ybr-100","speedometer"
"ensons-petrol-tank-for-hero-cd-100-ss-maroon","petrol-tank"
"ensons-petrol-tank-for-hero-splendor-pro-grey-green","petrol-tank"
"ensons-petrol-tank-for-yamaha-rx135-5-speed-wine-red","petrol-tank"
"ensons-petrol-tank-for-bajaj-platina-100-black-blue","petrol-tank"
"ensons-petrol-tank-for-bajaj-platina-100-grey","petrol-tank"
"ensons-petrol-tank-for-kawasaki-bajaj-boxer-red","petrol-tank"
"ensons-petrol-tank-for-kawasaki-bajaj-boxer-wine-red","petrol-tank"
"ensons-petrol-tank-for-kawasaki-bajaj-4s-champion-kb4s-black","petrol-tank"
"ensons-petrol-tank-for-kawasaki-bajaj-4s-champion-kb4s","petrol-tank"
"ensons-petrol-tank-for-honda-unicorn-new-model-red-type-3","petrol-tank"
"ensons-petrol-tank-for-honda-shine-type-4-type-5-black-red","petrol-tank"
"ensons-petrol-tank-for-tvs-star-sports-type-3-black-red","petrol-tank"
"ensons-petrol-tank-for-bajaj-pulsar-150-180-ug6-with-monogram-red","petrol-tank"
"ensons-petrol-tank-for-tvs-star-city-110-black-red","petrol-tank"
"ensons-petrol-tank-for-hero-splendor-pro-red-orange","petrol-tank"
"ucal-bike-carburetor-for-royal-enfield-himalayan-411-cc","carburetor"
"ucal-bike-carburetor-for-tvs-victor-110","carburetor"
"pricol-analog-speedometer-for-bajaj-ct-100-new-model-without-fuel-gauge","speedometer"
"pricol-analog-speedometer-for-hero-cd-100-cmvr","speedometer"
"pricol-analog-speedometer-for-hero-cd-100","speedometer"
"hero-original-engine-block-kit-for-hero-splendor-ismart-old-passion-x-pro-bs4-tensioner-type-bore-piston-or-cylinder-piston","piston-kit"
"tvs-original-engine-block-kit-for-tvs-apache-rtr-160-bs4-bore-piston-or-cylinder-piston","piston-kit"
"mukut-digital-speedometer-for-honda-dio-repsol","speedometer"
"mukut-digital-speedometer-for-honda-activa-125-bs6","speedometer"
"ensons-petrol-tank-for-royal-enfield-classic-350-bs4-black-apr-2017-to-mar-2020-models","petrol-tank"
"ensons-petrol-tank-for-royal-enfield-bullet-500-bs6-black-golden-after-mar-2020-models-1","petrol-tank"
"ensons-petrol-tank-for-royal-enfield-bullet-350-bs4-black-golden-apr-2017-to-mar-2020-models","petrol-tank"
"bajaj-original-front-brake-disc-plate-for-bajaj-pulsar-150-bs4-pulsar-125-bs6","brake-disc"
"bajaj-original-bike-carburetor-for-bajaj-discover-125m-2014-2015-model","carburetor"
"bajaj-original-bike-carburetor-for-bajaj-discover-100t-2013-2014-model","carburetor"
"gabriel-rear-shock-absorber-for-yamaha-fz-all-models","shock-absorber"
"gabriel-rear-shock-absorber-for-yamaha-fz-fz-fz-s-fz-fi-fz-v2-fz-16-fz-v3-fazer-fz-250-yellow-colour","shock-absorber"
"minda-analog-meter-assembly-for-hero-cd-deluxe-self-start-speedometer","speedometer"
"tvs-original-bike-carburetor-for-tvs-apache-rtr-200-cc-bs4","carburetor"
"hero-original-rear-shock-absorber-for-hero-hunk-cbz-xtreme-type-3-gas-filled","shock-absorber"
"ensons-petrol-tank-for-bajaj-ct-100-black-blue","petrol-tank"
"ensons-petrol-tank-for-bajaj-discover-100-125-new-model-150-black-golden-3d","petrol-tank"
"ensons-petrol-tank-for-royal-enfield-classic-350-bs3-black-colour-before-2017-models","petrol-tank"
"ensons-petrol-tank-for-tvs-centra-black","petrol-tank"
"ensons-petrol-tank-for-lml-freedom-black","petrol-tank"
"ensons-petrol-tank-for-lml-freedom-golden","petrol-tank"
"ensons-petrol-tank-for-yamaha-libero-g5-golden","petrol-tank"
"ensons-petrol-tank-for-hero-passion-pro-2016-model-black-red","petrol-tank"
"mukut-digital-speedometer-for-hero-super-splendor-bs6","speedometer"
"mukut-fuel-pump-for-bajaj-pulsar-200-ns-fuel-pump-assembly","fuel-pump-assembly"
"ensons-petrol-tank-for-hero-cd-100-ss-red","petrol-tank"
"ensons-petrol-tank-for-hero-cd-100-ss-black","petrol-tank"
"dexo-piston-cylinder-kit-for-mahindra-centuro-bore-piston-or-block","piston-kit"
"dexo-piston-cylinder-kit-bore-piston-or-block-kit-yamaha-rx-100-g4","piston-kit"
"techlon-cdi-for-hero-cd-deluxe","cdi"
"pricol-analog-speedometer-for-bajaj-discover-125-9-pin-socket","speedometer"
"mukut-analog-speedometer-for-tvs-victor-glx-with-meter-holder-blup","speedometer"
"mukut-fuel-pump-for-tvs-star-plus-110-fi-bs6-radeon-110-fi-bs6-fuel-pump-assembly","fuel-pump-assembly"
"mukut-fuel-pump-for-hero-splendor-plus-fi-bs6-fuel-pump-assembly","fuel-pump-assembly"
"mukut-fuel-pump-for-bajaj-pulsar-150-fi-bs6-pulsar-180-fi-bs6-fuel-pump-assembly","fuel-pump-assembly"
"mukut-digital-speedometer-for-tvs-apache-rtr-200","speedometer"
"ensons-petrol-tank-for-hero-karizma-r-black-white","petrol-tank"
"ensons-petrol-tank-for-tvs-star-sports-type-3-white-red","petrol-tank"
"ensons-petrol-tank-for-hero-hf-deluxe-bs6-black-silver","petrol-tank"
"copy-of-ensons-petrol-tank-for-royal-enfield-classic-350-bs4-red-colour-apr-2017-to-mar-2020-models","petrol-tank"
"mukut-analog-speedometer-for-tvs-victor-victor-gl-victor-glx-with-meter-holder-blup","speedometer"
"mukut-rear-brake-disc-caliper-for-honda-cb-unicorn-dazzler-with-bracket","brake-disc"
"mikcarb-bike-carburetor-for-yamaha-libero-alba-ybr-self-start-bikes","carburetor"
"ensons-petrol-tank-for-bajaj-pulsar-150-180-ug6-with-monogram-black-grey","petrol-tank"
"ensons-petrol-tank-for-bajaj-pulsar-150-180-ug6-with-monogram-black-blue","petrol-tank"
"tvs-original-mono-rear-shock-absorber-for-tvs-apache-rtr-200-4v","shock-absorber"
"tvs-original-mono-rear-shock-absorber-for-tvs-apache-4v","shock-absorber"
"ucal-bike-carburetor-for-bajaj-pulsar-180-old-model-non-dtsi-k2","carburetor"
"enson-petrol-tank-for-hero-achiever-black-red","petrol-tank"
"ensons-petrol-tank-for-hero-passion-pro-2016-model-silver-black","petrol-tank"
"ensons-petrol-tank-for-bajaj-discover-125st-100t-blue","petrol-tank"
"ensons-petrol-tank-for-hero-splendor-plus-bs4-black-blue","petrol-tank"
"ensons-petrol-tank-for-royal-enfield-classic-350-bs4-silver-colour-apr-2017-to-mar-2020-models","petrol-tank"
"copy-of-suzuki-bike-carburetor-for-suzuki-lets","carburetor"
"suzuki-bike-carburetor-for-suzuki-access-new-model-bs4","carburetor"
"suzuki-bike-carburetor-for-suzuki-hayate-heat-slingshot-zeus","carburetor"
"suzuki-bike-carburetor-for-suzuki-gs-150r","carburetor"
"suzuki-rear-shock-absorber-for-suzuki-gs-150r","shock-absorber"
"suzuki-air-filter-assembly-for-suzuki-access-bs4","shock-absorber"
"suzuki-rear-shock-absorber-for-suzuki-hayate-set-of-2","shock-absorber"
"minda-analog-speedometer-for-mahindra-duro-dz-type-1","speedometer"
"minda-digital-speedometer-for-mahindra-nova","speedometer"
"mukut-fuel-pump-for-honda-activa-bs6-fuel-pump-assembly","fuel-pump-assembly"
"mukut-fuel-pump-motor-for-hero-splendor-pro-bs6","fuel-pump-assembly"
"mukut-fuel-pump-for-tvs-jupiter-bs6-digital-meter-fuel-pump-assembly","fuel-pump-assembly"
"hero-original-bike-carburetor-for-hero-passion-x-pro","carburetor"
"tvs-original-bike-carburetor-for-tvs-jupiter-bs4","carburetor"
"hero-original-engine-block-kit-for-glamour-bs4-super-splendor-bs4-bore-piston-or-cylinder-piston","piston-kit"
"tvs-original-engine-block-kit-for-tvs-xl-100-bs6-bore-piston-or-cylinder-piston","piston-kit"
"tvs-original-engine-block-kit-for-tvs-jupiter-bs6-bore-piston-or-cylinder-piston","piston-kit"
"honda-original-rear-mono-shock-absorber-for-honda-unicorn-150","shock-absorber"
"honda-original-rear-mono-shock-absorber-for-honda-hornet-160-hornet-160-r-unicorn-160","shock-absorber"
"mukut-analog-speedometer-for-bajaj-boxer-150-with-meter-holder-and-blup","speedometer"
"bajaj-original-carburetor-for-bajaj-avenger-150-bs3","carburetor"
"bajaj-original-carburetor-for-bajaj-pulsar-200-ns-200-as-with-reed-switch","carburetor"
"bajaj-original-carburetor-for-bajaj-pulsar-180-ug5-pulsar-180-f-neon-bs4","carburetor"
"bajaj-original-carburetor-for-bajaj-pulsar-150-ug5-bs4","carburetor"
"original-honda-front-brake-disc-caliper-for-honda-hornet-160-r-front","brake-disc"
"original-honda-front-brake-disc-caliper-for-honda-cbr-250","brake-disc"
"original-honda-rear-brake-disc-caliper-for-honda-hornet-160","brake-disc"
"techlon-front-brake-disc-plate-for-bajaj-pulsar-as","brake-disc"
"techlon-cdi-for-yamaha-ray","cdi"
"techlon-cdi-for-honda-cbr-250","cdi"
"techlon-cdi-for-honda-cbr-150","cdi"
"ensons-petrol-tank-for-tvs-victor-gl-red","petrol-tank"
"dexo-piston-cylinder-kit-for-hero-duet-bore-piston-or-block","piston-kit"
"dexo-piston-cylinder-kit-for-bajaj-ct-110-platina-110-electric-start-bore-piston-or-block","piston-kit"
"dexo-piston-cylinder-kit-for-honda-activa-6g-bore-piston-or-block","piston-kit"
"dexo-piston-cylinder-kit-for-honda-cbr-150-bore-piston-or-block","piston-kit"
"dexo-piston-cylinder-kit-for-bajaj-pulsar-125-bs6-bore-piston-or-block","piston-kit"
"dexo-piston-cylinder-kit-for-bajaj-pulsar-150-ug5-bs4-bore-piston-or-block","piston-kit"
"bajaj-original-bike-carburetor-for-bajaj-boxer-bm-150","carburetor"
"bajaj-original-engine-block-kit-for-bajaj-vikrant-v15-bore-piston-or-cylinder-piston","piston-kit"
"mukut-oe-cdi-for-tvs-phoenix-part-no-n5060400","cdi"
"lumax-head-light-set-for-honda-unicorn-with-parking","head-light"
"lumax-head-light-set-for-honda-x-blade-led-light","head-light"
"lumax-head-light-assembly-for-honda-activa-6g-led","head-light"
"lumax-head-light-set-for-bajaj-vikrant-v15-v12","head-light"
"lumax-head-light-assembly-for-bajaj-discover-110-125-with-drl-without-bulb","head-light"
"lumax-tail-light-assembly-for-hero-passion-x-pro-2018-led-amber","tail-light"
"lumax-tail-light-assembly-for-hero-cbz-xtreme-led-light","tail-light"
"lumax-tail-light-assembly-for-honda-tvs-jupiter-led-light","tail-light"
"lumax-tail-light-assembly-for-honda-activa-3g","tail-light"
"lumax-tail-light-assembly-for-bajaj-vikrant-v15-v12-led-light","tail-light"
"lumax-tail-light-assembly-for-bajaj-pulsar-135cc-led-light","tail-light"
"lumax-tail-light-assembly-for-bajaj-discover-100cc-led-light","tail-light"
"lumax-tail-light-assembly-for-hero-karizma-zmr-with-wire","tail-light"
"lumax-tail-light-assembly-for-hero-hunk","tail-light"
"lumax-tail-light-assembly-for-hero-glamour-fi","tail-light"
"lumax-tail-light-assembly-for-hero-cbz-xtreme-led","tail-light"
"mk-clutch-assembly-for-bajaj-discover-125-led-model","clutch-assembly"
"pricol-analog-speedometer-for-hero-super-splendor","speedometer"
"goetze-engine-block-kit-for-bajaj-platina-es-100cc-47mm-dia-bore-piston-or-cylinder-piston","piston-kit"
"pricol-digital-speedometer-for-honda-shine-sp-125","speedometer"
"pricol-analog-speedometer-for-hero-hf-deluxe-old-model-with-side-stand","speedometer"
"pricol-analog-speedometer-for-hero-passion-plus","speedometer"
"pricol-analog-speedometer-for-honda-activa-2g-3g","speedometer"
"mk-clutch-assembly-for-tvs-phoenix","clutch-assembly"
"clutch-assembly-for-royal-enfield-bullet-350-electra-classic","clutch-assembly"
"clutch-assembly-for-bajaj-pulsar-180-dtsi","clutch-assembly"
"clutch-assembly-for-bajaj-pulsar-135","clutch-assembly"
"clutch-assembly-for-tvs-xl-100","clutch-assembly"
"eauto-clutch-assembly-for-hero-pleasure","clutch-assembly"
"minda-analog-speedometer-assembly-for-tvs-star-city-deluxe","speedometer"
"minda-analog-speedometer-assembly-for-tvs-star-city","speedometer"
"pricol-analog-speedometer-for-hero-splendor-pro-100cc","speedometer"
"pricol-digital-speedometer-for-tvs-apache-digital-amber-led","speedometer"
"pricol-digital-speedometer-for-hero-passion-pro-digital-meter-without-side-stand-sensor","speedometer"
"ucal-bike-carburetor-for-bajaj-pulsar-150-old-model-non-dtsi-k1","carburetor"
"minda-analog-speedometer-assembly-for-suzuki-access-125-new-model","speedometer"
"pricol-analog-speedometer-for-hero-splendor-pro-new","speedometer"
"mukut-analog-speedometer-for-suzuki-access-with-meter-holder-blup","speedometer"
"mukut-digital-speedometer-for-tvs-victor-new-model","speedometer"
"endurance-rear-shock-absorber-for-bajaj-platina-ct-deluxe-black","shock-absorber"
"mukut-fuel-pump-for-hero-hf-deluxe-bs6-fuel-pump-assembly","fuel-pump-assembly"
"pricol-digital-speedometer-for-bajaj-pulsar-150-classic-bs4-with-abs-2017-2020-model","speedometer"
"techlon-bike-carburetor-for-bajaj-pulsar-180-ug3-180-ug4","carburetor"
"techlon-bike-carburetor-for-bajaj-pulsar-150-ug3-150-ug4-180-ug3-180-ug4","carburetor"
"techlon-bike-carburetor-for-bajaj-pulsar-150-dtsi-old-model-without-digital-meter","carburetor"
"techlon-bike-carburetor-for-bajaj-pulsar-200-ns","carburetor"
"techlon-carburetor-for-hero-passion-plus-splendor-plus","carburetor"
"techlon-carburetor-for-tvs-apache-rtr-180","carburetor"
"yamaha-original-rear-shock-absorber-for-yamaha-sz-r-sz-x","shock-absorber"
"yamaha-original-bike-carburetor-for-yamaha-sz-r-sz-x","carburetor"
"ucal-bike-carburetor-for-tvs-xl-super-heavy-duty-70cc","carburetor"
"pricol-analog-speedometer-for-yamaha-crux","speedometer"
"pricol-analog-speedometer-for-hero-pleasure-110-bs-iv","speedometer"
"pricol-analog-speedometer-for-hero-hf-deluxe-new-model-with-side-stand-black-dial","speedometer"
"pricol-analog-speedometer-for-hero-hf-deluxe-new-model-100cc-without-side-stand","speedometer"
"pricol-analog-speedometer-for-honda-activa-old-model","speedometer"
"goetze-piston-cylinder-kit-for-hero-super-splendor-bore-piston-or-block-silver","piston-kit"
"dexo-piston-cylinder-kit-for-suzuki-slingshot-zeus-heat-bore-piston-or-block","piston-kit"
"mukut-fuel-pump-for-tvs-jupiter-bs6-fuel-pump-assembly","fuel-pump-assembly"
"bajaj-original-bike-carburetor-for-bajaj-discover-125-2011-2014-model-dtsi-engine","carburetor"
"ucal-bike-carburetor-for-bajaj-pulsar-180-dtsi","carburetor"
"ucal-bike-carburetor-for-bajaj-pulsar-150-dtsi","carburetor"
"ucal-bike-carburetor-for-royal-enfield-thunderbird-350cc-bs4","carburetor"
"mukut-fuel-pump-motor-for-tvs-jupiter-bs6","fuel-pump-assembly"
"mukut-fuel-pump-motor-for-bajaj-pulsar-200-ns-fi","fuel-pump-assembly"
"ucal-bike-carburetor-for-royal-enfield-thunderbird-500cc","carburetor"
"ucal-bike-carburetor-for-royal-enfield-thunderbird-350cc","carburetor"
"goetze-piston-cylinder-kit-for-tvs-xl-100-4-stroke-bore-piston-or-block-51mm-dia","piston-kit"
"goetze-piston-cylinder-kit-for-hero-splendor-ismart-i3s-hf-deluxe-bore-piston-or-block-50mm-dia","piston-kit"
"pricol-digital-speedometer-for-bajaj-avenger-220-cruise","speedometer"
"pricol-digital-speedometer-for-yamaha-fzs-fazer-150-cc-v2","speedometer"
"pricol-digital-speedometer-for-yamaha-fz-s-150-cc-red","speedometer"
"pricol-digital-speedometer-for-tvs-apache-rtr-160-abs-white-display","speedometer"
"pricol-digital-speedometer-for-tvs-apache-rtr-161","speedometer"
"mikcarb-bike-carburetor-for-yamaha-rx-100","carburetor"
"mikcarb-bike-carburetor-for-yamaha-rx-135-rxg","carburetor"
"bajaj-original-piston-cylinder-kit-for-bajaj-discover-150f-150s-bore-piston-or-block","piston-kit"
"bajaj-original-carburetor-for-bajaj-vikrant-v15","carburetor"
"bajaj-original-bike-carburetor-for-bajaj-discover-150-2010-2013-model","carburetor"
"bajaj-original-carburetor-for-bajaj-pulsar-150-ug4-all-digital-models","carburetor"
"ucal-bike-carburetor-for-tvs-apache-rtr-180cc","carburetor"
"mukut-fuel-pump-for-royal-enfield-bullet-bs6-fuel-pump-assembly","fuel-pump-assembly"
"rear-brake-drum-for-mahindra-duro","brake-drum"
"rear-brake-drum-for-yamaha-ray","brake-drum"
"rear-brake-drum-for-suzuki-access-new-model","brake-drum"
"rear-brake-drum-for-suzuki-access-old-model","brake-drum"
"rear-brake-drum-for-honda-activa-old-model","brake-drum"
"rear-brake-drum-for-honda-activa-new-model-3g-4g","brake-drum"
"front-brake-drum-for-honda-activa-new-model","brake-drum"
"front-brake-drum-for-activa-old-model","brake-drum"
"minda-lock-set-for-hero-duet","ignition-lock-set"
"minda-lock-set-for-maestro-edge-old-model","ignition-lock-set"
"rolon-chain-sprocket-kit-for-yamaha-fz-v2-150cc-6-hole-41t-14t-128l","chain-sprocket"
"rolon-chain-sprocket-kit-for-bajaj-pulsar-220cc-4-hole-37t-14t-104l","chain-sprocket"
"rolon-chain-sprocket-kit-for-honda-stunner-cbf-pgm-fi-125cc-4-hole-42t-16t-118l","chain-sprocket"
"mukut-cdi-for-honda-activa-3g-part-no-kwpl","cdi"
"eauto-carburetor-for-mahindra-duro-rodeo","carburetor"
"varroc-self-starter-motor-for-hero-splendor-110","starter-motor"
"pricol-analog-speedometer-for-tvs-star-city-upgraded","speedometer"
"pricol-analog-speedometer-for-tvs-jive","speedometer"
"copy-of-pricol-digital-speedometer-for-bajaj-pulsar-180-ug4-bike-manufactured-before-jan-2014-part-no-dj191071","speedometer"
"pricol-analog-speedometer-for-hero-glamour","speedometer"
"pricol-digital-speedometer-for-bajaj-pulsar-150-ug4-bike-manufactured-before-aug-2013","speedometer"
"spark-minda-ignition-lock-set-for-bajaj-pulsar-150-jan-2006-onwards","ignition-lock-set"
"varroc-self-starter-motor-for-bajaj-avenger-till-2010-model","starter-motor"
"varroc-self-starter-motor-for-bajaj-pulsar-220-avenger-220-grey-colour-part-no-dk09","starter-motor"
"gabriel-rear-shock-absorber-for-honda-shine-grey-set-of-2","shock-absorber"
"cdi-for-honda-activa-110-part-no-kwpa","cdi"
"cdi-for-honda-activa-new-model-dio-old-model","cdi"
"cdi-for-honda-aviator-het-dio-new-model-part-no-kvtj-1","cdi"
"mukut-cdi-for-honda-aviator-dio-new-model-part-no-kvth","cdi"
"minda-lock-set-for-hero-glamour-4-pin-coupler","ignition-lock-set"
"spark-minda-ignition-lock-set-for-bajaj-discover-100-kt-2152lz","ignition-lock-set"
"dexo-engine-block-kit-for-lml-freedom-bore-piston-or-cylinder-piston","piston-kit"
"mukut-cdi-for-honda-activa-125-part-no-k24a","cdi"
"dexo-engine-block-kit-for-bajaj-pulsar-180-ug4-bore-piston-or-cylinder-piston","piston-kit"
"dexo-piston-cylinder-kit-for-yamaha-r15-v2-bore-piston-or-block","piston-kit"
"cdi-for-honda-activa-4g-5g-part-no-kwpm","cdi"
"pricol-digital-speedometer-for-bajaj-pulsar-150-bs4-with-abs","speedometer"
"mukut-analog-speedometer-for-hero-super-splendor-new-i3s-model-side-stand-sensor","speedometer"
"pricol-digital-speedometer-for-bajaj-pulsar-200-ns-bs4-2017-2019-model-non-abs","speedometer"
"mukut-front-brake-disc-caliper-for-tvs-apache-rtr-160-180-black","brake-disc"
"pricol-digital-speedometer-for-bajaj-pulsar-125","speedometer"
"pricol-digital-speedometer-for-bajaj-pulsar-150-twin-disc-abs","speedometer"
"pricol-digital-speedometer-for-bajaj-discover-110","speedometer"
"pricol-analog-speedometer-for-hero-hf-deluxe","speedometer"
"pricol-analog-speedometer-for-honda-activa-4g","speedometer"
"pricol-digital-speedometer-for-honda-cb-shine","speedometer"
"pricol-analog-speedometer-for-tvs-scooty-pep-plus-1","speedometer"
"pricol-analog-speedometer-for-hero-discover-125","speedometer"
"pricol-analog-speedometer-for-hero-splendor-classic","speedometer"
"pricol-digital-speedometer-for-yamaha-fz-16-new-model","speedometer"
"pricol-analog-speedometer-for-bajaj-pulsar-150-ug3-180-ug3","speedometer"
"pricol-analog-speedometer-for-bajaj-discover-100","speedometer"
"pricol-analog-speedometer-for-hero-passion-pro","speedometer"
"pricol-analog-speedometer-for-yamaha-rx-100-135","speedometer"
"pricol-analog-speedometer-for-hero-splendor","speedometer"
"pricol-analog-speedometer-for-hero-splendor-pro","speedometer"
"mukut-fuel-pump-motor-for-honda-activa-6g","fuel-pump-assembly"
"mukut-fuel-pump-motor-for-yamaha-fz-fi-v2","fuel-pump-assembly"
"mukut-fuel-pump-motor-for-royal-enfield-bullet","fuel-pump-assembly"
"mukut-fuel-pump-motor-for-honda-cbr-250","fuel-pump-assembly"
"mukut-fuel-pump-motor-for-honda-cbr-150","fuel-pump-assembly"
"mukut-fuel-pump-motor-for-hero-zmr","fuel-pump-assembly"
"mukut-fuel-pump-motor-for-yamaha-r15-v3","fuel-pump-assembly"
"mukut-fuel-pump-motor-for-yamaha-r15-v1","fuel-pump-assembly"
"mukut-fuel-pump-motor-for-hero-glamour-fi-bs6","fuel-pump-assembly"
"pricol-analog-speedometer-for-tvs-jupiter-classic","speedometer"
"pricol-digital-speedometer-for-bajaj-discover-135","speedometer"
"pricol-digital-speedometer-for-tvs-apache-rtr-180","speedometer"
"mukut-rear-brake-disc-caliper-for-yamaha-fz-250","brake-disc"
"rear-brake-disc-plate-for-tvs-apache-rtr-200","brake-disc"
"mukut-analog-speedometer-assembly-for-hero-glamour","speedometer"
"mukut-digital-speedometer-for-honda-livo-bs4","speedometer"
"vrm-piston-kit-for-mahindra-duro-flyte-rodeo","piston-kit"
"vrm-piston-kit-for-yamaha-rxg","piston-kit"
"vrm-piston-kit-for-yamaha-sz-rr-v2-150-cc","piston-kit"
"vrm-piston-kit-for-yamaha-ybx-enticer-gladiator","piston-kit"
"vrm-piston-kit-for-yamaha-crux-libero","piston-kit"
"vrm-piston-kit-for-yamaha-r15","piston-kit"
"vrm-piston-kit-for-yamaha-fz-s-fz-16-fazer","piston-kit"
"vrm-piston-kit-for-suzuki-gixxer","piston-kit"
"vrm-piston-kit-for-suzuki-access-125-new-lets","piston-kit"
"vrm-piston-kit-for-suzuki-hayate","piston-kit"
"vrm-piston-kit-for-suzuki-heat-zeus-access","piston-kit"
"vrm-piston-kit-for-tvs-xl-super-100","piston-kit"
"vrm-piston-kit-for-tvs-xl-super-70-hd","piston-kit"
"vrm-piston-kit-for-tvs-ax-100-max-100","piston-kit"
"vrm-piston-kit-for-tvs-victor","piston-kit"
"vrm-piston-kit-for-tvs-flame","piston-kit"
"vrm-piston-kit-for-tvs-phoenix","piston-kit"
"vrm-piston-kit-for-tvs-fiero-apache-150","piston-kit"
"vrm-piston-kit-for-tvs-apache-rtr-180","piston-kit"
"vrm-piston-kit-for-tvs-apache-rtr-160","piston-kit"
"vrm-piston-kit-for-tvs-scooty-pep-plus","piston-kit"
"vrm-piston-kit-for-tvs-scooty-pep","piston-kit"
"vrm-piston-kit-for-tvs-star-110-star-sport-wego","piston-kit"
"vrm-piston-kit-for-tvs-centra-star-star-city","piston-kit"
"vrm-piston-kit-for-hero-passion-x-pro","piston-kit"
"vrm-piston-kit-for-honda-cbr-150r-4v","piston-kit"
"vrm-piston-kit-for-honda-twister-dream-yuga","piston-kit"
"vrm-piston-kit-for-honda-eterno-150","piston-kit"
"vrm-piston-kit-for-honda-activa-125","piston-kit"
"vrm-piston-kit-for-honda-activa-deluxe-new-110-3g-het","piston-kit"
"vrm-piston-kit-for-honda-activa-110-aviator","piston-kit"
"vrm-piston-kit-for-honda-activa-100","piston-kit"
"vrm-piston-kit-for-honda-shine","piston-kit"
"vrm-piston-kit-for-hero-ambition","piston-kit"
"vrm-piston-kit-for-hero-karizma","piston-kit"
"vrm-piston-kit-for-hero-cbz","piston-kit"
"vrm-piston-kit-for-hero-unicorn-160-hornet","piston-kit"
"vrm-piston-kit-for-hero-hunk-achiever","piston-kit"
"vrm-piston-kit-for-honda-unicorn","piston-kit"
"vrm-piston-kit-for-hero-super-splendor-glamour","piston-kit"
"vrm-piston-kit-for-hero-splendor-100-passion","piston-kit"
"vrm-piston-kit-for-hero-cd-100","piston-kit"
"vrm-piston-kit-for-bajaj-vikrant-v15","piston-kit"
"vrm-piston-kit-for-bajaj-discover-125-power-new","piston-kit"
"vrm-piston-kit-for-bajaj-discover-125-st-4-valve","piston-kit"
"vrm-piston-kit-for-bajaj-discover-150","piston-kit"
"vrm-piston-kit-for-bajaj-discover-135","piston-kit"
"vrm-piston-kit-for-bajaj-discover-125","piston-kit"
"vrm-piston-kit-for-bajaj-discover-100m","piston-kit"
"vrm-piston-kit-for-bajaj-discover-100","piston-kit"
"vrm-piston-kit-for-bajaj-pulsar-220","piston-kit"
"vrm-piston-kit-for-bajaj-pulsar-150-as-rs","piston-kit"
"vrm-piston-kit-for-bajaj-pulsar-180-avenger","piston-kit"
"vrm-piston-kit-for-bajaj-pulsar-150","piston-kit"
"vrm-piston-kit-for-bajaj-pulsar-dtsi-150-ug4","piston-kit"
"vrm-piston-kit-for-bajaj-pulsar-135","piston-kit"
"vrm-piston-kit-for-bajaj-platina-125-es","piston-kit"
"vrm-piston-kit-for-bajaj-ct-100-platina-100","piston-kit"
"vrm-piston-kit-for-bajaj-caliber","piston-kit"
"vrm-piston-kit-for-bajaj-xcd-135-platina-135","piston-kit"
"vrm-piston-kit-for-bajaj-xcd-125-platina-125","piston-kit"
"vrm-piston-kit-for-bajaj-kb4s-boxer-100","piston-kit"
"ensons-petrol-tank-for-yamaha-rx100-rx135-rxg-wine-red-golden","petrol-tank"
"ensons-petrol-tank-for-yamaha-rx100-rx135-rxg-black-golden","petrol-tank"
"enson-petrol-tank-for-hero-achiever-black-silver","petrol-tank"
"ensons-petrol-tank-for-bajaj-discover-135-125-old-model-red","petrol-tank"
"ensons-petrol-tank-for-bajaj-ct-100-black-red","petrol-tank"
"ensons-petrol-tank-for-bajaj-platina-100-new-model-silver-grey","petrol-tank"
"ensons-petrol-tank-for-tvs-star-city-plus-black-silver","petrol-tank"
"ensons-petrol-tank-for-hero-cbz-old-model-silver","petrol-tank"
"ensons-petrol-tank-for-bajaj-platina-125-red-golden","petrol-tank"
"ensons-petrol-tank-for-suzuki-max-100-black-golden","petrol-tank"
"ensons-petrol-tank-for-suzuki-max-100-black-red","petrol-tank"
"ensons-petrol-tank-for-hero-passion-pro-silver-black","petrol-tank"
"ensons-petrol-tank-for-hero-splendor-nxg-black-silver","petrol-tank"
"ensons-petrol-tank-for-hero-glamour-type-3-type-4-black","petrol-tank"
"ensons-petrol-tank-for-hero-glamour-type-2-black-grey","petrol-tank"
"enson-petrol-tank-white-tvs-apache-rtr-180","petrol-tank"
"enson-petrol-tank-red-white-tvs-star-sports","petrol-tank"
"enson-petrol-tank-black-blue-tvs-star-sports","petrol-tank"
"enson-petrol-tank-black-yamaha-gladiator","petrol-tank"
"enson-petrol-tank-silver-yamaha-crux-crux-r","petrol-tank"
"enson-petrol-tank-wine-red-yamaha-crux-crux-r","petrol-tank"
"enson-petrol-tank-black-yamaha-crux-crux-r","petrol-tank"
"enson-petrol-tank-blue-yamaha-rx100-rx135-rxg","petrol-tank"
"enson-petrol-tank-silver-yamaha-rx100-rx135-rxg","petrol-tank"
"enson-petrol-tank-wine-red-yamaha-rx100-rx135-rxg","petrol-tank"
"enson-petrol-tank-black-yamaha-rx100-rx135-rxg","petrol-tank"
"enson-petrol-tank-red-honda-twister","petrol-tank"
"enson-petrol-tank-black-tvs-apache-rtr-180","petrol-tank"
"enson-petrol-tank-white-tvs-apache-rtr-160","petrol-tank"
"enson-petrol-tank-grey-tvs-apache-rtr-160","petrol-tank"
"enson-petrol-tank-red-tvs-apache-rtr-160","petrol-tank"
"enson-petrol-tank-black-tvs-apache-rtr-160","petrol-tank"
"enson-petrol-tank-black-tvs-apache-150","petrol-tank"
"enson-petrol-tank-red-tvs-apache-150","petrol-tank"
"enson-petrol-tank-red-suzuki-samurai","petrol-tank"
"enson-petrol-tank-blue-suzuki-max-100","petrol-tank"
"enson-petrol-tank-wine-red-honda-shine-type-4-type-5","petrol-tank"
"enson-petrol-tank-grey-honda-shine-type-4-type-5","petrol-tank"
"enson-petrol-tank-black-grey-honda-shine-type-4-type-5","petrol-tank"
"enson-petrol-tank-black-red-honda-shine-type-4-type-5","petrol-tank"
"enson-petrol-tank-black-red-honda-unicorn-new-model","petrol-tank"
"enson-petrol-tank-wine-red-honda-unicorn-old-model","petrol-tank"
"enson-petrol-tank-silver-honda-unicorn-old-model","petrol-tank"
"enson-petrol-tank-red-honda-unicorn-old-model","petrol-tank"
"enson-petrol-tank-black-honda-unicorn-old-model","petrol-tank"
"enson-petrol-tank-grey-honda-cb-shine-deluxe-1","petrol-tank"
"enson-petrol-tank-silver-hero-splendor-nxg","petrol-tank"
"enson-petrol-tank-red-hero-splendor-nxg","petrol-tank"
"enson-petrol-tank-grey-silver-hero-super-splendor-alloy-wheel-type-4-glamour-type-tank-lock","petrol-tank"
"enson-petrol-tank-t-blue-hero-super-splendor-alloy-wheel-type-4-glamour-type-tank-lock","petrol-tank"
"enson-petrol-tank-red-hero-super-splendor-alloy-wheel-type-4-glamour-type-tank-lock","petrol-tank"
"enson-petrol-tank-black-grey-hero-super-splendor-alloy-wheel-type-4-glamour-type-tank-lock","petrol-tank"
"enson-petrol-tank-black-blue-hero-super-splendor-alloy-wheel-type-4-glamour-type-tank-lock","petrol-tank"
"enson-petrol-tank-red-hero-super-splendor-alloy-wheel-new-model","petrol-tank"
"enson-petrol-tank-black-red-hero-super-splendor-alloy-wheel-new-model","petrol-tank"
"enson-petrol-tank-black-blue-hero-super-splendor-alloy-wheel-new-model","petrol-tank"
"enson-petrol-tank-black-grey-hero-splendor-pro-2016-bs4","petrol-tank"
"enson-petrol-tank-red-hero-splendor-pro","petrol-tank"
"enson-petrol-tank-black-red-hero-splendor-pro","petrol-tank"
"enson-petrol-tank-black-grey-hero-splendor-pro","petrol-tank"
"enson-petrol-tank-black-silver-or-grey-hero-splendor-plus-alloy-wheel","petrol-tank"
"enson-petrol-tank-t-blue-with-yellow-silver-sticker-hero-splendor-plus","petrol-tank"
"enson-petrol-tank-silver-blue-hero-splendor-plus","petrol-tank"
"enson-petrol-tank-black-orange-hero-splendor-plus","petrol-tank"
"enson-petrol-tank-black-red-hero-splendor-plus","petrol-tank"
"enson-petrol-tank-black-blue-hero-splendor-plus","petrol-tank"
"ensons-petrol-tank-for-hero-passion-pro-black-silver","petrol-tank"
"enson-petrol-tank-silver-blue-hero-splendor-ismart","petrol-tank"
"enson-petrol-tank-silver-black-hero-splendor-ismart","petrol-tank"
"enson-petrol-tank-silver-red-hero-splendor-ismart","petrol-tank"
"enson-petrol-tank-silver-green-hero-splendor-ismart","petrol-tank"
"enson-petrol-tank-black-blue-hero-splendor-nxg","petrol-tank"
"enson-petrol-tank-white-hero-karizma-r","petrol-tank"
"enson-petrol-tank-yellow-black-hero-karizma-r","petrol-tank"
"enson-petrol-tank-black-white-hero-karizma-r","petrol-tank"
"enson-petrol-tank-h-red-hero-passion-x-pro","petrol-tank"
"enson-petrol-tank-black-blue-hero-passion-x-pro","petrol-tank"
"enson-petrol-tank-black-grey-hero-passion-x-pro","petrol-tank"
"enson-petrol-tank-blue-black-hero-passion-pro","petrol-tank"
"enson-petrol-tank-sports-h-red-hero-passion-pro","petrol-tank"
"enson-petrol-tank-black-red-hero-passion-pro","petrol-tank"
"enson-petrol-tank-black-blue-hero-passion-pro","petrol-tank"
"enson-petrol-tank-wine-red-silver-hero-passion-plus-alloy-wheel","petrol-tank"
"enson-petrol-tank-sports-red-black-hero-passion-plus-alloy-wheel","petrol-tank"
"enson-petrol-tank-black-red-hero-passion-plus-alloy-wheel","petrol-tank"
"enson-petrol-tank-black-blue-hero-passion-plus-alloy-wheel","petrol-tank"
"enson-petrol-tank-red-purple-hero-passion-plus","petrol-tank"
"enson-petrol-tank-wine-red-golden-hero-passion-plus","petrol-tank"
"enson-petrol-tank-silver-blue-hero-passion-plus","petrol-tank"
"enson-petrol-tank-black-red-hero-passion-plus","petrol-tank"
"enson-petrol-tank-black-blue-hero-passion-plus","petrol-tank"
"enson-petrol-tank-m-blue-hero-passion-old-model","petrol-tank"
"enson-petrol-tank-black-pink-hero-passion-old-model","petrol-tank"
"enson-petrol-tank-black-golden-hero-passion-old-model","petrol-tank"
"enson-petrol-tank-black-hero-hunk","petrol-tank"
"enson-petrol-tank-black-blue-hero-glamour-type-3-type-4","petrol-tank"
"enson-petrol-tank-black-red-hero-glamour-type-3-type-4","petrol-tank"
"enson-petrol-tank-red-hero-glamour-type-2","petrol-tank"
"enson-petrol-tank-silver-grey-hero-glamour-type-2","petrol-tank"
"enson-petrol-tank-black-red-hero-glamour-type-2","petrol-tank"
"enson-petrol-tank-black-blue-hero-glamour-type-2","petrol-tank"
"enson-petrol-tank-silver-blue-hero-hf-deluxe-2016","petrol-tank"
"enson-petrol-tank-black-red-hero-hf-deluxe-2016","petrol-tank"
"enson-petrol-tank-black-blue-hero-hf-deluxe-2016","petrol-tank"
"enson-petrol-tank-silver-blue-hero-cd-deluxe-new-model","petrol-tank"
"enson-petrol-tank-red-orange-hero-cd-deluxe-new-model","petrol-tank"
"enson-petrol-tank-black-red-hero-cd-deluxe-new-model","petrol-tank"
"enson-petrol-tank-black-blue-hero-cd-deluxe-new-model","petrol-tank"
"enson-petrol-tank-black-blue-hero-cd-dawn-deluxe","petrol-tank"
"enson-petrol-tank-w-red-golden-hero-cd-dawn-deluxe","petrol-tank"
"enson-petrol-tank-c-red-orange-hero-cd-dawn-deluxe","petrol-tank"
"enson-petrol-tank-black-golden-hero-cd-dawn-deluxe","petrol-tank"
"enson-petrol-tank-blue-hero-cd-dawn-new-model","petrol-tank"
"enson-petrol-tank-w-red-golden-hero-cd-dawn-new-model","petrol-tank"
"enson-petrol-tank-c-red-orange-hero-cd-dawn-new-model","petrol-tank"
"enson-petrol-tank-black-yellow-hero-cd-dawn-new-model","petrol-tank"
"enson-petrol-tank-silver-black-hero-cd-dawn","petrol-tank"
"enson-petrol-tank-w-red-golden-hero-cd-dawn","petrol-tank"
"enson-petrol-tank-black-blue-hero-cd-dawn","petrol-tank"
"enson-petrol-tank-black-red-hero-cd-dawn","petrol-tank"
"enson-petrol-tank-red-hero-cd-100","petrol-tank"
"enson-petrol-tank-black-hero-cd-100","petrol-tank"
"enson-petrol-tank-blue-bajaj-pulsar-135","petrol-tank"
"enson-petrol-tank-red-bajaj-pulsar-135","petrol-tank"
"enson-petrol-tank-black-bajaj-pulsar-135","petrol-tank"
"enson-petrol-tank-black-red-bajaj-platina-100es-2014-model","petrol-tank"
"enson-petrol-tank-black-grey-bajaj-platina-100es-2014-model","petrol-tank"
"enson-petrol-tank-black-blue-bajaj-platina-125","petrol-tank"
"enson-petrol-tank-black-maroon-bajaj-platina-125","petrol-tank"
"enson-petrol-tank-black-grey-bajaj-platina-125","petrol-tank"
"enson-petrol-tank-silver-bajaj-platina-100","petrol-tank"
"enson-petrol-tank-blue-bajaj-platina-100","petrol-tank"
"enson-petrol-tank-black-blue-bajaj-platina-100","petrol-tank"
"enson-petrol-tank-black-maroon-bajaj-platina-100","petrol-tank"
"enson-petrol-tank-black-grey-bajaj-platina-100","petrol-tank"
"enson-petrol-tank-black-grey-bajaj-discover-135-digital-kann-type","petrol-tank"
"enson-petrol-tank-black-blue-bajaj-discover-135-125-old-model","petrol-tank"
"enson-petrol-tank-black-bajaj-xcd-135","petrol-tank"
"enson-petrol-tank-black-bajaj-xcd-125","petrol-tank"
"enson-petrol-tank-blue-bajaj-pulsar-150-180-ug3-ug4-with-monogram","petrol-tank"
"enson-petrol-tank-red-bajaj-pulsar-150-180-ug3-ug4-with-monogram","petrol-tank"
"enson-petrol-tank-black-bajaj-pulsar-150-180-ug3-ug4-with-monogram","petrol-tank"
"enson-petrol-tank-red-bajaj-pulsar-150-180-ug2-old-model","petrol-tank"
"enson-petrol-tank-black-bajaj-pulsar-150-180-ug2-old-model","petrol-tank"
"enson-petrol-tank-black-blue-bajaj-discover-125m-100m","petrol-tank"
"enson-petrol-tank-black-red-bajaj-discover-125m-100m","petrol-tank"
"enson-petrol-tank-red-silver-bajaj-ct-100","petrol-tank"
"enson-petrol-tank-black-grey-bajaj-ct-100","petrol-tank"
"enson-petrol-tank-black-green-3d-bajaj-discover-100-125-new-model-150","petrol-tank"
"enson-petrol-tank-black-purple-bajaj-discover-100-125-new-model-150","petrol-tank"
"enson-petrol-tank-black-red-bajaj-discover-100-125-new-model-150","petrol-tank"
"enson-petrol-tank-black-blue-bajaj-discover-100-125-new-model-150","petrol-tank"
"enson-petrol-tank-red-golden-bajaj-caliber-115","petrol-tank"
"enson-petrol-tank-black-red-bajaj-caliber-115","petrol-tank"
"enson-petrol-tank-black-green-bajaj-caliber-115","petrol-tank"
"enson-petrol-tank-silver-bajaj-boxer-ct-deluxe","petrol-tank"
"enson-petrol-tank-blue-bajaj-boxer-ct-deluxe","petrol-tank"
"enson-petrol-tank-red-bajaj-boxer-ct-deluxe","petrol-tank"
"enson-petrol-tank-black-bajaj-boxer-ct-deluxe","petrol-tank"
"rolon-chain-sprocket-kit-for-honda-motorcycles","chain-sprocket"
"mukut-fuel-pump-for-yamaha-fz-fi-v2-fuel-pump-assembly","fuel-pump-assembly"
"mukut-fuel-pump-for-hero-glamour-fi-fuel-pump-assembly","fuel-pump-assembly"
"mukut-fuel-pump-for-honda-cbr-250-fuel-pump-assembly","fuel-pump-assembly"
"mukut-fuel-pump-for-honda-cbr-150-fuel-pump-assembly","fuel-pump-assembly"
"mukut-cdi-for-honda-dream-neo-part-no-k23","cdi"
"mukut-cdi-for-honda-dream-yuga-part-no-k14","cdi"
"mukut-cdi-for-honda-activa-het-part-no-kwpg","cdi"
"mukut-cdi-for-honda-dio-latest-model","cdi"
"mukut-cdi-for-yamaha-gladiator-125-self-start-part-no-ss125","cdi"
"mukut-cdi-for-honda-activa-125","cdi"
"mukut-cdi-for-yamaha-fz-s-sz-r","cdi"
"mukut-cdi-for-yamaha-fz-old-model-fazer-new","cdi"
"mukut-cdi-for-suzuki-access-125-old-model-part-no-g50","cdi"
"mukut-cdi-for-honda-shine-part-no-kte","cdi"
"mukut-cdi-for-hero-cbz-xtreme-hunk-part-no-kspg","cdi"
"mukut-cdi-for-yamaha-alba-ybr-110","cdi"
"mukut-cdi-for-yamaha-r15-part-no-ick","cdi"
"mukut-cdi-for-yamaha-r15-part-no-38b","cdi"
"mukut-digital-speedometer-for-honda-livo-bs6","speedometer"
"mukut-digital-speedometer-for-honda-shine-sp-bs6","speedometer"
"mukut-analog-speedometer-for-honda-shine-bs6","speedometer"
"mukut-analog-speedometer-for-honda-cb-shine-deluxe-2015-model","speedometer"
"mukut-analog-speedometer-for-honda-cb-shine","speedometer"
"mukut-analog-speedometer-for-honda-activa-6g","speedometer"
"mukut-digital-speedometer-for-hero-splendor-plus-bs6-with-holder","speedometer"
"mukut-digital-speedometer-for-hero-glamour-2020-bs6","speedometer"
"mukut-rear-brake-disc-caliper-for-yamaha-r15-v3-with-bracket","brake-disc"
"one-way-clutch-for-bajaj-pulsar-200-ns","clutch-plate"
"mukut-front-disc-brake-master-cylinder-assembly-royal-enfield-bullet-new-model","brakes"
"mukut-front-disc-brake-master-cylinder-assembly-for-royal-enfield-bullet-old-model","brakes"
"rear-brake-disc-plate-royal-enfield-bullet-all-models","brake-disc"
"front-brake-disc-plate-royal-enfield-bullet","brake-disc"
"front-brake-disc-plate-tvs-phoenix","brake-disc"
"front-brake-disc-plate-tvs-ntorq","brake-disc"
"front-brake-disc-plate-bajaj-avenger-all-models","brake-disc"
"mukut-rear-disc-brake-plate-yamaha-fz-250","brake-disc"
"rolon-chain-sprocket-kit-for-bajaj-pulsar-160-ns-twin-disc4hole-37t-15t-136l","chain-sprocket"
"rolon-chain-sprocket-kit-for-bajaj-pulsar-150-as-150-rs4hole-45t-15t-134l","chain-sprocket"
"rolon-chain-sprocket-kit-for-bajaj-dominar-2506hole-46t-14t-120l","chain-sprocket"
"rolon-chain-sprocket-kit-for-bajaj-dominar-4006hole-45t-15t-120l","chain-sprocket"
"rolon-chain-sprocket-kit-for-bajaj-vikrant-v124hole-43t-14t-124l","chain-sprocket"
"rolon-chain-sprocket-kit-for-hero-cbz-xtreme-200-r-200-s4hole-37t-13t-106l","chain-sprocket"
"rolon-chain-sprocket-kit-for-hero-impulse6hole-50t-17t-130l","chain-sprocket"
"rolon-chain-sprocket-kit-for-yamaha-mt-156hole-52t-14t-130l","chain-sprocket"
"rolon-chain-sprocket-kit-for-yamaha-fz-250-fazer-2506hole-46t-15t-136l","chain-sprocket"
"rolon-chain-sprocket-kit-for-honda-x-blade4hole-45t-15t-130l","chain-sprocket"
"rolon-chain-sprocket-kit-for-honda-cbr-150-r4hole-43t-15t-126l","chain-sprocket"
"rolon-chain-sprocket-kit-for-suzuki-gixxer-250-sf6hole-34t-14t-106l","chain-sprocket"
"rolon-chain-sprocket-kit-for-suzuki-gixxer-sf4hole-45t-15t-132l","chain-sprocket"
"rolon-chain-sprocket-kit-for-bajaj-avenger-180-street","chain-sprocket"
"rolon-chain-sprocket-kit-for-bajaj-vikrant-v15","chain-sprocket"
"rolon-chain-sprocket-kit-for-bajaj-avenger-150-street-200-6hole-38t-14t-110l","chain-sprocket"
"rolon-chain-sprocket-kit-for-bajaj-pulsar-180-ug4","chain-sprocket"
"rolon-chain-sprocket-kit-for-bajaj-pulsar-150-ns-160-ns-old-4hole-42t-15t-122l","chain-sprocket"
"rolon-chain-sprocket-kit-for-tvs-apache-new-rtr-160-4v-4hole-45t-13t-138l","chain-sprocket"
"rolon-chain-sprocket-kit-for-yamaha-fz-v3-fz-v2-rear-disc-fi-6hole-41t-14t-128l","chain-sprocket"
"rolon-chain-sprocket-kit-for-yamaha-fz-v3-v2-rear-disc-fi-6-hole-41t-14t-128l","chain-sprocket"
"rolon-chain-sprocket-kit-for-yamaha-r15-v2-6hole","chain-sprocket"
"rolon-chain-sprocket-kit-for-yamaha-r15-v1-yzf-r15-s-6hole","chain-sprocket"
"rolon-chain-sprocket-kit-for-yamaha-fz16-fzs-fazer-150-6hole-40t-14t-128l","chain-sprocket"
"rolon-chain-sprocket-kit-for-yamaha-r15-v3-6-hole","chain-sprocket"
"rolon-chain-sprocket-kit-for-honda-cb-unicorn-dazzler-150-42t-15t-126l","chain-sprocket"
"rolon-chain-sprocket-kit-for-honda-dream-neo-110-cd-110-dream-41t-14t-116l","chain-sprocket"
"spark-minda-ignition-lock-set-for-bajaj-pulsar-200-rs-bs4","ignition-lock-set"
"spark-minda-ignition-lock-set-for-bajaj-pulsar-160-ns-bs4","ignition-lock-set"
"spark-minda-ignition-lock-set-for-bajaj-pulsar-200-ns-bs4-only-lock","ignition-lock-set"
"spark-minda-ignition-lock-set-for-bajaj-pulsar-200-ns-bs4","ignition-lock-set"
"spark-minda-ignition-lock-set-for-yamaha-mt-15-bs6","ignition-lock-set"
"spark-minda-ignition-lock-set-for-royal-enfield-bullet-350-classic","ignition-lock-set"
"spark-minda-ignition-lock-set-for-honda-activa-110-125-6g-bs6-dio-grazia","ignition-lock-set"
"silencer-for-hero-passion-pro-latest-model","silencer"
"silencer-for-tvs-jupiter","silencer"
"silencer-for-hero-pleasure","silencer"
"silencer-for-bajaj-platina-100-es","silencer"
"silencer-for-bajaj-pulsar-180-ug3-ug4","silencer"
"silencer-for-bajaj-avenger-220","silencer"
"silencer-for-hero-passion-pro","silencer"
"silencer-for-hero-karizma","silencer"
"silencer-for-yamaha-ybr-110-black","silencer"
"silencer-for-tvs-centra","silencer"
"silencer-for-lml-freedom","silencer"
"silencer-for-hero-passio-pro","silencer"
"silencer-for-bajaj-discover-100","silencer"
"silencer-for-honda-shine-stunner","silencer"
"silencer-for-bajaj-pulsar-220","silencer"
"silencer-for-bajaj-caliber-115","silencer"
"silencer-for-bajaj-caliber","silencer"
"silencer-for-honda-cb-twister","silencer"
"silencer-for-honda-unicorn","silencer"
"silencer-for-hero-ambition","silencer"
"silencer-for-hero-cbz-old-model","silencer"
"silencer-for-hero-cbz-xtreme","silencer"
"silencer-for-hero-hunk","silencer"
"silencer-for-hero-glamour-black","silencer"
"silencer-for-tvs-star-sport-black","silencer"
"silencer-for-bajaj-platina-125","silencer"
"silencer-for-bajaj-platina-100","silencer"
"silencer-for-tvs-scooty-pep-plus","silencer"
"silencer-for-honda-dio-new-model","silencer"
"silencer-for-honda-dio-old-model","silencer"
"silencer-for-suzuki-access-125","silencer"
"silencer-for-honda-aviator","silencer"
"silencer-for-honda-activa-new-model-3g-4g","silencer"
"silencer-for-honda-activa-old-model","silencer"
"silencer-for-tvs-victor-victor-gl","silencer"
"silencer-for-yamaha-crux-crux-r","silencer"
"silencer-for-yamaha-rx-100","silencer"
"silencer-for-hero-cd-deluxe-cd-dawn","silencer"
"silencer-for-hero-splendor-plus-passion-old-model","silencer"
"silencer-for-hero-splendor-old-model","silencer"
"silencer-for-hero-passion-plus-with-cover-steel","silencer"
"silencer-for-yamaha-libero-g5-alba","silencer"
"silencer-for-bajaj-xcd-125-black","silencer"
"silencer-for-tvs-star-city-black","silencer"
"silencer-for-tvs-star-city-steel","silencer"
"silencer-for-bajaj-discover-112-steel","silencer"
"silencer-for-bajaj-pulsar-150-dtsi-ug2-ug3-ug4-black","silencer"
"silencer-for-bajaj-pulsar-150-dtsi-ug2-ug3-ug4-steel","silencer"
"silencer-for-bajaj-discover-125-135-black","silencer"
"silencer-for-bajaj-discover-125-135-steel","silencer"
"spark-minda-ignition-lock-set-for-suzuki-gixxer-sf","ignition-lock-set"
"spark-minda-ignition-lock-set-for-suzuki-intruder","ignition-lock-set"
"spark-minda-ignition-lock-set-for-hero-impulse","ignition-lock-set"
"spark-minda-ignition-lock-set-for-hero-glamour-fi-150r","ignition-lock-set"
"spark-minda-ignition-lock-set-for-honda-cbr-150r","ignition-lock-set"
"spark-minda-ignition-lock-set-for-bajaj-pulsar-200-ns-only-petrol-tank-cap","ignition-lock-set"
"spark-minda-ignition-lock-set-for-yamaha-r15-v3","ignition-lock-set"
"spark-minda-ignition-lock-set-for-hero-karizma-zmr","ignition-lock-set"
"spark-minda-ignition-lock-set-for-bajaj-vikrant-v12","ignition-lock-set"
"spark-minda-ignition-lock-set-for-suzuki-gs-150r","ignition-lock-set"
"spark-minda-ignition-lock-set-for-tvs-flame","ignition-lock-set"
"spark-minda-ignition-lock-set-for-hero-karizma-old-model","ignition-lock-set"
"spark-minda-ignition-lock-set-for-honda-cb-unicorn-dazzler","ignition-lock-set"
"spark-minda-ignition-lock-set-for-bajaj-vikrant-v15","ignition-lock-set"
"spark-minda-ignition-lock-set-for-yamaha-saluto","ignition-lock-set"
"spark-minda-ignition-lock-set-for-bajaj-pulsar-220-bs4","ignition-lock-set"
"spark-minda-ignition-lock-set-for-hero-splendor-ismart","ignition-lock-set"
"spark-minda-ignition-lock-set-for-bajaj-pulsar-150-180-bs4-only-petrol-tank-cap","ignition-lock-set"
"spark-minda-ignition-lock-set-for-hero-splendor-nxg","ignition-lock-set"
"spark-minda-ignition-lock-set-for-bajaj-discover-135-digital-meter","ignition-lock-set"
"spark-minda-ignition-lock-set-for-suzuki-slingshot-zeus-heat","ignition-lock-set"
"spark-minda-ignition-lock-set-for-hero-cd-dawn","ignition-lock-set"
"spark-minda-ignition-lock-set-for-bajaj-pulsar-150-180-bs4","ignition-lock-set"
"spark-minda-ignition-lock-set-for-hero-glamour-digital-meter","ignition-lock-set"
"spark-minda-ignition-lock-set-for-tvs-star-sport","ignition-lock-set"
"spark-minda-ignition-lock-set-for-bajaj-discover-125-135-old-model","ignition-lock-set"
"spark-minda-ignition-lock-set-for-honda-cb-unicorn","ignition-lock-set"
"spark-minda-ignition-lock-set-for-hero-hf-deluxe-bs3","ignition-lock-set"
"spark-minda-ignition-lock-set-for-yamaha-rx-100","ignition-lock-set"
"spark-minda-ignition-lock-set-for-tvs-star-city-kick-start","ignition-lock-set"
"spark-minda-ignition-lock-set-for-tvs-star-city-self-start","ignition-lock-set"
"spark-minda-ignition-lock-set-for-hero-splendor-plus-set-of-6","ignition-lock-set"
"spark-minda-ignition-lock-set-for-bajaj-pulsar-150-ug2-ug3-ug4-ug4-5-only-petrol-tank-cap","ignition-lock-set"
"spark-minda-ignition-lock-set-for-hero-cd-deluxe","ignition-lock-set"
"spark-minda-ignition-lock-set-for-honda-activa-110-new-model","ignition-lock-set"
"lumax-head-light-set-for-bajaj-discover-100","head-light"
"mukut-front-brake-disc-caliper-for-honda-activa-125-old-model-single-brake","brake-disc"
"mukut-analog-speedometer-for-tvs-radoen","speedometer"
"mukut-analog-speedometer-for-tvs-apache-150","speedometer"
"mukut-analog-speedometer-for-tvs-jupiter-zx","speedometer"
"mukut-analog-speedometer-for-tvs-jupiter","speedometer"
"mukut-analog-speedometer-for-honda-twister","speedometer"
"mukut-analog-speedometer-for-honda-dio-het-2017-model","speedometer"
"mukut-analog-speedometer-for-honda-activa-5g","speedometer"
"mukut-analog-speedometer-for-hero-pleasure-old-model","speedometer"
"mukut-analog-speedometer-for-hero-super-splendor-new-model-type-2","speedometer"
"mukut-analog-speedometer-for-hero-splendor-ismart","speedometer"
"mukut-analog-speedometer-for-hero-nxg","speedometer"
"mukut-analog-speedometer-for-hero-ignitor","speedometer"
"one-way-clutch-for-bajaj-discover-150-f-1","clutch-plate"
"one-way-clutch-for-bajaj-discover-150-f","clutch-plate"
"gabriel-rear-shock-absorber-for-hero-passion-x-pro-set-of-2","shock-absorber"
"gabriel-rear-shock-absorber-for-honda-shine-sp-set-of-2","shock-absorber"
"gabriel-rear-shock-absorber-for-honda-shine-black-grey-set-of-2","shock-absorber"
"gabriel-rear-shock-absorber-for-tvs-ntorq-set-of-2","shock-absorber"
"gabriel-rear-shock-absorber-for-tvs-radeon-set-of-2","shock-absorber"
"gabriel-rear-shock-absorber-for-tvs-phoenix-set-of-2","shock-absorber"
"gabriel-rear-shock-absorber-for-tvs-star-city-plus-set-of-2","shock-absorber"
"gabriel-rear-shock-absorber-for-tvs-star-sports-set-of-2","shock-absorber"
"gabriel-rear-shock-absorber-for-bajaj-platina-set-of-2","shock-absorber"
"gabriel-rear-mono-shock-absorber-for-suzuki-lets","shock-absorber"
"gabriel-rear-mono-shock-absorber-for-suzuki-gixxer","shock-absorber"
"mukut-analog-speedometer-for-bajaj-discover-100m","speedometer"
"varroc-starter-motor-for-bajaj-boxer-bm-125-self-motor","starter-motor"
"rolon-chain-sprocket-kit-for-bajaj-pulsar-220-dtsi-2017-model","chain-sprocket"
"rolon-chain-sprocket-kit-for-bajaj-pulsar-200-ns-200-as","chain-sprocket"
"rolon-chain-sprocket-kit-for-bajaj-pulsar-200-rs","chain-sprocket"
"rolon-chain-sprocket-kit-for-bajaj-pulsar-135cc-2017-model","chain-sprocket"
"rolon-chain-sprocket-kit-for-honda-stunner-cbs-125cc","chain-sprocket"
"rolon-chain-sprocket-kit-for-yamaha-gladiator-rs-ss","chain-sprocket"
"rolon-chain-sprocket-kit-for-bajaj-avenger-220","chain-sprocket"
"mukut-rear-disc-brake-plate-suzuki-gixxer","brake-disc"
"mukut-front-disc-brake-plate-suzuki-gixxer","brake-disc"
"mukut-digital-speedometer-for-bajaj-pulsar-150-ug-4-5-without-body-control-unit","speedometer"
"mukut-digital-speedometer-for-yamaha-r15-v3","speedometer"
"mukut-rear-disc-brake-plate-honda-hornet","brake-disc"
"mukut-front-disc-brake-plate-honda-hornet","brake-disc"
"mukut-rear-disc-brake-plate-yamaha-r15-v3","brake-disc"
"mukut-rear-disc-brake-plate-bajaj-pulsar-200-ns","brake-disc"
"mukut-front-disc-brake-plate-yamaha-fz-250","brake-disc"
"mukut-front-disc-brake-plate-tvs-jupiter","brake-disc"
"mukut-front-disc-brake-plate-honda-cbr","brake-disc"
"mukut-rear-disc-brake-plate-yamaha-r15-v2","brake-disc"
"mukut-front-disc-brake-plate-bajaj-discover-125st","brake-disc"
"mukut-front-disc-brake-plate-bajaj-discover-125-new","brake-disc"
"mukut-front-disc-brake-plate-bajaj-discover-100","brake-disc"
"mukut-front-disc-brake-plate-bajaj-pulsar-135","brake-disc"
"mukut-front-brake-disc-caliper-for-honda-hornet","brake-disc"
"mukut-rear-brake-disc-caliper-for-honda-cb-dazzler-with-bracket","brake-disc"
"mukut-rear-brake-disc-caliper-for-honda-cbr-with-bracket","brake-disc"
"mukut-rear-brake-disc-caliper-for-suzuki-gixxer-with-bracket","brake-disc"
"mukut-front-brake-disc-caliper-for-heat-zeus","brake-disc"
"mukut-rear-brake-disc-caliper-for-yamaha-r15-v1-v2-without-bracket","brake-disc"
"mukut-rear-brake-disc-caliper-for-tvs-apache-rtr-160-180-without-bracket","brake-disc"
"mukut-rear-brake-disc-caliper-for-tvs-apache-rtr-160-180-with-bracket","brake-disc"
"mukut-rear-brake-disc-caliper-for-hero-hunk-without-bracket","brake-disc"
"mukut-rear-brake-disc-caliper-for-bajaj-pulsar-200-ns-with-bracket","brake-disc"
"mukut-rear-brake-disc-caliper-for-bajaj-pulsar-220-without-bracket","brake-disc"
"mukut-front-brake-disc-caliper-for-suzuki-access","brake-disc"
"mukut-front-brake-disc-caliper-for-hero-cbz-old-model-cbz-star","brake-disc"
"mukut-starter-motor-for-tvs-apache-rtr-200-self-motor","starter-motor"
"mukut-starter-motor-for-hero-karizma-self-motor","starter-motor"
"mk-clutch-assembly-for-bajaj-discover-100","clutch-assembly"
"mk-clutch-assembly-for-bajaj-xcd-135","clutch-assembly"
"mk-clutch-assembly-for-bajaj-xcd-125","clutch-assembly"
"mk-clutch-assembly-for-bajaj-discover-135","clutch-assembly"
"mk-clutch-assembly-for-bajaj-discover-125","clutch-assembly"
"mk-clutch-assembly-for-suzuki-gixxer-gixxer-sf-gixxer-sp-gixxer-sf-sp","clutch-assembly"
"mk-clutch-assembly-for-suzuki-heat","clutch-assembly"
"mk-clutch-assembly-for-honda-cd-110-het","clutch-assembly"
"mk-clutch-assembly-for-honda-livo","clutch-assembly"
"mk-clutch-assembly-for-honda-dream-yuga-het","clutch-assembly"
"mk-clutch-assembly-for-honda-dream-neo-het","clutch-assembly"
"mk-clutch-assembly-for-honda-dream-yuga-old","clutch-assembly"
"mk-clutch-assembly-for-honda-twister","clutch-assembly"
"mk-clutch-assembly-for-honda-hornet","clutch-assembly"
"mk-clutch-assembly-for-honda-dazzler","clutch-assembly"
"mk-clutch-assembly-for-honda-unicorn","clutch-assembly"
"mk-clutch-assembly-for-bajaj-pulsar-200-rs","clutch-assembly"
"mk-clutch-assembly-for-bajaj-pulsar-200-ns","clutch-assembly"
"mk-clutch-assembly-for-bajaj-pulsar-200-as","clutch-assembly"
"mk-clutch-assembly-for-bajaj-vikrant-v15","clutch-assembly"
"mk-clutch-assembly-for-bajaj-discover-150-f","clutch-assembly"
"mk-clutch-assembly-for-bajaj-discover-150-s","clutch-assembly"
"mk-clutch-assembly-for-bajaj-pulsar-150-as","clutch-assembly"
"mk-clutch-assembly-for-bajaj-avenger-street-220","clutch-assembly"
"mk-clutch-assembly-for-bajaj-pulsar-220-ug4-5","clutch-assembly"
"mk-clutch-assembly-for-bajaj-pulsar-220-ug4","clutch-assembly"
"mk-clutch-assembly-for-bajaj-pulsar-180-ug4-5","clutch-assembly"
"mk-clutch-assembly-for-bajaj-pulsar-180-ug4","clutch-assembly"
"mk-clutch-assembly-for-bajaj-avenger-220-ug3","clutch-assembly"
"mk-clutch-assembly-for-bajaj-pulsar-220-ug3","clutch-assembly"
"mk-clutch-assembly-for-bajaj-pulsar-200-ug3","clutch-assembly"
"mk-clutch-assembly-for-bajaj-pulsar-180-ug3","clutch-assembly"
"mk-clutch-assembly-for-bajaj-pulsar-150-ug3","clutch-assembly"
"mk-clutch-assembly-for-hero-pleasure","clutch-assembly"
"mk-clutch-assembly-for-honda-activa-old-model","clutch-assembly"
"minda-analog-speedometer-for-mahindra-duro-dz","speedometer"
"minda-analog-speedometer-for-mahindra-flyte","speedometer"
"minda-digital-speedometer-for-mahindra-rodeo","speedometer"
"lumax-head-light-set-for-bajaj-pulsar-200ns","head-light"
"lumax-head-light-set-for-bajaj-pulsar-150-ug3-150-ug4","head-light"
"lumax-head-light-set-for-bajaj-xcd-125","head-light"
"lumax-head-light-set-for-bajaj-discover-125st","head-light"
"lumax-head-light-set-for-bajaj-discover-100st","head-light"
"lumax-head-light-set-for-bajaj-discover-125m","head-light"
"lumax-head-light-set-for-bajaj-discover-100m","head-light"
"lumax-head-light-set-for-bajaj-dicover-100-new-model","head-light"
"lumax-head-light-set-for-bajaj-discover-135-new-model","head-light"
"lumax-head-light-set-for-bajaj-discover-125-old-model","head-light"
"lumax-head-light-set-for-bajaj-avenger-cruise","head-light"
"lumax-head-light-set-for-bajaj-avenger-street-new","head-light"
"lumax-head-light-set-for-bajaj-avenger-black-rim-with-blue-bulb","head-light"
"lumax-head-light-set-for-bajaj-avenger-chrome-rim-with-blue-bulb","head-light"
"lumax-head-light-set-for-bajaj-avenger-chrome-rim-with-clear-bulb","head-light"
"lumax-head-light-set-for-hero-glamour-fi-new-model-2017","head-light"
"lumax-head-light-set-for-hero-achiever","head-light"
"minda-lock-set-for-bajaj-platina-100-cc","ignition-lock-set"
"minda-lock-set-for-bajaj-discover-125-st","ignition-lock-set"
"minda-lock-set-for-bajaj-ct-100","ignition-lock-set"
"minda-speedometer-assembly-for-honda-activa-new-model-3g-4g","speedometer"
"minda-speedometer-assembly-for-hero-super-splendor","speedometer"
"minda-speedometer-assembly-for-hero-splendor-pro","speedometer"
"minda-speedometer-assembly-for-hero-splendor-plus","speedometer"
"lumax-head-light-set-for-hero-cd-deluxe","head-light"
"minda-lock-set-for-bajaj-discover-125cc","ignition-lock-set"
"minda-lock-set-for-bajaj-discover-100cc","ignition-lock-set"
"front-disc-brake-master-cylinder-assembly-for-suzuki-access","brakes"
"front-disc-brake-master-cylinder-assembly-for-honda-aviator-activa-125","brakes"
"front-disc-brake-master-cylinder-assembly-for-tvs-wego-jupiter","brakes"
"gabriel-rear-mono-shock-absorber-for-mahindra-duro","shock-absorber"
"front-disc-brake-master-cylinder-assembly-for-honda-cbr-250","brakes"
"front-disc-brake-master-cylinder-assembly-for-suzuki-gs-150r","brakes"
"varroc-starter-motor-for-tvs-phoenix-125-self-motor","starter-motor"
"varroc-starter-motor-for-bajaj-discover-100-self-motor","starter-motor"
"varroc-starter-motor-for-bajaj-pulsar-150as-self-motor","starter-motor"
"varroc-starter-motor-for-tvs-star-city-start-city-110-star-sports-old-model-self-motor","starter-motor"
"pricol-digital-speedometer-for-bajaj-pulsar-200-as","speedometer"
"pricol-digital-speedometer-for-bajaj-pulsar-180-as","speedometer"
"pricol-digital-speedometer-for-bajaj-pulsar-150-abs-twin-disc","speedometer"
"pricol-digital-speedometer-for-bajaj-pulsar-150-bs4","speedometer"
"pricol-digital-speedometer-for-bajaj-pulsar-200-rs","speedometer"
"pricol-digital-speedometer-for-hero-passion-x-pro","speedometer"
"pricol-digital-speedometer-for-bajaj-avenger-220-street","speedometer"
"pricol-digital-speedometer-for-tvs-phoenix","speedometer"
"pricol-digital-speedometer-for-bajaj-avenger-150","speedometer"
"pricol-digital-speedometer-for-tvs-apache-rtr-180-abs","speedometer"
"pricol-digital-speedometer-for-yamaha-fazer","speedometer"
"pricol-digital-speedometer-for-bajaj-pulsar-135","speedometer"
"pricol-digital-speedometer-for-yamaha-fz-s","speedometer"
"pricol-analog-speedometer-for-tvs-wego","speedometer"
"pricol-analog-speedometer-for-tvs-zest","speedometer"
"pricol-analog-speedometer-for-tvs-scooty-pep-plus","speedometer"
"pricol-digital-speedometer-for-tvs-apache-rtr-160","speedometer"
"pricol-digital-speedometer-for-yamaha-fz-16","speedometer"
"pricol-analog-speedometer-for-tvs-jupiter","speedometer"
"pricol-analog-speedometer-for-yamaha-gladiator-self-start","speedometer"
"pricol-digital-speedometer-for-hero-passion-pro-old-model","speedometer"
"one-way-clutch-for-tvs-apache-rtr-200","clutch-plate"
"mukut-digital-speedometer-for-suzuki-access-125","speedometer"
"mukut-digital-speedometer-for-yamaha-fz-v2","speedometer"
"mukut-digital-speedometer-for-yamaha-fz-s","speedometer"
"mukut-digital-speedometer-for-bajaj-pulsar-220","speedometer"
"mukut-digital-speedometer-for-tvs-star-city-plus-110","speedometer"
"mukut-digital-speedometer-for-tvs-apache-rtr-160-abs","speedometer"
"mukut-digital-speedometer-for-honda-shine-sp","speedometer"
"mukut-digital-speedometer-for-honda-activa-125","speedometer"
"mukut-digital-speedometer-for-hero-duet","speedometer"
"mukut-digital-speedometer-for-hero-maestro-edge","speedometer"
"mukut-digital-speedometer-for-hero-maestro","speedometer"
"mukut-digital-speedometer-for-hero-passion-x-pro-i3s","speedometer"
"mukut-digital-speedometer-for-hero-splendor-ismart-110","speedometer"
"mukut-digital-speedometer-for-hero-hunk","speedometer"
"mukut-digital-speedometer-for-hero-glamour-fi","speedometer"
"mukut-digital-speedometer-for-hero-glamour","speedometer"
"mk-clutch-assembly-for-yamaha-saluto","clutch-assembly"
"mk-clutch-assembly-for-yamaha-gladiator-self-start","clutch-assembly"
"mk-clutch-assembly-for-yamaha-crux","clutch-assembly"
"mk-clutch-assembly-for-tvs-apache-rtr-160","clutch-assembly"
"minda-analog-speedometer-for-hero-cbz-xtreme-old-model","speedometer"
"minda-analog-speedometer-for-honda-cb-twister","speedometer"
"minda-analog-speedometer-for-honda-cb-shine-new","speedometer"
"minda-analog-speedometer-for-honda-cb-shine-old","speedometer"
"minda-analog-speedometer-for-bajaj-discover-150","speedometer"
"minda-analog-speedometer-for-bajaj-discover-125","speedometer"
"minda-analog-speedometer-for-bajaj-platina-125","speedometer"
"minda-analog-speedometer-for-bajaj-platina-100","speedometer"
"lumax-head-light-set-for-yamaha-sz-r","head-light"
"lumax-head-light-set-for-yamaha-ray","head-light"
"lumax-head-light-set-for-yamaha-r15-v1-v2","head-light"
"lumax-head-light-set-for-yamaha-libero-g5","head-light"
"lumax-head-light-set-for-tvs-star-sports","head-light"
"lumax-head-light-set-for-tvs-jupiter-old-model","head-light"
"lumax-head-light-set-for-tvs-apache-rtr-160-new-model","head-light"
"lumax-head-light-set-for-tvs-apache-rtr-160-old-model","head-light"
"lumax-head-light-set-for-tvs-apache-150-old-model","head-light"
"lumax-head-light-set-for-suzuki-access-125-new-model","head-light"
"lumax-head-light-set-for-suzuki-access-old-model","head-light"
"lumax-head-light-set-for-honda-unicorn","head-light"
"lumax-head-light-set-for-honda-twister","head-light"
"lumax-head-light-set-for-honda-stunner","head-light"
"lumax-head-light-set-for-honda-shine-sp","head-light"
"lumax-head-light-set-for-honda-shine-new","head-light"
"lumax-head-light-set-for-honda-shine","head-light"
"lumax-head-light-set-for-honda-grazia","head-light"
"lumax-head-light-set-for-honda-dream-yuga","head-light"
"lumax-head-light-set-for-honda-dio-new-model","head-light"
"lumax-head-light-set-for-honda-dio-old-model","head-light"
"lumax-head-light-set-for-honda-hornet","head-light"
"lumax-head-light-set-for-honda-activa-3g-4g","head-light"
"lumax-head-light-set-for-honda-aviator","head-light"
"lumax-head-light-set-for-honda-activa-125","head-light"
"lumax-head-light-set-for-hero-super-splendor","head-light"
"lumax-head-light-set-for-hero-spendor-ismart","head-light"
"lumax-head-light-set-for-hero-pleasure-new","head-light"
"lumax-head-light-set-for-hero-pleasure","head-light"
"lumax-head-light-set-for-hero-passion-x-pro","head-light"
"lumax-head-light-set-for-hero-maestro-edge","head-light"
"lumax-head-light-set-for-hero-maestro","head-light"
"lumax-head-light-set-for-hero-karizma-zmr","head-light"
"lumax-head-light-set-for-hero-karizma-old-model","head-light"
"lumax-head-light-set-for-hero-glamour-fi-old-model","head-light"
"lumax-head-light-set-for-hero-glamour-old-model","head-light"
"enson-petrol-tank-hero-bajaj-achiever","petrol-tank"
"enson-petrol-tank-red-hero-achiever","petrol-tank"
"enson-petrol-tank-black-hero-achiever","petrol-tank"
"enson-petrol-tank-red-hero-cbz-old-model","petrol-tank"
"enson-petrol-tank-black-hero-cbz-old-model","petrol-tank"
"enson-petrol-tank-silver-hero-ambition","petrol-tank"
"enson-petrol-tank-red-hero-ambition","petrol-tank"
"enson-petrol-tank-black-hero-ambition","petrol-tank"
"endurance-mono-shock-absorber-for-kawasaki-ninja-300","shock-absorber"
"endurance-mono-shock-absorber-for-yamaha-fz-fz-s-fz-16-red-yellow","shock-absorber"
"clutch-pulley-for-hero-pleasure","clutch-plate"
"gabriel-front-fork-pipe-for-yamaha-ray-rayz-alfa-set-of-2","fork-assembly"
"gabriel-front-fork-pipe-for-yamaha-rx-100-set-of-2","fork-assembly"
"gabriel-front-fork-pipe-for-yamaha-fz-fz-16-fz-s-fazer-set-of-2","fork-assembly"
"gabriel-front-fork-pipe-for-tvs-ntorq-set-of-2","fork-assembly"
"gabriel-front-fork-pipe-for-tvs-radeon-set-of-2","fork-assembly"
"gabriel-front-fork-pipe-for-tvs-wego-normal-brake-set-of-2","fork-assembly"
"gabriel-front-fork-pipe-for-tvs-wego-disc-brake-set-of-2","fork-assembly"
"gabriel-front-fork-pipe-for-tvs-streak-scooty-pep-plus-set-of-2","fork-assembly"
"gabriel-front-fork-pipe-for-tvs-phoenix-set-of-2","fork-assembly"
"gabriel-front-fork-pipe-for-tvs-jupiter-set-of-2","fork-assembly"
"gabriel-front-fork-pipe-for-tvs-apache-150-rtr-160-rtr-180-set-of-2","fork-assembly"
"gabriel-front-fork-pipe-for-suzuki-gixxer-sf-set-of-2","fork-assembly"
"gabriel-front-fork-pipe-for-suzuki-lets-set-of-2","fork-assembly"
"gabriel-front-fork-pipe-for-suzuki-access-125-new-model-set-of-2","fork-assembly"
"gabriel-front-fork-pipe-for-hero-cbz-xtreme-digital-set-of-2","fork-assembly"
"gabriel-front-fork-pipe-for-hero-hunk-set-of-2","fork-assembly"
"gabriel-front-fork-pipe-for-honda-unicorn-set-of-2","fork-assembly"
"endurance-front-fork-pipes-for-hero-cbz-xtreme-set-of-2","fork-assembly"
"endurance-front-fork-pipe-for-suzuki-access-set-of-2","fork-assembly"
"endurance-front-fork-pipe-for-yamaha-fz-fz-16-fz-s-fazer-set-of-2","fork-assembly"
"endurance-front-fork-pipe-for-yamaha-gladiator-125-self-start-set-of-2","fork-assembly"
"endurance-front-fork-pipe-for-tvs-apache-150-rtr-160-rtr-180-set-of-2","fork-assembly"
"endurance-front-fork-pipe-for-honda-activa-125-bs6-set-of-2","fork-assembly"
"endurance-front-fork-pipe-for-honda-shine-set-of-2","fork-assembly"
"endurance-front-fork-pipe-for-honda-unicorn-150-set-of-2","fork-assembly"
"endurance-front-fork-pipe-for-hero-splendor-plus-splendor-pro-super-splendor-set-of-2","fork-assembly"
"endurance-front-fork-pipe-for-bajaj-platina-125-set-of-2","fork-assembly"
"endurance-front-fork-pipe-for-bajaj-xcd-125-xcd-135-set-of-2","fork-assembly"
"endurance-front-fork-pipe-for-bajaj-avenger-220-set-of-2","fork-assembly"
"endurance-front-fork-pipe-for-bajaj-pulsar-200-rs-set-of-2","fork-assembly"
"endurance-front-fork-pipe-for-bajaj-discover-125-new-model-set-of-2","fork-assembly"
"endurance-front-fork-pipe-for-bajaj-ct-100-dlx-platina-set-of-2","fork-assembly"
"endurance-front-fork-pipe-for-bajaj-discover-125-st-set-of-2","fork-assembly"
"endurance-front-fork-pipe-for-bajaj-discover-135-old-model-set-of-2","fork-assembly"
"endurance-front-fork-pipe-for-bajaj-discover-125-old-model-set-of-2","fork-assembly"
"endurance-front-fork-pipe-for-bajaj-pulsar-220-set-of-2","fork-assembly"
"endurance-front-fork-pipe-for-bajaj-pulsar-180-ug4-set-of-2","fork-assembly"
"endurance-front-fork-pipe-for-bajaj-pulsar-150-ug4-ug4-5-set-of-2","fork-assembly"
"gabriel-front-fork-leg-assembly-for-tvs-radeon-right-side","fork-assembly"
"gabriel-front-fork-leg-assembly-for-tvs-radeon-left-side","fork-assembly"
"gabriel-front-fork-leg-assembly-for-tvs-phoenix-right-side","fork-assembly"
"gabriel-front-fork-leg-assembly-for-tvs-phoenix-left-side","fork-assembly"
"gabriel-front-fork-leg-assembly-for-tvs-wego-disc-brake-right-side","fork-assembly"
"gabriel-front-fork-leg-assembly-for-tvs-wego-disc-brake-left-side","fork-assembly"
"gabriel-front-fork-leg-assembly-for-tvs-wego-normal-brake-right-side","fork-assembly"
"gabriel-front-fork-leg-assembly-for-tvs-wego-normal-brake-left-side","fork-assembly"
"gabriel-front-fork-leg-assembly-for-yamaha-fz-fz-16-fz-s-fazer-right-side","fork-assembly"
"gabriel-front-fork-leg-assembly-for-yamaha-fz-fz-16-fz-s-fazer-left-side","fork-assembly"
"gabriel-front-fork-leg-assembly-for-tvs-apache-rtr-4v-right-side","fork-assembly"
"gabriel-front-fork-leg-assembly-for-tvs-apache-rtr-4v-left-side","fork-assembly"
"gabriel-front-fork-leg-assembly-for-tvs-apache-rtr-180-right-side","fork-assembly"
"gabriel-front-fork-leg-assembly-for-tvs-apache-rtr-180-left-side","fork-assembly"
"gabriel-front-fork-leg-assembly-for-tvs-apache-rtr-160-right-side","fork-assembly"
"gabriel-front-fork-leg-assembly-for-tvs-apache-rtr-160-left-side","fork-assembly"
"gabriel-front-fork-leg-assembly-for-tvs-ntorq-right-side","fork-assembly"
"gabriel-front-fork-leg-assembly-for-tvs-ntorq-left-side","fork-assembly"
"gabriel-front-fork-leg-assembly-for-tvs-jupiter-normal-brake-right-side","fork-assembly"
"gabriel-front-fork-leg-assembly-for-tvs-jupiter-normal-brake-left-side","fork-assembly"
"gabriel-front-fork-leg-assembly-for-suzuki-gixxer-sf-right-side","fork-assembly"
"gabriel-front-fork-leg-assembly-for-suzuki-gixxer-sf-left-side","fork-assembly"
"gabriel-front-fork-leg-assembly-for-suzuki-gixxer-right-side","fork-assembly"
"gabriel-front-fork-leg-assembly-for-suzuki-gixxer-left-side","fork-assembly"
"gabriel-front-fork-leg-assembly-for-suzuki-access-new-model-right-side","fork-assembly"
"gabriel-front-fork-leg-assembly-for-suzuki-access-new-model-left-side","fork-assembly"
"gabriel-front-fork-leg-assembly-for-suzuki-lets-right-side","fork-assembly"
"gabriel-front-fork-leg-assembly-for-suzuki-lets-left-side","fork-assembly"
"gabriel-front-fork-leg-assembly-for-suzuki-access-old-model-right-side","fork-assembly"
"gabriel-front-fork-leg-assembly-for-suzuki-access-old-model-left-side","fork-assembly"
"gabriel-front-fork-leg-assembly-for-mahindra-duro-duro-dz-right-side","fork-assembly"
"gabriel-front-fork-leg-assembly-for-mahindra-duro-duro-dz-left-side","fork-assembly"
"gabriel-front-fork-leg-assembly-for-hero-cd-deluxe-right-side","fork-assembly"
"gabriel-front-fork-leg-assembly-for-hero-passion-pro-right-side","fork-assembly"
"gabriel-front-fork-leg-assembly-for-hero-splendor-pro-right-side","fork-assembly"
"gabriel-front-fork-leg-assembly-for-hero-cd-deluxe-left-side","fork-assembly"
"gabriel-front-fork-leg-assembly-for-hero-passion-pro-left-side","fork-assembly"
"gabriel-front-fork-leg-assembly-for-hero-splendor-pro-left-side","fork-assembly"
"gabriel-front-fork-leg-assembly-for-honda-dream-yuga-dream-neo-right-side","fork-assembly"
"gabriel-front-fork-leg-assembly-for-honda-dream-yuga-dream-neo-left-side","fork-assembly"
"gabriel-front-fork-leg-assembly-for-tvs-jupiter-disc-brake-right-side","fork-assembly"
"gabriel-front-fork-leg-assembly-for-tvs-jupiter-disc-brake-left-side","fork-assembly"
"endurance-front-fork-leg-assembly-for-honda-activa-125-bs6-bs4-disc-brake-right-side","fork-assembly"
"endurance-front-fork-leg-assembly-for-honda-activa-125-bs6-bs4-disc-brake-left-side","fork-assembly"
"endurance-front-fork-leg-assembly-for-honda-activa-125-bs6-bs4-drum-brake-right-side","fork-assembly"
"endurance-front-fork-leg-assembly-for-honda-activa-125-bs6-bs4-drum-brake-left-side","fork-assembly"
"endurance-front-fork-leg-assembly-for-honda-shine-disc-brake-right-side","fork-assembly"
"endurance-front-fork-leg-assembly-for-honda-shine-disc-brake-left-side","fork-assembly"
"endurance-front-fork-leg-assembly-for-honda-shine-drum-brake-right-side","fork-assembly"
"endurance-front-fork-leg-assembly-for-honda-shine-drum-brake-left-side","fork-assembly"
"endurance-front-fork-leg-assembly-for-honda-dream-yuga-dream-neo-right-side","fork-assembly"
"endurance-front-fork-leg-assembly-for-honda-dream-yuga-dream-neo-left-side","fork-assembly"
"endurance-front-fork-leg-assembly-for-hero-cd-deluxe-right-side","fork-assembly"
"endurance-front-fork-leg-assembly-for-hero-passion-pro-right-side","fork-assembly"
"endurance-front-fork-leg-assembly-for-hero-splendor-pro-right-side","fork-assembly"
"endurance-front-fork-leg-assembly-for-hero-cd-deluxe-left-side","fork-assembly"
"endurance-front-fork-leg-assembly-for-hero-passion-pro-left-side","fork-assembly"
"endurance-front-fork-leg-assembly-for-hero-splendor-pro-left-side","fork-assembly"
"dexo-engine-block-kit-for-yamaha-fz-v2-bore-piston-or-cylinder-piston","piston-kit"
"dexo-engine-block-kit-for-yamaha-crux-bore-piston-or-cylinder-piston","piston-kit"
"dexo-engine-block-kit-for-yamaha-rxg-bore-piston-or-cylinder-piston","piston-kit"
"dexo-engine-block-kit-for-tvs-ntorq-bore-piston-or-cylinder-piston","piston-kit"
"dexo-engine-block-kit-for-tvs-xl-100-bore-piston-or-cylinder-piston","piston-kit"
"dexo-engine-block-kit-for-tvs-phoenix-bore-piston-or-cylinder-piston","piston-kit"
"dexo-engine-block-kit-for-tvs-star-sports-100-self-start-bore-piston-or-cylinder-piston","piston-kit"
"dexo-engine-block-kit-for-tvs-star-city-110-bore-piston-or-cylinder-piston","piston-kit"
"dexo-engine-block-kit-for-tvs-star-city-bore-piston-or-cylinder-piston","piston-kit"
"dexo-engine-block-kit-for-tvs-victor-gl-bore-piston-or-cylinder-piston","piston-kit"
"dexo-engine-block-kit-for-tvs-xl-super-heavy-duty-bore-piston-or-cylinder-piston","piston-kit"
"dexo-engine-block-kit-for-tvs-flame-bore-piston-or-cylinder-piston","piston-kit"
"dexo-engine-block-kit-for-tvs-victor-glx-125-bore-piston-or-cylinder-piston","piston-kit"
"dexo-engine-block-kit-for-tvs-centra-bore-piston-or-cylinder-piston","piston-kit"
"dexo-engine-block-kit-for-tvs-scooty-pep-bore-piston-or-cylinder-piston","piston-kit"
"goetze-engine-block-kit-for-bajaj-platina-125-bore-piston-or-cylinder-piston","piston-kit"
"goetze-engine-block-kit-for-bajaj-xcd-125-bore-piston-or-cylinder-piston","piston-kit"
"goetze-engine-block-kit-for-bajaj-boxer-ct-bore-piston-or-cylinder-piston","piston-kit"
"goetze-engine-block-kit-for-bajaj-caliber-bore-piston-or-cylinder-piston","piston-kit"
"goetze-engine-block-kit-for-bajaj-xcd-135-bore-piston-or-cylinder-piston","piston-kit"
"goetze-engine-block-kit-for-tvs-victor-bore-piston-or-cylinder-piston","piston-kit"
"goetze-engine-block-kit-for-hero-cd-100-bore-piston-or-cylinder-piston","piston-kit"
"goetze-engine-block-kit-for-suzuki-access-125-new-model-bore-piston-or-cylinder-piston","piston-kit"
"goetze-engine-block-kit-for-tvs-phoenix-bore-piston-or-cylinder-piston","piston-kit"
"goetze-engine-block-kit-for-honda-cb-twister-bore-piston-or-cylinder-piston","piston-kit"
"goetze-engine-block-kit-for-tvs-apache-rtr-180-bore-piston-or-cylinder-piston","piston-kit"
"goetze-engine-block-kit-for-tvs-apache-rtr-160-bore-piston-or-cylinder-piston","piston-kit"
"goetze-engine-block-kit-for-suzuki-access-125-old-model-bore-piston-or-cylinder-piston","piston-kit"
"goetze-engine-block-kit-for-honda-eterno-bore-piston-or-cylinder-piston","piston-kit"
"goetze-engine-block-kit-for-tvs-star-city-110-bore-piston-or-cylinder-piston","piston-kit"
"goetze-engine-block-kit-for-tvs-scooty-pep-plus-bore-piston-or-cylinder-piston","piston-kit"
"goetze-engine-block-kit-for-hero-maestro-edge-bore-piston-or-cylinder-piston","piston-kit"
"dexo-engine-block-kit-for-bajaj-pulsar-150-dtsi-ug2-old-model-normal-meter-bore-piston-or-cylinder-piston","piston-kit"
"dexo-engine-block-kit-for-bajaj-ct100-bore-piston-or-cylinder-piston","piston-kit"
"dexo-engine-block-kit-for-lml-adreno-bore-piston-or-cylinder-piston","piston-kit"
"dexo-engine-block-kit-for-suzuki-gixxer-bore-piston-or-cylinder-piston","piston-kit"
"dexo-engine-block-kit-for-suzuki-gs-150r-bore-piston-or-cylinder-piston","piston-kit"
"dexo-engine-block-kit-for-suzuki-access-125-old-model-bore-piston-or-cylinder-piston","piston-kit"
"dexo-engine-block-kit-for-suzuki-max-100-bore-piston-or-cylinder-piston","piston-kit"
"dexo-engine-block-kit-for-honda-hornet-bore-piston-or-cylinder-piston","piston-kit"
"dexo-engine-block-kit-for-honda-dazzler-bore-piston-or-cylinder-piston","piston-kit"
"dexo-engine-block-kit-for-honda-activa-new-model-110-bore-piston-or-cylinder-piston","piston-kit"
"dexo-engine-block-kit-for-honda-shine-bore-piston-or-cylinder-piston","piston-kit"
"dexo-engine-block-kit-for-honda-eterno-bore-piston-or-cylinder-piston","piston-kit"
"dexo-engine-block-kit-for-honda-activa-old-model-bore-piston-or-cylinder-piston","piston-kit"
"dexo-engine-block-kit-for-hero-maestro-edge-bore-piston-or-cylinder-piston","piston-kit"
"dexo-engine-block-kit-for-hero-super-splendor-fi-bore-piston-or-cylinder-piston","piston-kit"
"dexo-engine-block-kit-for-hero-splendor-ismart-bore-piston-or-cylinder-piston","piston-kit"
"dexo-engine-block-kit-for-hero-impulse-bore-piston-or-cylinder-piston","piston-kit"
"dexo-engine-block-kit-for-hero-cbz-xtreme-bore-piston-or-cylinder-piston","piston-kit"
"dexo-engine-block-kit-for-hero-ambition-old-model-bore-piston-or-cylinder-piston","piston-kit"
"dexo-engine-block-kit-for-hero-cbz-bore-piston-or-cylinder-piston","piston-kit"
"dexo-engine-block-kit-for-hero-glamour-bore-piston-or-cylinder-piston","piston-kit"
"dexo-engine-block-kit-for-bajaj-pulsar-180-ug3-bore-piston-or-cylinder-piston","piston-kit"
"dexo-engine-block-kit-for-bajaj-vikrant-v15-bore-piston-or-cylinder-piston","piston-kit"
"engine-block-kit-for-bajaj-vikrant-v12-bore-piston-or-cylinder-piston","piston-kit"
"dexo-engine-block-kit-for-bajaj-discover-100m-bore-piston-or-cylinder-piston","piston-kit"
"dexo-engine-block-kit-for-bajaj-discover-100t-bore-piston-or-cylinder-piston","piston-kit"
"dexo-engine-block-kit-for-bajaj-avenger-150-bore-piston-or-cylinder-piston","piston-kit"
"dexo-engine-block-kit-for-bajaj-platina-100-es-self-start-bore-piston-or-cylinder-piston","piston-kit"
"dexo-engine-block-kit-for-bajaj-discover-100-bore-piston-or-cylinder-piston","piston-kit"
"dexo-engine-block-kit-for-bajaj-pulsar-200-bore-piston-or-cylinder-piston","piston-kit"
"techlon-bike-carburetor-for-yamaha-ray","carburetor"
"ucal-bike-carburetor-for-suzuki-gixxer-155","carburetor"
"ucal-bike-carburetor-for-yamaha-enticer","carburetor"
"ucal-bike-carburetor-for-bajaj-platina-125","carburetor"
"ucal-bike-carburetor-for-bajaj-platina-100","carburetor"
"ucal-bike-carburetor-for-bajaj-pulsar-180-ug4","carburetor"
"ucal-bike-carburetor-for-bajaj-pulsar-135-cc","carburetor"
"ucal-bike-carburetor-for-bajaj-xcd-125","carburetor"
"ucal-bike-carburetor-for-bajaj-pulsar-200-cc","carburetor"
"ucal-bike-carburetor-for-bajaj-pulsar-180-ug3","carburetor"
"ucal-bike-carburetor-for-bajaj-pulsar-150-ug3","carburetor"
"ucal-bike-carburetor-for-suzuki-access-125","carburetor"
"ucal-bike-carburetor-for-suzuki-heat","carburetor"
"ucal-bike-carburetor-for-suzuki-slingshot","carburetor"
"ucal-bike-carburetor-for-tvs-apache-rtr-160cc","carburetor"
"ucal-bike-carburetor-for-tvs-apache-150","carburetor"
"ucal-bike-carburetor-for-suzuki-fiero","carburetor"
"ucal-bike-carburetor-for-tvs-phoenix-125","carburetor"
"ucal-bike-carburetor-for-tvs-victor-glx-125","carburetor"
"ucal-bike-carburetor-for-suzuki-ax-100","carburetor"
"bike-carburetor-for-bajaj-discover-135-old-model","carburetor"
"bike-carburetor-for-bajaj-discover-125-st","carburetor"
"bike-carburetor-for-bajaj-discover-100-cc","carburetor"
"ucal-bike-carburetor-for-bajaj-discover-125-old-model","carburetor"
"ucal-bike-carburetor-for-yamaha-crux","carburetor"
"ucal-bike-carburetor-for-bajaj-avenger-220-ug","carburetor"
"ucal-bike-carburetor-for-bajaj-avenger-150","carburetor"
"techlon-bike-carburetor-for-tvs-star-city-old-model","carburetor"
"techlon-bike-carburetor-for-tvs-star-sports-self-start","carburetor"
"techlon-bike-carburetor-for-suzuki-samurai","carburetor"
"techlon-bike-carburetor-for-bajaj-ct-100","carburetor"
"ninki-wheel-rim-silver-hero-pleasure","wheel-rim"
"ninki-wheel-rim-silver-honda-activa-110-3g-4g-5g","wheel-rim"
"ninki-wheel-rim-silver-mahindra-rodeo","wheel-rim"
"ninki-wheel-rim-silver-mahindra-duro","wheel-rim"
"ninki-wheel-rim-silver-suzuki-swish","wheel-rim"
"rear-brake-disc-plate-for-honda-cb-dazzler","brake-disc"
"front-brake-disc-plate-for-honda-activa-125-3-holes","brake-disc"
"front-brake-disc-plate-for-honda-activa-125-4-holes","brake-disc"
"mukut-front-brake-disc-caliper-for-bajaj-xcd-135","brake-disc"
"mukut-front-brake-disc-caliper-for-bajaj-discover-100m-silver","brake-disc"
"mukut-front-brake-disc-caliper-for-bajaj-discover-100m-black","brake-disc"
"varroc-self-starter-motor-for-hero-passion-x-pro","starter-motor"
"varroc-self-starter-motor-for-bajaj-discover-125-old-model","starter-motor"
"varroc-self-starter-motor-for-bajaj-avenger-150","starter-motor"
"dexo-piston-cylinder-kit-for-honda-dio-new-model-bore-piston-or-block","piston-kit"
"dexo-piston-cylinder-kit-for-suzuki-fiero-f-2-bore-piston-or-block","piston-kit"
"dexo-piston-cylinder-kit-for-bajaj-avenger-220-bore-piston-or-block","piston-kit"
"goetze-piston-cylinder-kit-for-tvs-centra-bore-piston-or-block","piston-kit"
"goetze-piston-cylinder-kit-for-hero-cd-dawn-bore-piston-or-block","piston-kit"
"goetze-piston-cylinder-kit-for-hero-cd-deluxe-kick-start-bore-piston-or-block","piston-kit"
"goetze-piston-cylinder-kit-for-hero-splendor-pro-bore-piston-or-block","piston-kit"
"clutch-assembly-for-tvs-streak","clutch-assembly"
"clutch-assembly-for-hero-cd-deluxe","clutch-assembly"
"clutch-assembly-for-bajaj-pulsar-150-ug4-5","clutch-assembly"
"ask-clutch-shoe-for-honda-activa-old-model","clutch-plate"
"clutch-pulley-for-tvs-streak","clutch-plate"
"clutch-pulley-for-tvs-zest","clutch-plate"
"clutch-pulley-for-tvs-jupiter-1","clutch-plate"
"one-way-clutch-for-suzuki-swish","clutch-plate"
"one-way-clutch-for-yamaha-sz-r","clutch-plate"
"front-disc-brake-master-cylinder-assembly-for-honda-hornet","brakes"
"ucal-carburetor-for-tvs-jupiter","carburetor"
"techlon-bike-carburetor-for-yamaha-fz-all-old-models-with-single-cable-fz-s-fz-fi-fz-16-fz-v2-fazer","carburetor"
"techlon-carburetor-for-hero-cd-dawn-kick-start","carburetor"
"varroc-self-starter-motor-for-bajaj-pulsar-200-ns","starter-motor"
"mukut-speedometer-assembly-for-tvs-apache-rtr-160","speedometer"
"techlon-carburetor-for-hero-cd-100","carburetor"
"minda-speedometer-assembly-for-honda-shine-old-model","speedometer"
"minda-speedometer-assembly-for-hero-passion-pro-normal-meter","speedometer"
"mukut-speedometer-assembly-for-passion-pro-digital-meter-old-model","speedometer"
"mukut-speedometer-assembly-for-hero-passion-pro-digital-meter-new-model-1","speedometer"
"minda-speedometer-assembly-for-hero-passion-plus","speedometer"
"minda-speedometer-assembly-for-bajaj-pulsar-ug4-models-150cc-180cc-220cc","speedometer"
"minda-speedometer-assembly-for-bajaj-pulsar-ug3-models-150cc-180cc-220cc","speedometer"
"minda-speedometer-assembly-for-bajaj-discover-125-st","speedometer"
"mukut-speedometer-assembly-for-bajaj-avenger-150-street","speedometer"
"minda-lock-set-for-honda-activa-3g-4g","ignition-lock-set"
"carburetor-for-bajaj-xcd-125","carburetor"
"minda-lock-set-for-yamaha-rgx-rx-135","ignition-lock-set"
"minda-lock-set-for-honda-cb-shine","ignition-lock-set"
"minda-lock-set-for-yamaha-cygnus-ray-zr","ignition-lock-set"
"minda-lock-set-for-bajaj-pulsar-200-ns","ignition-lock-set"
"minda-lock-set-for-tvs-streak","ignition-lock-set"
"minda-lock-set-for-tvs-scooty-pep-plus","ignition-lock-set"
"minda-lock-set-for-honda-suzuki-gixxer","ignition-lock-set"
"minda-lock-set-for-hero-super-splendor-new-model","ignition-lock-set"
"minda-lock-set-for-hero-achiever","ignition-lock-set"
"minda-lock-set-for-hero-ambition","ignition-lock-set"
"copy-of-rolon-chain-sprocket-kit-for-suzuki-intruder","chain-sprocket"
"rolon-chain-sprocket-kit-for-honda-cbr-250r","chain-sprocket"
"rolon-chain-sprocket-kit-for-honda-cb-cb-shine-heavy-duty-cb-shine-sp","chain-sprocket"
"rolon-chain-sprocket-kit-for-tvs-apache-rtr-200cc-4v","chain-sprocket"
"rolon-chain-sprocket-kit-for-tvs-apache-rtr-180cc","chain-sprocket"
"rolon-chain-sprocket-kit-for-bajaj-discover-100t-125t","chain-sprocket"
"dexo-piston-cylinder-kit-for-yamaha-rx-100","piston-kit"
"minda-lock-set-for-yamaha-r15-v2-0","ignition-lock-set"
"minda-lock-set-for-yamaha-fazer-libero-gladiator-g5","ignition-lock-set"
"minda-lock-set-for-yamaha-fz-16","ignition-lock-set"
"minda-lock-set-for-tvs-phoenix","ignition-lock-set"
"minda-lock-set-for-honda-stunner","ignition-lock-set"
"minda-lock-set-for-honda-dream-yuga","ignition-lock-set"
"minda-lock-set-for-honda-cb-twister","ignition-lock-set"
"minda-lock-set-for-honda-cb-trigger","ignition-lock-set"
"minda-lock-set-for-hero-super-splendor","ignition-lock-set"
"minda-lock-set-for-bajaj-pulsar-220cc","ignition-lock-set"
"mahindra-piston-cylinder-kit-for-mahindra-gusto-new","piston-kit"
"mahindra-piston-cylinder-kit-for-mahindra-gusto-old","piston-kit"
"dexo-piston-cylinder-kit-for-honda-cb-twister","piston-kit"
"dexo-piston-cylinder-kit-for-suzuki-hayate","piston-kit"
"dexo-piston-cylinder-kit-for-hero-passion-pro","piston-kit"
"dexo-piston-cylinder-kit-for-bajaj-discover-125-old-model","piston-kit"
"dexo-piston-cylinder-kit-for-honda-activa-5g","piston-kit"
"dexo-piston-cylinder-kit-for-hero-karizma-1","piston-kit"
"goetze-piston-cylinder-kit-for-honda-dio-het","piston-kit"
"mukut-rear-brake-disc-caliper-for-bajaj-pulsar-220-black","brake-disc"
"gabriel-rear-shock-absorber-for-bajaj-discover-135-all-models","shock-absorber"
"gabriel-rear-shock-absorber-for-bajaj-pulsar-150-all-models","shock-absorber"
"endurance-rear-shock-absorber-for-bajaj-pulsar-220-all-models","shock-absorber"
"endurance-rear-shock-absorber-for-bajaj-pulsar-180-all-models","shock-absorber"
"endurance-rear-shock-absorber-for-bajaj-pulsar-150-all-models","shock-absorber"
"ucal-carburetor-for-yamaha-gladiator","carburetor"
"gabriel-rear-shock-absorber-for-yamaha-ray","shock-absorber"
"gabriel-rear-shock-absorber-for-hero-cbz-xtreme-old-model-without-gas","shock-absorber"
"gabriel-rear-shock-absorber-for-honda-stunner","shock-absorber"
"endurance-rear-shock-absorber-for-bajaj-pulsar-135","shock-absorber"
"dexo-piston-cylinder-kit-for-bajaj-pulsar-150-ug3","piston-kit"
"minda-lock-set-for-tvs-apache-rtr-200cc","ignition-lock-set"
"clutch-pulley-for-mahindra-rodeo","clutch-plate"
"clutch-pulley-for-yamaha-alfa","clutch-plate"
"clutch-pulley-for-yamaha-fascino","clutch-plate"
"clutch-pulley-for-yamaha-ray","clutch-plate"
"clutch-pulley-for-tvs-wego","clutch-plate"
"clutch-pulley-for-honda-activa-125","clutch-plate"
"clutch-pulley-for-honda-activa-het-3g-4g","clutch-plate"
"clutch-pulley-for-honda-activa-110-new-model","clutch-plate"
"clutch-pulley-for-honda-activa-old-model","clutch-plate"
"clutch-pulley-for-suzuki-access-new-model","clutch-plate"
"clutch-pulley-for-suzuki-swish","clutch-plate"
"clutch-pulley-for-suzuki-access-125","clutch-plate"
"clutch-assembly-for-yamaha-sz-r","clutch-assembly"
"clutch-assembly-for-yamaha-fz-fz-s-fz-16-fz-v2-fz-fi-fazer","clutch-assembly"
"clutch-assembly-for-hero-passion-x-pro","clutch-assembly"
"clutch-assembly-for-honda-dream-yuga","clutch-assembly"
"clutch-assembly-for-honda-shine","clutch-assembly"
"clutch-assembly-for-hero-cbz-xtreme","clutch-assembly"
"clutch-assembly-for-hero-super-splendor","clutch-assembly"
"clutch-assembly-for-bajaj-pulsar-150-ug4","clutch-assembly"
"clutch-assembly-for-mahindra-duro","clutch-assembly"
"clutch-assembly-for-yamaha-fascino","clutch-assembly"
"clutch-assembly-for-yamaha-alfa","clutch-assembly"
"clutch-assembly-for-yamaha-ray","clutch-assembly"
"clutch-assembly-for-tvs-jupiter","clutch-assembly"
"clutch-assembly-for-tvs-scooty-pep-plus","clutch-assembly"
"clutch-assembly-for-honda-activa-new-model-110","clutch-assembly"
"clutch-assembly-for-honda-activa-het-3g-4g-125","clutch-assembly"
"clutch-assembly-for-suzuki-access-125","clutch-assembly"
"one-way-clutch-for-mahindra-rodeo","clutch-plate"
"one-way-clutch-for-yamaha-ray-z","clutch-plate"
"one-way-clutch-for-suzuki-access","clutch-plate"
"one-way-clutch-for-hero-cbz-xtreme","clutch-plate"
"one-way-clutch-for-honda-hunk","clutch-plate"
"one-way-clutch-for-honda-unicorn","clutch-plate"
"one-way-clutch-for-yamaha-fz-fz-s-fz-16-fz-fi-fz-v2-fazer","clutch-plate"
"one-way-clutch-for-tvs-apache-rtr-160-cc-180cc","clutch-plate"
"one-way-clutch-for-hero-karizma-karizma-zmr","clutch-plate"
"one-way-clutch-for-hero-glamour","clutch-plate"
"one-way-clutch-for-hero-super-splendor","clutch-plate"
"one-way-clutch-for-hero-cd-deluxe","clutch-plate"
"one-way-clutch-for-hero-splendor-pro","clutch-plate"
"one-way-clutch-for-hero-passion-pro","clutch-plate"
"one-way-clutch-for-bajaj-discover-100","clutch-plate"
"one-way-clutch-for-bajaj-xcd-125","clutch-plate"
"one-way-clutch-for-bajaj-avenger-220","clutch-plate"
"one-way-clutch-for-bajaj-discover-135-old-model","clutch-plate"
"one-way-clutch-for-bajaj-discover-125","clutch-plate"
"one-way-clutch-for-bajaj-pulsar-220-220f","clutch-plate"
"one-way-clutch-for-bajaj-pulsar-ug4-150cc-180cc","clutch-plate"
"one-way-clutch-for-bajaj-pulsar-ug3-150cc-180cc","clutch-plate"
"minda-lock-set-for-hero-splendor-plus-1","ignition-lock-set"
"minda-lock-set-for-tvs-star-sports","ignition-lock-set"
"minda-lock-set-for-bajaj-platina-125cc","ignition-lock-set"
"minda-lock-set-for-bajaj-xcd-125cc","ignition-lock-set"
"minda-lock-set-for-hero-ignitor-1","ignition-lock-set"
"minda-lock-set-for-hero-glamour","ignition-lock-set"
"minda-lock-set-for-hero-passion-x-pro","ignition-lock-set"
"minda-lock-set-for-hero-splendor-pro","ignition-lock-set"
"ask-clutch-shoe-for-honda-activa-new-model-110-cc","clutch-plate"
"techlon-carburetor-for-tvs-apache-rtr-160","carburetor"
"ucal-carburetor-for-tvs-xl-super-heavy-duty","carburetor"
"spack-carburetor-for-tvs-xl-100-4-stroke","carburetor"
"ucal-carburetor-for-tvs-scooty-pep-plus","carburetor"
"ucal-carburetor-for-tvs-scooty-pep","carburetor"
"techlon-carburetor-for-honda-activa-110-new-model","carburetor"
"techlon-carburetor-for-honda-activa-old-model","carburetor"
"techlon-carburetor-for-suzuki-access-125","carburetor"
"techlon-carburetor-for-bajaj-discover-125-new-model","carburetor"
"techlon-carburetor-for-yamaha-fz-all-models-fz-s-fz-16-fz-r","carburetor"
"ucal-carburetor-for-bajaj-discover-150","carburetor"
"ucal-carburetor-for-bajaj-pulsar-220-all-digital-models","carburetor"
"ucal-carburetor-for-bajaj-pulsar-150-ug4-all-digital-models","carburetor"
"techlon-carburetor-for-honda-shine","carburetor"
"techlon-carburetor-for-hero-hunk","carburetor"
"techlon-carburetor-for-hero-super-splendor","carburetor"
"fuel-pump-assembly-for-yamaha-r15-v3","fuel-pump-assembly"
"fuel-pump-assembly-for-yamaha-r15-v2","fuel-pump-assembly"
"fuel-pump-assembly-for-yamaha-r15-v1","fuel-pump-assembly"
"fuel-pump-assembly-for-hero-karizma-zmr","fuel-pump-assembly"
"front-disc-brake-master-cylinder-assembly-for-hero-karizma","brakes"
"front-disc-brake-master-cylinder-assembly-for-yamaha-r15-v1-v2","brakes"
"front-disc-brake-master-cylinder-assembly-for-tvs-apache-rtr-160","brakes"
"front-disc-brake-master-cylinder-assembly-for-bajaj-pulsar-all-models","brakes"
"front-disc-brake-master-cylinder-assembly-for-yamaha-fz","brakes"
"front-disc-brake-master-cylinder-assembly-for-hero-cbz-xtreme","brakes"
"techlon-carburetor-for-hero-passion-plus","carburetor"
"mukut-front-brake-disc-caliper-for-yamaha-ray","brake-disc"
"mukut-front-brake-disc-caliper-for-tvs-jupiter","brake-disc"
"mukut-front-brake-disc-caliper-for-yamaha-sz-r","brake-disc"
"mukut-front-brake-disc-caliper-for-suzuki-gixer","brake-disc"
"mukut-front-brake-disc-caliper-for-bajaj-pulsar-200-ns","brake-disc"
"mukut-front-brake-disc-caliper-for-yamaha-fz","brake-disc"
"mukut-front-brake-disc-caliper-for-honda-shine-new","brake-disc"
"mukut-front-brake-disc-caliper-for-yamaha-r15-v1","brake-disc"
"mukut-front-brake-disc-caliper-for-tvs-apache-rtr-160","brake-disc"
"mukut-front-brake-disc-caliper-for-hero-hunk","brake-disc"
"mukut-front-brake-disc-caliper-for-bajaj-pulsar-silver","brake-disc"
"front-brake-disc-caliper-for-bajaj-pulsar-black","brake-disc"
"front-brake-disc-plate-for-tvs-apache-rtr-160","brake-disc"
"rear-brake-disc-plate-for-tvs-apache-rtr-160","brake-disc"
"rear-brake-disc-plate-for-yamaha-r15-v1","brake-disc"
"front-brake-disc-plate-for-yamaha-r15-v2","brake-disc"
"front-brake-disc-plate-for-yamaha-r15-v1","brake-disc"
"front-brake-disc-plate-for-yamaha-sz-r","brake-disc"
"front-brake-disc-plate-for-yamaha-gladiator","brake-disc"
"front-brake-disc-plate-for-yamaha-fazer","brake-disc"
"front-brake-disc-plate-for-bajaj-pulsar-200-ns","brake-disc"
"rear-brake-disc-plate-for-bajaj-pulsar-180-200-220","brake-disc"
"front-brake-disc-plate-for-bajaj-pulsar-180","brake-disc"
"front-brake-disc-plate-for-bajaj-pulsar-150","brake-disc"
"front-brake-disc-plate-for-honda-shine","brake-disc"
"front-brake-disc-plate-for-hero-karizma","brake-disc"
"front-brake-disc-plate-for-suzuki-access","brake-disc"
"front-brake-disc-plate-for-yamaha-ray","brake-disc"
"endurance-rear-shock-absorber-for-bajaj-avenger-220","shock-absorber"
"endurance-rear-shock-absorber-for-bajaj-discover-125-st","shock-absorber"
"endurance-rear-shock-absorber-for-bajaj-platina","shock-absorber"
"endurance-rear-shock-absorber-for-bajaj-pulsar-200-ns","shock-absorber"
"endurance-rear-shock-absorber-for-yamaha-rx-100","shock-absorber"
"endurance-rear-shock-absorber-for-tvs-scooty-pep","shock-absorber"
"endurance-rear-shock-absorber-for-bajaj-vikrant-v15","shock-absorber"
"gabriel-rear-shock-absorber-for-tvs-apache-rtr-160","shock-absorber"
"endurance-rear-shock-absorber-for-honda-shine","shock-absorber"
"varroc-self-starter-motor-for-tvs-scooty-pep","starter-motor"
"varroc-self-starter-motor-for-honda-activa-het","starter-motor"
"varroc-self-starter-motor-for-suzuki-swish","starter-motor"
"varroc-self-starter-motor-for-hero-super-splendor","starter-motor"
"ninki-wheel-rim-black-silver-honda-aviator","wheel-rim"
"ninki-wheel-rim-black-tvs-scooty-streak","wheel-rim"
"ninki-wheel-rim-black-tvs-scooty-pep","wheel-rim"
"ninki-wheel-rim-black-yamaha-ray","wheel-rim"
"ninki-wheel-rim-black-honda-activa","wheel-rim"
"ninki-wheel-rim-blackhonda-dio","wheel-rim"
"ninki-wheel-rim-silver-tvs-scooty-streak","wheel-rim"
"ninki-wheel-rim-silver-tvs-scooty-pep","wheel-rim"
"ninki-wheel-rim-silver-suzuki-access","wheel-rim"
"ninki-wheel-rim-silver-yamaha-ray","wheel-rim"
"ninki-wheel-rim-silver-hero-maestro","wheel-rim"
"ninki-wheel-rim-silver-honda-activa","wheel-rim"
"dexo-piston-cylinder-kit-for-honda-activa-125","piston-kit"
"dexo-piston-cylinder-kit-for-bajaj-discover-125-st","piston-kit"
"dexo-piston-cylinder-kit-for-bajaj-caliber","piston-kit"
"dexo-piston-cylinder-kit-for-bajaj-platina-125","piston-kit"
"dexo-piston-cylinder-kit-for-mahindra-rodeo","piston-kit"
"dexo-piston-cylinder-kit-for-tvs-scooty-pep-plus","piston-kit"
"dexo-piston-cylinder-kit-for-yamaha-r15","piston-kit"
"copy-of-dexo-piston-cylinder-kit-for-yamaha-ray","piston-kit"
"dexo-piston-cylinder-kit-for-yamaha-fz","piston-kit"
"dexo-piston-cylinder-kit-for-yamaha-gladiator","piston-kit"
"dexo-piston-cylinder-kit-for-tvs-apache-rtr-180","piston-kit"
"dexo-piston-cylinder-kit-for-tvs-apache-rtr-160","piston-kit"
"dexo-piston-cylinder-kit-for-suzuki-lets-1","piston-kit"
"dexo-piston-cylinder-kit-for-suzuki-access","piston-kit"
"dexo-piston-cylinder-kit-for-bajaj-discover-150","piston-kit"
"dexo-piston-cylinder-kit-for-bajaj-discover-125-n-m","piston-kit"
"dexo-piston-cylinder-kit-for-bajaj-discover-135","piston-kit"
"dexo-piston-cylinder-kit-for-bajaj-xcd-125","piston-kit"
"dexo-piston-cylinder-kit-for-bajaj-xcd-135","piston-kit"
"dexo-piston-cylinder-kit-for-bajaj-pulsar-135cc","piston-kit"
"dexo-piston-cylinder-kit-for-bajaj-pulsar-200-ns","piston-kit"
"dexo-piston-cylinder-kit-for-bajaj-pulsar-220","piston-kit"
"dexo-piston-cylinder-kit-for-bajaj-pulsar-ug4","piston-kit"
"goetze-piston-cylinder-kit-for-tvs-xl-super","piston-kit"
"goetze-piston-cylinder-kit-for-tvs-jupiter","piston-kit"
"goetze-piston-cylinder-kit-for-yamaha-crux","piston-kit"
"goetze-piston-cylinder-kit-for-bajaj-ct-100","piston-kit"
"goetze-piston-cylinder-kit-for-bajaj-discover-100","piston-kit"
"goetze-piston-cylinder-kit-for-honda-activa-3g","piston-kit"
"goetze-piston-cylinder-kit-for-honda-activa-110","piston-kit"
"goetze-piston-cylinder-kit-for-honda-activa-old","piston-kit"
"goetze-piston-cylinder-kit-for-honda-unicorn","piston-kit"
"goetze-piston-cylinder-kit-for-honda-shine","piston-kit"
"goetze-piston-cylinder-kit-for-hero-passion-pro","piston-kit"
"goetze-piston-cylinder-kit-for-hero-super-splendor","piston-kit"
"lumax-head-light-set-for-hero-passion-pro","head-light"
"lumax-head-light-set-for-hero-cbz-xtreme","head-light"
"lumax-head-light-set-for-hero-hunk","head-light"
"lumax-head-light-assembly-for-yamaha-fz16-old-model-with-bulb","head-light"
"lumax-head-light-set-for-yamaha-fz","head-light"
"minda-lock-set-for-honda-suzuki-swish","ignition-lock-set"
"minda-lock-set-for-honda-suzuki-access","ignition-lock-set"
"minda-lock-set-for-honda-yamaha-r15","ignition-lock-set"
"minda-lock-set-for-honda-yamaha-ray","ignition-lock-set"
"minda-lock-set-for-honda-unicorn-old-model","ignition-lock-set"
"minda-lock-set-for-honda-activa-125cc","ignition-lock-set"
"minda-lock-set-for-honda-activa-5g","ignition-lock-set"
"minda-lock-set-for-honda-hornet","ignition-lock-set"
"minda-lock-set-for-honda-dio-het","ignition-lock-set"
"minda-lock-set-for-honda-shine","ignition-lock-set"
"minda-lock-set-for-bajaj-xcd-135cc","ignition-lock-set"
"minda-lock-set-for-bajaj-pulsar-135cc","ignition-lock-set"
"copy-of-minda-lock-set-for-bajaj-pulsar-180","ignition-lock-set"
"minda-lock-set-for-bajaj-pulsar-150cc-4-pin","ignition-lock-set"
"minda-lock-set-for-bajaj-pulsar-150cc-2-pin","ignition-lock-set"
"minda-lock-set-for-hero-cbz-xtreme","ignition-lock-set"
"minda-lock-set-for-hero-hunk","ignition-lock-set"
"minda-lock-set-for-hero-passion-plus","ignition-lock-set"
"minda-lock-set-for-hero-passion-pro","ignition-lock-set"
"minda-lock-set-for-hero-splendor-plus","ignition-lock-set"
"minda-lock-set-for-tvs-jupiter","ignition-lock-set"
"minda-lock-set-for-tvs-apache-150-rtr-160-180","ignition-lock-set"
"minda-lock-set-for-tvs-wego","ignition-lock-set"
"rolon-chain-sprocket-kit-for-suzuki-motorcycles-1","chain-sprocket"
"gabriel-rear-shock-absorber-for-yamaha-r15","shock-absorber"